"#","Name","Pos","Team","Age","GP","G","A1","A2","P1","P","Sh","Sh%","G/GP","A1/GP","A2/GP","P1/GP","P/GP","Sh/GP","xG","xG/GP","eTOI","eTOI/GP","eG/60","eA1/60","eA2/60","eP1/60","eP/60","eSh/60","exG/60","QoT TOI","QoC TOI","QoT GF%","QoC GF%","GF%Rel","GF%","GF","GA","HD G","HD Sh","HD Sh%","MD G","MD Sh","MD Sh%","LD G","LD Sh","LD Sh%","FOW","FOT","FOW%"
"","Tye Felhaber","RW","OTT","20.113","55","38","16","9","54","63","174","21.84","0.69","0.29","0.16","0.98","1.15","3.16","18.45","0.34","895.88","16.29","2.54","1.07","0.6","3.62","4.22","11.65","1.24","14.92","14.16","70.04","48.89","8.02","71.84","74","29","8","20","40.0","9","25","36.0","21","129","16.28","18","39","46.15"
"","Justin Brazeau","RW","NB","20.616","55","34","17","4","51","55","191","17.8","0.62","0.31","0.07","0.93","1.0","3.47","23.0","0.42","970.89","17.65","2.1","1.05","0.25","3.15","3.4","11.8","1.42","14.85","14.18","49.45","49.7","21.62","57.38","70","52","8","39","20.51","10","32","31.25","16","120","13.33","19","45","42.22"
"","Morgan Frost","C","SSM","19.341","48","21","25","10","46","56","119","17.65","0.44","0.52","0.21","0.96","1.17","2.48","12.93","0.27","712.81","14.85","1.77","2.1","0.84","3.87","4.71","10.02","1.09","14.79","14.19","56.08","52.42","5.98","58.24","53","38","4","14","28.57","1","14","7.14","16","91","17.58","382","722","52.91"
"","Kevin Hancock","C","LDN/OS","20.54","57","26","17","10","43","53","179","14.53","0.46","0.3","0.18","0.75","0.93","3.14","14.13","0.25","946.58","16.61","1.65","1.08","0.63","2.73","3.36","11.35","0.9","15.16","14.35","53.12","51.75","4.5","53.6","67","58","8","17","47.06","5","20","25.0","13","142","9.15","409","736","55.57"
"","Akil Thomas","C","NIAG","18.703","50","22","19","8","41","49","97","22.68","0.44","0.38","0.16","0.82","0.98","1.94","12.34","0.25","768.39","15.37","1.72","1.48","0.62","3.2","3.83","7.57","0.96","14.62","14.06","60.29","49.51","13.84","69.31","70","31","10","25","40.0","3","21","14.29","9","51","17.65","313","587","53.32"
"","Lucas Chiodo","LW","BAR/OTT","19.874","56","21","19","7","40","47","104","20.19","0.38","0.34","0.12","0.71","0.84","1.86","14.09","0.25","752.12","13.43","1.68","1.52","0.56","3.19","3.75","8.3","1.12","14.8","14.07","57.77","50.31","14.06","67.86","57","27","7","18","38.89","3","19","15.79","11","67","16.42","0","3","0.0"
"","Ben Jones","C","NIAG","19.551","55","16","24","7","40","47","118","13.56","0.29","0.44","0.13","0.73","0.85","2.15","12.6","0.23","725.45","13.19","1.32","1.98","0.58","3.31","3.89","9.76","1.04","14.8","14.34","59.79","49.13","7.36","66.25","53","27","5","22","22.73","2","16","12.5","9","80","11.25","381","740","51.49"
"","Austen Keating","C","OTT","19.527","55","14","25","17","39","56","87","16.09","0.25","0.45","0.31","0.71","1.02","1.58","11.34","0.21","793.64","14.43","1.06","1.89","1.29","2.95","4.23","6.58","0.86","15.39","14.19","70.02","48.97","13.91","75.79","72","23","4","19","21.05","4","19","21.05","6","49","12.24","93","185","50.27"
"","Alan Lyszczarczyk","LW","MISS/OS","20.575","52","21","18","9","39","48","175","12.0","0.4","0.35","0.17","0.75","0.92","3.37","18.33","0.35","901.92","17.34","1.4","1.2","0.6","2.59","3.19","11.64","1.22","15.28","13.94","49.08","49.45","17.27","54.31","63","53","3","31","9.68","3","26","11.54","15","118","12.71","6","11","54.55"
"","Arthur Kaliyev","RW","HAM","17.221","56","25","14","7","39","46","152","16.45","0.45","0.25","0.12","0.7","0.82","2.71","19.85","0.35","898.53","16.05","1.67","0.93","0.47","2.6","3.07","10.15","1.33","14.67","14.24","44.64","49.61","15.64","52.68","59","53","7","21","33.33","4","23","17.39","14","108","12.96","0","1","0.0"
"","Jason Robertson","RW","KGN/NIAG","19.152","49","20","19","3","39","42","150","13.33","0.41","0.39","0.06","0.8","0.86","3.06","17.54","0.36","751.02","15.33","1.6","1.52","0.24","3.12","3.36","11.98","1.4","14.71","14.46","48.5","51.04","26.87","68.35","54","25","5","24","20.83","3","26","11.54","12","100","12.0","1","4","25.0"
"","Connor McMichael","C","LDN","17.665","54","20","18","2","38","40","126","15.87","0.37","0.33","0.04","0.7","0.74","2.33","14.0","0.26","762.02","14.11","1.57","1.42","0.16","2.99","3.15","9.92","1.1","14.41","13.91","60.9","46.69","4.62","63.44","59","34","11","26","42.31","3","23","13.04","6","77","7.79","230","419","54.89"
"","Anthony Salinitri","LW","OSH/SAR","20.532","57","27","10","8","37","45","158","17.09","0.47","0.18","0.14","0.65","0.79","2.77","19.52","0.34","815.31","14.3","1.99","0.74","0.59","2.72","3.31","11.63","1.44","14.51","14.21","51.66","49.26","2.62","52.38","55","50","5","29","17.24","8","33","24.24","14","96","14.58","96","189","50.79"
"","Ethan Keppen","LW","FLNT","17.49","58","20","17","3","37","40","140","14.29","0.34","0.29","0.05","0.64","0.69","2.41","13.73","0.24","838.61","14.46","1.43","1.22","0.21","2.65","2.86","10.02","0.98","14.64","14.08","42.55","51.29","11.85","48.62","53","56","6","25","24.0","4","19","21.05","10","96","10.42","0","3","0.0"
"","Nate Schnarr","RW","GUE","19.554","52","17","19","11","36","47","99","17.17","0.33","0.37","0.21","0.69","0.9","1.9","12.31","0.24","756.97","14.56","1.35","1.51","0.87","2.85","3.73","7.85","0.98","14.99","14.17","54.92","49.5","15.19","63.81","67","38","6","23","26.09","4","20","20.0","7","56","12.5","254","485","52.37"
"","Philip Tomasino","C","NIAG","17.134","54","23","13","9","36","45","130","17.69","0.43","0.24","0.17","0.67","0.83","2.41","13.47","0.25","753.8","13.96","1.83","1.03","0.72","2.87","3.58","10.35","1.07","14.58","14.12","58.58","49.56","9.2","67.44","58","28","8","25","32.0","6","30","20.0","9","75","12.0","128","248","51.61"
"","Kyle Maksimovich","LW","ER/OTT","20.518","56","20","15","16","35","51","110","18.18","0.36","0.27","0.29","0.62","0.91","1.96","12.69","0.23","851.82","15.21","1.41","1.06","1.13","2.47","3.59","7.75","0.89","14.85","14.17","50.98","50.51","5.95","58.41","66","47","3","17","17.65","8","23","34.78","9","70","12.86","16","61","26.23"
"","Liam Hawel","C","GUE","19.412","53","21","14","11","35","46","94","22.34","0.4","0.26","0.21","0.66","0.87","1.77","10.84","0.2","715.51","13.5","1.76","1.17","0.92","2.93","3.86","7.88","0.91","15.01","14.03","54.45","48.09","15.68","64.13","59","33","4","24","16.67","5","14","35.71","12","56","21.43","152","288","52.78"
"","Brett Neumann","C","KGN/OSH","19.582","57","24","11","6","35","41","172","13.95","0.42","0.19","0.11","0.61","0.72","3.02","15.85","0.28","879.79","15.43","1.64","0.75","0.41","2.39","2.8","11.73","1.08","14.32","14.18","42.01","50.44","16.97","52.53","52","47","6","15","40.0","5","32","15.62","13","125","10.4","417","741","56.28"
"","Ty Dellandrea","C","FLNT","18.152","50","17","18","5","35","40","100","17.0","0.34","0.36","0.1","0.7","0.8","2.0","11.41","0.23","813.12","16.26","1.25","1.33","0.37","2.58","2.95","7.38","0.84","14.89","14.39","41.89","51.98","5.43","45.31","58","70","7","14","50.0","4","19","21.05","6","67","8.96","479","836","57.3"
"","Keeghan Howdeshell","LW","SSM","20.556","55","25","10","4","35","39","141","17.73","0.45","0.18","0.07","0.64","0.71","2.56","15.53","0.28","783.12","14.24","1.92","0.77","0.31","2.68","2.99","10.8","1.19","14.82","14.29","55.94","52.6","10.59","61.96","57","35","3","21","14.29","7","25","28.0","15","95","15.79","16","40","40.0"
"","Hugo Leufvenius","LW","SAR","19.475","56","20","14","5","34","39","150","13.33","0.36","0.25","0.09","0.61","0.7","2.68","15.53","0.28","820.84","14.66","1.46","1.02","0.37","2.49","2.85","10.96","1.14","14.24","14.39","47.51","50.48","6.77","50.89","57","55","3","18","16.67","4","26","15.38","13","106","12.26","10","27","37.04"
"","Jake Durham","RW","FLNT","19.442","58","23","10","7","33","40","108","21.3","0.4","0.17","0.12","0.57","0.69","1.86","11.31","0.2","818.74","14.12","1.69","0.73","0.51","2.42","2.93","7.91","0.83","15.17","14.15","41.77","51.15","6.59","45.05","50","61","7","16","43.75","6","30","20.0","10","62","16.13","24","62","38.71"
"","Adam Ruzicka","C","SAR/SBY","19.349","52","22","11","5","33","38","132","16.67","0.42","0.21","0.1","0.63","0.73","2.54","13.68","0.26","757.9","14.58","1.74","0.87","0.4","2.61","3.01","10.45","1.08","13.91","14.13","50.95","49.28","0.1","52.73","58","52","6","16","37.5","4","28","14.29","12","88","13.64","443","758","58.44"
"","Matthew Struthers","C","NB","18.722","48","14","18","9","32","41","103","13.59","0.29","0.38","0.19","0.67","0.85","2.15","11.19","0.23","749.41","15.61","1.12","1.44","0.72","2.56","3.28","8.25","0.9","15.49","14.14","50.92","49.24","18.2","58.06","54","39","4","15","26.67","6","19","31.58","4","69","5.8","350","815","42.94"
"","Isaac Ratcliffe","LW","GUE","19.582","52","22","10","8","32","40","126","17.46","0.42","0.19","0.15","0.62","0.77","2.42","14.16","0.27","767.47","14.76","1.72","0.78","0.63","2.5","3.13","9.85","1.11","15.18","14.41","54.02","50.34","8.7","59.8","61","41","6","23","26.09","8","23","34.78","8","80","10.0","1","4","25.0"
"","Cole Coskey","RW","SAG","19.291","51","20","12","6","32","38","98","20.41","0.39","0.24","0.12","0.63","0.75","1.92","10.9","0.21","703.27","13.79","1.71","1.02","0.51","2.73","3.24","8.36","0.93","14.76","14.14","55.89","50.63","-0.74","55.17","48","39","4","17","23.53","7","13","53.85","9","68","13.24","90","186","48.39"
"","Cole Carter","RW","MISS","20.195","52","20","12","6","32","38","146","13.7","0.38","0.23","0.12","0.62","0.73","2.81","17.3","0.33","824.73","15.86","1.46","0.87","0.44","2.33","2.76","10.62","1.26","14.99","13.9","47.59","51.14","3.69","50.0","51","51","7","32","21.88","2","23","8.7","11","91","12.09","21","47","44.68"
"","Riley Damiani","C","KIT","18.489","45","15","17","6","32","38","116","12.93","0.33","0.38","0.13","0.71","0.84","2.58","12.06","0.27","658.4","14.63","1.37","1.55","0.55","2.92","3.46","10.57","1.1","14.86","14.37","46.38","51.36","27.04","64.29","45","25","3","17","17.65","8","23","34.78","4","76","5.26","224","506","44.27"
"","Allan McShane","LW","OSH","18.585","51","17","15","4","32","36","112","15.18","0.33","0.29","0.08","0.63","0.71","2.2","12.39","0.24","680.58","13.34","1.5","1.32","0.35","2.82","3.17","9.87","1.09","14.5","14.29","53.17","48.18","13.08","64.0","48","27","4","13","30.77","8","23","34.78","5","76","6.58","287","510","56.27"
"","Nathan Dunkley","LW","LDN","18.53","55","18","13","12","31","43","111","16.22","0.33","0.24","0.22","0.56","0.78","2.02","16.82","0.31","786.11","14.29","1.37","0.99","0.92","2.37","3.28","8.47","1.28","14.31","13.97","60.38","47.59","10.97","67.65","69","33","8","33","24.24","4","25","16.0","6","53","11.32","117","213","54.93"
"","Serron Noel","RW","OSH","18.103","57","17","14","10","31","41","96","17.71","0.3","0.25","0.18","0.54","0.72","1.68","12.6","0.22","834.45","14.64","1.22","1.01","0.72","2.23","2.95","6.9","0.91","14.31","14.45","54.79","49.11","0.04","55.66","59","47","6","21","28.57","5","22","22.73","6","53","11.32","0","8","0.0"
"","Sasha Chmelevski","C","OTT","19.269","43","15","16","5","31","36","118","12.71","0.35","0.37","0.12","0.72","0.84","2.74","12.42","0.29","636.11","14.79","1.41","1.51","0.47","2.92","3.4","11.13","1.17","14.62","14.04","65.97","47.74","-7.0","63.77","44","25","2","18","11.11","3","20","15.0","10","80","12.5","339","552","61.41"
"","Rickard Hugg","C","KIT","19.658","49","21","9","11","30","41","108","19.44","0.43","0.18","0.22","0.61","0.84","2.2","9.82","0.2","717.7","14.65","1.76","0.75","0.92","2.51","3.43","9.03","0.82","15.1","14.59","47.6","51.2","23.53","58.82","50","35","1","13","7.69","7","24","29.17","13","71","18.31","86","173","49.71"
"","Marco Rossi","C","OTT","16.978","42","18","12","10","30","40","108","16.67","0.43","0.29","0.24","0.71","0.95","2.57","10.29","0.24","611.13","14.55","1.77","1.18","0.98","2.95","3.93","10.6","1.01","15.51","14.08","69.35","48.97","25.14","83.08","54","11","3","18","16.67","3","20","15.0","12","70","17.14","272","503","54.08"
"","Franco Sproviero","C","SAR","20.113","54","14","16","10","30","40","96","14.58","0.26","0.3","0.19","0.56","0.74","1.78","9.05","0.17","705.72","13.07","1.19","1.36","0.85","2.55","3.4","8.16","0.77","14.04","13.82","47.17","49.65","6.25","50.0","47","47","3","16","18.75","3","18","16.67","8","62","12.9","260","508","51.18"
"","Liam Foudy","C","LDN","18.612","49","22","8","8","30","38","107","20.56","0.45","0.16","0.16","0.61","0.78","2.18","13.07","0.27","638.42","13.03","2.07","0.75","0.75","2.82","3.57","10.06","1.23","14.86","14.42","60.41","49.88","12.26","69.33","52","23","6","23","26.09","7","21","33.33","9","63","14.29","78","145","53.79"
"","Curtis Douglas","C","WSR","18.527","56","16","14","4","30","34","148","10.81","0.29","0.25","0.07","0.54","0.61","2.64","16.26","0.29","835.11","14.91","1.15","1.01","0.29","2.16","2.44","10.63","1.17","13.99","13.83","50.3","50.97","12.13","57.89","55","40","4","28","14.29","4","37","10.81","8","83","9.64","69","144","47.92"
"","Cole Tymkin","RW","LDN","19.447","50","15","14","8","29","37","67","22.39","0.3","0.28","0.16","0.58","0.74","1.34","7.77","0.16","636.44","12.73","1.41","1.32","0.75","2.73","3.49","6.32","0.73","14.15","14.35","59.79","48.78","5.82","65.82","52","27","7","15","46.67","5","18","27.78","3","34","8.82","0","0","0.0"
"","DJ Busdeker","RW","SAG","18.974","53","13","16","7","29","36","113","11.5","0.25","0.3","0.13","0.55","0.68","2.13","13.2","0.25","669.0","12.62","1.17","1.43","0.63","2.6","3.23","10.13","1.18","14.24","13.97","56.13","50.07","3.03","58.9","43","30","0","16","0.0","4","24","16.67","9","73","12.33","52","113","46.02"
"","Cole Perfetti","C","SAG","16.704","50","18","11","7","29","36","102","17.65","0.36","0.22","0.14","0.58","0.72","2.04","10.66","0.21","675.33","13.51","1.6","0.98","0.62","2.58","3.2","9.06","0.95","14.86","14.13","55.38","48.86","7.18","62.5","50","30","5","14","35.71","4","22","18.18","9","66","13.64","16","29","55.17"
"","Brandon Saigeon","C","HAM/OSH","20.255","57","15","14","7","29","36","107","14.02","0.26","0.25","0.12","0.51","0.63","1.88","9.03","0.16","843.66","14.8","1.07","1.0","0.5","2.06","2.56","7.61","0.64","15.01","14.27","48.31","50.67","1.19","47.66","51","56","5","11","45.45","3","10","30.0","7","86","8.14","369","797","46.3"
"","Jonathan Yantsis","RW","KIT","19.384","55","21","8","5","29","34","132","15.91","0.38","0.15","0.09","0.53","0.62","2.4","15.11","0.27","787.78","14.32","1.6","0.61","0.38","2.21","2.59","10.05","1.15","14.68","14.21","45.2","50.7","11.71","52.33","45","41","11","37","29.73","5","23","21.74","5","72","6.94","3","10","30.0"
"","Nando Eggenberger","LW","OSH","18.941","48","18","11","4","29","33","83","21.69","0.38","0.23","0.08","0.6","0.69","1.73","9.57","0.2","607.89","12.66","1.78","1.09","0.39","2.86","3.26","8.19","0.94","14.33","14.13","54.04","49.05","5.22","60.0","39","26","6","20","30.0","3","16","18.75","9","47","19.15","11","17","64.71"
"","Greg Meireles","RW","KIT","19.705","55","17","11","9","28","37","117","14.53","0.31","0.2","0.16","0.51","0.67","2.13","12.45","0.23","800.1","14.55","1.27","0.82","0.67","2.1","2.77","8.77","0.93","14.83","14.41","46.17","50.23","10.23","51.09","47","45","6","21","28.57","4","18","22.22","7","78","8.97","351","655","53.59"
"","Kirill Maksimov","RW","NIAG","19.291","52","18","10","6","28","34","121","14.88","0.35","0.19","0.12","0.54","0.65","2.33","11.99","0.23","691.27","13.29","1.56","0.87","0.52","2.43","2.95","10.5","1.04","14.93","14.3","60.12","49.14","2.12","64.47","49","27","1","15","6.67","4","15","26.67","13","91","14.29","1","2","50.0"
"","Gera Poddubnyi","C","ER","19.269","56","14","14","5","28","33","125","11.2","0.25","0.25","0.09","0.5","0.59","2.23","12.07","0.22","770.03","13.75","1.09","1.09","0.39","2.18","2.57","9.74","0.94","14.7","14.19","45.39","50.52","6.05","49.43","43","44","4","18","22.22","4","20","20.0","6","87","6.9","66","151","43.71"
"","Jacob Perreault","RW","SAR","16.419","52","20","7","9","27","36","94","21.28","0.38","0.13","0.17","0.52","0.69","1.81","7.4","0.14","685.27","13.18","1.75","0.61","0.79","2.36","3.15","8.23","0.65","14.59","14.19","48.24","50.24","10.29","53.85","49","42","6","15","40.0","1","12","8.33","13","67","19.4","3","9","33.33"
"","Eric Uba","RW","FLNT","17.744","57","15","12","8","27","35","121","12.4","0.26","0.21","0.14","0.47","0.61","2.12","7.76","0.14","740.2","12.99","1.22","0.97","0.65","2.19","2.84","9.81","0.63","14.82","14.16","41.6","52.17","14.89","51.14","45","43","1","7","14.29","3","12","25.0","11","102","10.78","40","92","43.48"
"","Matthew Strome","LW","HAM","19.691","57","17","10","7","27","34","116","14.66","0.3","0.18","0.12","0.47","0.6","2.04","13.74","0.24","853.09","14.97","1.2","0.7","0.49","1.9","2.39","8.16","0.97","15.21","14.27","46.43","49.75","6.23","47.17","50","56","4","23","17.39","6","20","30.0","7","73","9.59","89","187","47.59"
"","David Levin","LW","SBY","18.998","43","16","11","7","27","34","114","14.04","0.37","0.26","0.16","0.63","0.79","2.65","9.75","0.23","595.61","13.85","1.61","1.11","0.71","2.72","3.43","11.48","0.98","13.65","14.35","57.17","51.1","11.61","63.49","40","23","2","8","25.0","5","23","21.74","9","83","10.84","166","297","55.89"
"","Owen Tippett","RW","SAG/MISS","19.579","41","22","5","7","27","34","158","13.92","0.54","0.12","0.17","0.66","0.83","3.85","17.11","0.42","650.47","15.87","2.03","0.46","0.65","2.49","3.14","14.57","1.58","14.75","14.22","51.51","48.7","12.37","60.81","45","29","4","19","21.05","5","26","19.23","13","113","11.5","40","72","55.56"
"","Jason Willms","C","BAR","19.601","55","11","16","2","27","29","121","9.09","0.2","0.29","0.04","0.49","0.53","2.2","13.69","0.25","754.88","13.73","0.87","1.27","0.16","2.15","2.31","9.62","1.09","14.1","14.01","51.43","50.39","-3.45","49.35","38","39","3","23","13.04","3","19","15.79","5","79","6.33","479","815","58.77"
"","Joseph Garreffa","RW","KIT","19.102","55","16","10","7","26","33","136","11.76","0.29","0.18","0.13","0.47","0.6","2.47","11.24","0.2","857.82","15.6","1.12","0.7","0.49","1.82","2.31","9.51","0.79","14.36","14.28","44.52","51.67","4.45","47.06","48","54","7","19","36.84","3","14","21.43","6","103","5.83","58","112","51.79"
"","Blade Jenkins","LW","SAG","18.095","54","14","12","7","26","33","102","13.73","0.26","0.22","0.13","0.48","0.61","1.89","12.13","0.22","743.98","13.78","1.13","0.97","0.56","2.1","2.66","8.23","0.98","14.61","14.13","56.34","49.63","1.77","56.99","53","40","2","22","9.09","6","17","35.29","6","63","9.52","140","283","49.47"
"","Cole Purboo","RW","WSR","19.245","57","18","8","5","26","31","123","14.63","0.32","0.14","0.09","0.46","0.54","2.16","15.06","0.26","760.18","13.34","1.42","0.63","0.39","2.05","2.45","9.71","1.19","14.19","14.04","48.65","52.46","-8.56","43.75","35","45","10","34","29.41","1","10","10.0","7","79","8.86","1","2","50.0"
"","Nolan Hutcheson","LW","SBY","18.221","53","15","11","3","26","29","109","13.76","0.28","0.21","0.06","0.49","0.55","2.06","10.33","0.19","610.15","11.51","1.48","1.08","0.3","2.56","2.85","10.72","1.02","13.26","14.17","56.64","50.7","1.41","58.33","35","25","5","19","26.32","3","23","13.04","7","67","10.45","5","14","35.71"
"","Nick Suzuki","C","GUE/OS","19.1","46","16","9","11","25","36","142","11.27","0.35","0.2","0.24","0.54","0.78","3.09","14.4","0.31","667.34","14.51","1.44","0.81","0.99","2.25","3.24","12.77","1.29","15.85","14.41","50.9","52.48","10.1","61.04","47","30","1","13","7.69","4","24","16.67","11","105","10.48","245","460","53.26"
"","Albert Michnac","LW","SAG","19.91","55","12","13","10","25","35","103","11.65","0.22","0.24","0.18","0.45","0.64","1.87","9.22","0.17","720.73","13.1","1.0","1.08","0.83","2.08","2.91","8.57","0.77","14.63","14.06","55.22","49.65","6.01","60.0","51","34","2","6","33.33","4","12","33.33","6","85","7.06","26","51","50.98"
"","Damien Giroux","C","SAG","18.536","54","18","7","6","25","31","78","23.08","0.33","0.13","0.11","0.46","0.57","1.44","10.08","0.19","648.39","12.01","1.67","0.65","0.56","2.31","2.87","7.22","0.93","14.81","14.01","55.04","49.67","10.47","63.89","46","26","5","19","26.32","6","23","26.09","7","36","19.44","247","520","47.5"
"","Maksim Sushko","LW","OS","19.595","52","12","13","5","25","30","93","12.9","0.23","0.25","0.1","0.48","0.58","1.79","9.82","0.19","683.86","13.15","1.05","1.14","0.44","2.19","2.63","8.16","0.86","14.71","14.25","46.84","50.97","2.75","45.45","35","42","3","7","42.86","4","18","22.22","5","68","7.35","1","2","50.0"
"","Keegan Stevenson","RW","GUE","17.706","52","15","10","3","25","28","74","20.27","0.29","0.19","0.06","0.48","0.54","1.42","9.67","0.19","611.08","11.75","1.47","0.98","0.29","2.45","2.75","7.27","0.95","15.08","14.01","56.26","49.68","8.14","62.86","44","26","6","21","28.57","4","18","22.22","5","35","14.29","2","3","66.67"
"","Ryan McGregor","C","SAR","19.628","51","9","15","13","24","37","86","10.47","0.18","0.29","0.25","0.47","0.73","1.69","8.75","0.17","656.51","12.87","0.82","1.37","1.19","2.19","3.38","7.86","0.8","14.76","14.49","48.01","50.85","6.92","52.81","47","42","2","8","25.0","1","14","7.14","6","64","9.38","400","723","55.33"
"","Ryan Suzuki","C","BAR","17.301","52","10","14","11","24","35","80","12.5","0.19","0.27","0.21","0.46","0.67","1.54","8.49","0.16","760.08","14.62","0.79","1.11","0.87","1.89","2.76","6.32","0.67","14.44","14.2","54.7","51.21","13.64","59.09","52","36","2","10","20.0","1","17","5.88","7","53","13.21","317","688","46.08"
"","Blake Murray","C","SBY","17.197","54","20","4","8","24","32","106","18.87","0.37","0.07","0.15","0.44","0.59","1.96","12.29","0.23","707.68","13.11","1.7","0.34","0.68","2.03","2.71","8.99","1.04","13.44","14.25","58.14","51.82","1.04","58.02","47","34","6","17","35.29","5","18","27.78","9","71","12.68","235","437","53.78"
"","Brad Chenier","LW","NB","19.653","51","18","6","6","24","30","137","13.14","0.35","0.12","0.12","0.47","0.59","2.69","13.42","0.26","739.52","14.5","1.46","0.49","0.49","1.95","2.43","11.12","1.09","14.84","14.0","45.91","50.84","6.09","48.78","40","42","7","21","33.33","3","21","14.29","8","95","8.42","6","17","35.29"
"","Adam McMaster","C","NB/OS","18.558","57","9","15","6","24","30","88","10.23","0.16","0.26","0.11","0.42","0.53","1.54","6.64","0.12","764.16","13.41","0.71","1.18","0.47","1.88","2.36","6.91","0.52","14.85","14.17","46.25","49.32","5.13","43.48","40","52","0","6","0.0","1","13","7.69","8","69","11.59","175","422","41.47"
"","MacKenzie Entwistle","RW","GUE/HAM","19.174","44","14","10","6","24","30","91","15.38","0.32","0.23","0.14","0.55","0.68","2.07","9.72","0.22","661.94","15.04","1.27","0.91","0.54","2.18","2.72","8.25","0.88","15.18","14.32","48.67","51.57","2.73","51.19","43","41","2","18","11.11","3","16","18.75","9","57","15.79","185","359","51.53"
"","Adam Timleck","RW","PBO","20.551","52","15","9","5","24","29","105","14.29","0.29","0.17","0.1","0.46","0.56","2.02","10.02","0.19","762.7","14.67","1.18","0.71","0.39","1.89","2.28","8.26","0.79","14.42","13.98","48.06","49.23","1.97","49.47","47","48","3","12","25.0","5","20","25.0","7","73","9.59","4","7","57.14"
"","Ryan McLeod","C","SAG/MISS","18.985","50","9","14","7","23","30","88","10.23","0.18","0.28","0.14","0.46","0.6","1.76","8.19","0.16","696.85","13.94","0.77","1.21","0.6","1.98","2.58","7.58","0.71","15.14","14.1","50.71","51.13","-9.99","44.44","36","45","2","9","22.22","2","10","20.0","5","69","7.25","377","758","49.74"
"","Ryan Roth","RW","SSM","18.155","55","15","8","5","23","28","73","20.55","0.27","0.15","0.09","0.42","0.51","1.33","8.22","0.15","677.99","12.33","1.33","0.71","0.44","2.04","2.48","6.46","0.73","14.76","14.28","55.03","51.2","2.88","56.96","45","34","3","17","17.65","2","12","16.67","10","44","22.73","8","15","53.33"
"","Will Cuylle","LW","WSR","16.373","52","19","4","3","23","26","128","14.84","0.37","0.08","0.06","0.44","0.5","2.46","11.61","0.22","695.32","13.37","1.64","0.35","0.26","1.98","2.24","11.05","1.0","14.37","14.03","50.72","50.81","14.81","58.9","43","30","7","22","31.82","2","21","9.52","10","85","11.76","22","47","46.81"
"","Chad Yetman","RW","ER","18.574","56","10","13","2","23","25","99","10.1","0.18","0.23","0.04","0.41","0.45","1.77","10.76","0.19","740.76","13.23","0.81","1.05","0.16","1.86","2.02","8.02","0.87","14.88","14.18","46.58","51.5","1.08","45.88","39","46","5","19","26.32","2","24","8.33","3","56","5.36","229","554","41.34"
"","Christopher Paquette","C","PBO","20.471","55","13","10","1","23","24","115","11.3","0.24","0.18","0.02","0.42","0.44","2.09","8.78","0.16","714.98","13.0","1.09","0.84","0.08","1.93","2.01","9.65","0.74","14.57","14.1","49.18","50.24","-7.14","42.86","33","44","5","8","62.5","2","21","9.52","6","86","6.98","518","867","59.75"
"","Liam Kirk","LW","PBO","18.7","50","16","7","1","23","24","118","13.56","0.32","0.14","0.02","0.46","0.48","2.36","10.05","0.2","640.72","12.81","1.5","0.66","0.09","2.15","2.25","11.05","0.94","14.19","14.27","47.77","48.31","3.81","52.38","33","30","4","16","25.0","3","18","16.67","9","84","10.71","5","15","33.33"
"","Jack Studnicka","C","NIAG/OSH","19.573","47","11","11","10","22","32","101","10.89","0.23","0.23","0.21","0.47","0.68","2.15","9.44","0.2","642.59","13.67","1.03","1.03","0.93","2.05","2.99","9.43","0.88","14.51","14.46","57.06","49.13","-7.7","54.17","39","33","3","14","21.43","1","13","7.69","7","74","9.46","358","681","52.57"
"","Barrett Hayton","C","SSM","18.267","36","10","12","10","22","32","81","12.35","0.28","0.33","0.28","0.61","0.89","2.25","8.95","0.25","489.95","13.61","1.22","1.47","1.22","2.69","3.92","9.92","1.1","14.86","14.41","55.5","50.72","0.97","55.17","32","26","1","13","7.69","2","12","16.67","7","56","12.5","242","437","55.38"
"","Shane Bulitka","C","SBY","19.187","55","10","12","9","22","31","52","19.23","0.18","0.22","0.16","0.4","0.56","0.95","4.77","0.09","633.09","11.51","0.95","1.14","0.85","2.09","2.94","4.93","0.45","13.79","14.15","57.32","50.11","21.74","73.61","53","19","3","8","37.5","0","8","0.0","7","36","19.44","133","254","52.36"
"","Quinton Byfield","C","SBY","16.074","51","14","8","9","22","31","98","14.29","0.27","0.16","0.18","0.43","0.61","1.92","8.07","0.16","679.92","13.33","1.24","0.71","0.79","1.94","2.74","8.65","0.71","13.47","14.36","57.22","51.27","1.85","58.02","47","34","3","15","20.0","4","18","22.22","7","65","10.77","180","346","52.02"
"","Daniel D'Amico","C","WSR","17.638","56","13","9","7","22","29","97","13.4","0.23","0.16","0.12","0.39","0.52","1.73","9.76","0.17","773.08","13.81","1.01","0.7","0.54","1.71","2.25","7.53","0.76","14.16","13.97","48.55","52.36","-9.68","43.33","39","51","3","13","23.08","3","22","13.64","7","62","11.29","22","48","45.83"
"","Cedric Ralph","LW","GUE","19.65","55","11","11","7","22","29","67","16.42","0.2","0.2","0.13","0.4","0.53","1.22","9.19","0.17","647.51","11.77","1.02","1.02","0.65","2.04","2.69","6.21","0.85","14.23","13.81","51.44","49.72","-5.21","50.65","39","38","2","15","13.33","4","18","22.22","5","34","14.71","48","88","54.55"
"","Barret Kirwin","C","GUE/OS","18.574","53","12","10","7","22","29","94","12.77","0.23","0.19","0.13","0.42","0.55","1.77","9.88","0.19","693.15","13.08","1.04","0.87","0.61","1.9","2.51","8.14","0.85","14.01","13.92","48.99","48.48","6.67","52.44","43","39","2","11","18.18","3","16","18.75","7","67","10.45","353","608","58.06"
"","Nick Robertson","C","PBO","17.011","41","13","9","6","22","28","98","13.27","0.32","0.22","0.15","0.54","0.68","2.39","6.52","0.16","575.03","14.03","1.36","0.94","0.63","2.3","2.92","10.23","0.68","14.59","13.82","47.51","47.82","4.45","52.24","35","32","3","4","75.0","1","12","8.33","9","82","10.98","7","21","33.33"
"","Owen Robinson","LW","SBY","18.519","48","7","15","6","22","28","65","10.77","0.15","0.31","0.12","0.46","0.58","1.35","6.74","0.14","582.41","12.13","0.72","1.55","0.62","2.27","2.88","6.7","0.69","13.85","14.27","58.72","50.01","1.21","59.7","40","27","3","12","25.0","2","11","18.18","2","42","4.76","3","8","37.5"
"","Danil Antropov","LW","OSH","17.736","55","9","13","5","22","27","73","12.33","0.16","0.24","0.09","0.4","0.49","1.33","9.14","0.17","674.36","12.26","0.8","1.16","0.44","1.96","2.4","6.5","0.81","14.39","13.98","53.51","47.47","-2.27","53.95","41","35","3","13","23.08","5","17","29.41","1","43","2.33","9","18","50.0"
"","Darian Pilon","LW","SBY","19.954","52","13","9","3","22","25","75","17.33","0.25","0.17","0.06","0.42","0.48","1.44","6.98","0.13","605.79","11.65","1.29","0.89","0.3","2.18","2.48","7.43","0.69","13.42","14.2","56.78","51.61","-1.05","56.25","36","28","3","9","33.33","1","8","12.5","9","58","15.52","31","69","44.93"
"","Macauley Carson","LW","SBY","19.513","51","9","13","3","22","25","98","9.18","0.18","0.25","0.06","0.43","0.49","1.92","12.84","0.25","644.12","12.63","0.84","1.21","0.28","2.05","2.33","9.13","1.2","13.49","14.36","57.53","52.05","-13.47","50.0","36","36","3","24","12.5","3","17","17.65","3","57","5.26","321","552","58.15"
"","Maxim Golod","LW","ER","18.076","49","14","8","2","22","24","104","13.46","0.29","0.16","0.04","0.45","0.49","2.12","10.89","0.22","698.57","14.26","1.2","0.69","0.17","1.89","2.06","8.93","0.94","14.88","14.06","46.51","51.02","1.07","47.06","40","45","4","14","28.57","3","20","15.0","7","70","10.0","0","4","0.0"
"","Eric Henderson","LW","HAM/OSH","20.397","56","9","12","9","21","30","106","8.49","0.16","0.21","0.16","0.38","0.54","1.89","10.0","0.18","680.38","12.15","0.79","1.06","0.79","1.85","2.65","9.35","0.88","13.98","13.92","51.5","48.56","-3.54","49.28","34","35","2","21","9.52","3","17","17.65","4","68","5.88","213","480","44.38"
"","Jean-Luc Foudy","C","WSR","16.343","52","5","16","8","21","29","78","6.41","0.1","0.31","0.15","0.4","0.56","1.5","7.83","0.15","684.17","13.16","0.44","1.4","0.7","1.84","2.54","6.84","0.69","14.35","13.97","51.95","50.98","0.71","48.75","39","41","1","11","9.09","1","17","5.88","3","50","6.0","71","194","36.6"
"","Kody Clark","RW","OTT","18.924","48","10","11","7","21","28","92","10.87","0.21","0.23","0.15","0.44","0.58","1.92","8.06","0.17","688.07","14.33","0.87","0.96","0.61","1.83","2.44","8.02","0.7","14.67","14.01","65.78","48.9","-5.19","63.16","48","28","3","12","25.0","0","12","0.0","7","68","10.29","9","19","47.37"
"","Antonio Stranges","LW","LDN","16.608","54","11","10","7","21","28","84","13.1","0.2","0.19","0.13","0.39","0.52","1.56","5.91","0.11","631.78","11.7","1.04","0.95","0.66","1.99","2.66","7.98","0.56","13.82","13.78","59.1","46.92","2.97","62.32","43","26","0","5","0.0","4","13","30.77","7","66","10.61","16","24","66.67"
"","Brayden Guy","LW","SAR","17.536","57","16","5","7","21","28","99","16.16","0.28","0.09","0.12","0.37","0.49","1.74","10.18","0.18","692.37","12.15","1.39","0.43","0.61","1.82","2.43","8.58","0.88","14.01","13.8","47.08","49.25","-0.11","45.88","39","46","4","16","25.0","5","21","23.81","7","62","11.29","3","8","37.5"
"","Matvey Guskov","C","LDN","17.624","46","11","10","6","21","27","86","12.79","0.24","0.22","0.13","0.46","0.59","1.87","8.74","0.19","585.89","12.74","1.13","1.02","0.61","2.15","2.77","8.81","0.89","14.5","13.95","60.86","48.18","0.61","60.61","40","26","4","15","26.67","2","22","9.09","5","49","10.2","9","23","39.13"
"","Aidan Dudas","C","OS","18.251","56","14","7","5","21","26","123","11.38","0.25","0.12","0.09","0.38","0.46","2.2","12.22","0.22","810.09","14.47","1.04","0.52","0.37","1.56","1.93","9.11","0.91","15.0","14.18","45.44","51.54","-1.68","43.62","41","53","3","14","21.43","0","21","0.0","11","88","12.5","272","554","49.1"
"","Nick McHugh","LW","KIT/MISS","19.587","44","9","12","5","21","26","75","12.0","0.2","0.27","0.11","0.48","0.59","1.7","6.92","0.16","566.53","12.88","0.95","1.27","0.53","2.22","2.75","7.94","0.73","14.72","14.48","45.79","50.81","5.49","50.88","29","28","3","11","27.27","2","13","15.38","4","51","7.84","17","31","54.84"
"","Billy Moskal","C","LDN","18.484","55","9","12","4","21","25","76","11.84","0.16","0.22","0.07","0.38","0.45","1.38","7.8","0.14","624.5","11.35","0.86","1.15","0.38","2.02","2.4","7.3","0.75","13.88","14.31","60.02","49.32","-3.05","58.21","39","28","3","16","18.75","2","14","14.29","4","46","8.7","477","763","62.52"
"","Kyen Sopa","RW","NIAG","17.958","46","14","7","4","21","25","62","22.58","0.3","0.15","0.09","0.46","0.54","1.35","6.04","0.13","526.73","11.45","1.59","0.8","0.46","2.39","2.85","7.06","0.69","14.58","14.03","59.9","47.75","-1.0","61.11","33","21","3","12","25.0","3","13","23.08","8","37","21.62","7","14","50.0"
"","Tyler Tullio","RW","OSH","16.447","49","12","9","3","21","24","93","12.9","0.24","0.18","0.06","0.43","0.49","1.9","7.63","0.16","584.31","11.92","1.23","0.92","0.31","2.16","2.46","9.55","0.78","14.37","13.94","53.76","47.31","1.82","57.63","34","25","4","12","33.33","2","16","12.5","6","65","9.23","5","16","31.25"
"","Ryan Cranford","RW","KGN","20.436","54","11","9","6","20","26","138","7.97","0.2","0.17","0.11","0.37","0.48","2.56","10.54","0.2","868.62","16.09","0.76","0.62","0.41","1.38","1.8","9.53","0.73","13.82","14.2","33.46","52.37","12.34","36.84","35","60","4","8","50.0","2","20","10.0","5","110","4.55","8","25","32.0"
"","Jaden Peca","RW","SSM/BAR","19.412","48","10","10","6","20","26","79","12.66","0.21","0.21","0.12","0.42","0.54","1.65","9.52","0.2","607.79","12.66","0.99","0.99","0.59","1.97","2.57","7.8","0.94","14.37","13.91","52.14","51.63","-6.6","48.61","35","37","5","17","29.41","3","12","25.0","2","50","4.0","4","21","19.05"
"","Sam Bitten","C","OTT","18.486","55","9","11","4","20","24","52","17.31","0.16","0.2","0.07","0.36","0.44","0.95","6.18","0.11","630.16","11.46","0.86","1.05","0.38","1.9","2.29","4.95","0.59","14.55","13.77","65.26","47.69","-1.92","65.62","42","22","3","10","30.0","1","17","5.88","5","25","20.0","54","140","38.57"
"","Jack Wismer","RW","FLNT","18.558","58","10","10","4","20","24","70","14.29","0.17","0.17","0.07","0.34","0.41","1.21","6.67","0.11","682.24","11.76","0.88","0.88","0.35","1.76","2.11","6.16","0.59","14.63","13.98","42.3","51.1","-2.18","39.02","32","50","5","8","62.5","2","14","14.29","3","48","6.25","39","90","43.33"
"","Ben Hawerchuk","LW","BAR","20.471","50","16","4","3","20","23","103","15.53","0.32","0.08","0.06","0.4","0.46","2.06","9.19","0.18","730.23","14.6","1.31","0.33","0.25","1.64","1.89","8.46","0.76","14.27","14.06","53.42","50.92","5.96","54.88","45","37","3","12","25.0","3","12","25.0","10","79","12.66","41","95","43.16"
"","Alexey Toropchenko","RW","GUE","19.226","50","11","9","2","20","22","135","8.15","0.22","0.18","0.04","0.4","0.44","2.7","15.22","0.3","681.8","13.64","0.97","0.79","0.18","1.76","1.94","11.88","1.34","14.41","13.85","52.07","50.37","-6.71","47.5","38","42","3","25","12.0","3","17","17.65","5","93","5.38","6","9","66.67"
"","Nick Isaacson","LW","MISS/PBO","19.097","55","8","11","7","19","26","111","7.21","0.15","0.2","0.13","0.35","0.47","2.02","8.55","0.16","715.75","13.01","0.67","0.92","0.59","1.59","2.18","9.3","0.72","14.25","13.93","46.37","48.68","0.29","51.43","36","34","0","10","0.0","3","16","18.75","5","85","5.88","11","25","44.0"
"","Kyle MacLean","C","OSH","19.382","57","6","13","7","19","26","87","6.9","0.11","0.23","0.12","0.33","0.46","1.53","8.5","0.15","691.5","12.13","0.52","1.13","0.61","1.65","2.26","7.55","0.74","14.24","14.02","53.54","47.08","-0.32","55.41","41","33","2","11","18.18","3","14","21.43","1","62","1.61","136","252","53.97"
"","Emmett Sproule","LW","ER","17.492","56","9","10","6","19","25","62","14.52","0.16","0.18","0.11","0.34","0.45","1.11","6.27","0.11","643.91","11.5","0.84","0.93","0.56","1.77","2.33","5.78","0.58","14.26","13.79","45.74","49.88","4.41","48.53","33","35","3","13","23.08","1","9","11.11","5","40","12.5","10","27","37.04"
"","Petr Cajka","C","ER","17.761","51","13","6","4","19","23","95","13.68","0.25","0.12","0.08","0.37","0.45","1.86","8.47","0.17","716.52","14.05","1.09","0.5","0.33","1.59","1.93","7.96","0.71","14.89","14.2","46.75","49.53","-4.81","40.24","33","49","4","14","28.57","3","16","18.75","6","65","9.23","201","488","41.19"
"","Cole MacKay","RW","SSM","17.257","52","12","6","9","18","27","76","15.79","0.23","0.12","0.17","0.35","0.52","1.46","6.0","0.12","660.71","12.71","1.09","0.54","0.82","1.63","2.45","6.9","0.54","14.77","14.4","54.87","51.27","9.08","61.04","47","30","1","8","12.5","4","9","44.44","7","59","11.86","17","29","58.62"
"","Daylon Groulx","RW","OS","18.273","56","10","8","6","18","24","112","8.93","0.18","0.14","0.11","0.32","0.43","2.0","10.61","0.19","776.63","13.87","0.77","0.62","0.46","1.39","1.85","8.65","0.82","15.05","14.15","45.78","52.72","-3.94","42.05","37","51","2","13","15.38","0","20","0.0","8","79","10.13","24","48","50.0"
"","Brady Gilmour","C","SAG","19.412","51","8","10","5","18","23","63","12.7","0.16","0.2","0.1","0.35","0.45","1.24","7.36","0.14","639.17","12.53","0.75","0.94","0.47","1.69","2.16","5.91","0.69","15.01","14.09","56.61","50.15","-2.08","53.25","41","36","4","20","20.0","3","17","17.65","1","26","3.85","183","383","47.78"
"","Kaleb Pearson","RW","OS","18.251","54","9","9","4","18","22","83","10.84","0.17","0.17","0.07","0.33","0.41","1.54","6.82","0.13","620.8","11.5","0.87","0.87","0.39","1.74","2.13","8.02","0.66","14.39","14.0","46.22","48.74","12.42","55.0","33","27","4","9","44.44","0","12","0.0","5","62","8.06","12","17","70.59"
"","James Hardie","LW","MISS","16.657","50","14","4","1","18","19","94","14.89","0.28","0.08","0.02","0.36","0.38","1.88","6.21","0.12","541.87","10.84","1.55","0.44","0.11","1.99","2.1","10.41","0.69","14.3","13.88","47.61","49.75","5.61","51.11","23","22","4","13","30.77","4","9","44.44","6","72","8.33","0","4","0.0"
"","Aidan Prueter","C","SAG/MISS","16.734","54","8","9","11","17","28","107","7.48","0.15","0.17","0.2","0.31","0.52","1.98","11.61","0.22","722.95","13.39","0.66","0.75","0.91","1.41","2.32","8.88","0.96","14.65","13.99","52.44","48.75","-6.91","48.19","40","43","2","23","8.7","4","27","14.81","2","57","3.51","317","600","52.83"
"","Brandon Coe","RW","NB","16.789","54","11","6","7","17","24","62","17.74","0.2","0.11","0.13","0.31","0.44","1.15","6.84","0.13","722.4","13.38","0.91","0.5","0.58","1.41","1.99","5.15","0.57","14.29","13.8","45.12","52.12","-7.72","39.77","35","53","5","14","35.71","1","9","11.11","5","39","12.82","14","33","42.42"
"","Calvin Martin","LW","SAR","18.998","57","9","8","7","17","24","65","13.85","0.16","0.14","0.12","0.3","0.42","1.14","6.56","0.12","636.92","11.17","0.85","0.75","0.66","1.6","2.26","6.12","0.62","13.87","13.7","46.32","48.65","2.74","48.05","37","40","4","12","33.33","4","15","26.67","1","38","2.63","4","10","40.0"
"","Ivan Lodnia","RW","NIAG","19.042","30","11","6","6","17","23","92","11.96","0.37","0.2","0.2","0.57","0.77","3.07","10.13","0.34","442.75","14.76","1.49","0.81","0.81","2.3","3.12","12.47","1.37","14.65","14.06","63.49","46.49","0.05","65.22","30","16","1","9","11.11","3","26","11.54","7","57","12.28","15","32","46.88"
"","Mathew MacDougall","LW","ER/WSR","18.645","57","8","9","5","17","22","92","8.7","0.14","0.16","0.09","0.3","0.39","1.61","8.92","0.16","705.38","12.38","0.68","0.77","0.43","1.45","1.87","7.83","0.76","14.07","14.18","48.49","51.28","-0.91","47.22","34","38","0","11","0.0","0","11","0.0","8","70","11.43","7","21","33.33"
"","Matej Pekar","C","BAR","18.596","33","7","10","5","17","22","65","10.77","0.21","0.3","0.15","0.52","0.67","1.97","5.08","0.15","456.0","13.82","0.92","1.32","0.66","2.24","2.89","8.55","0.67","14.37","14.14","52.58","52.07","-0.71","52.83","28","25","1","9","11.11","2","9","22.22","4","47","8.51","11","22","50.0"
"","Josh Nelson","C","LDN","19.305","52","12","5","5","17","22","59","20.34","0.23","0.1","0.1","0.33","0.42","1.13","6.08","0.12","579.19","11.14","1.24","0.52","0.52","1.76","2.28","6.11","0.63","13.86","13.83","59.68","48.46","-3.4","57.81","37","27","3","10","30.0","3","12","25.0","6","37","16.22","121","267","45.32"
"","Tyler Angle","C","WSR","17.958","47","11","6","4","17","21","88","12.5","0.23","0.13","0.09","0.36","0.45","1.87","7.05","0.15","610.04","12.98","1.08","0.59","0.39","1.67","2.07","8.66","0.69","14.36","14.07","48.13","52.51","-1.22","48.48","32","34","3","9","33.33","2","12","16.67","6","67","8.96","268","534","50.19"
"","Sean Josling","RW","SAR","19.486","52","6","11","4","17","21","98","6.12","0.12","0.21","0.08","0.33","0.4","1.88","10.59","0.2","622.81","11.98","0.58","1.06","0.39","1.64","2.02","9.44","1.02","14.61","14.38","47.69","50.53","5.01","49.3","35","36","1","14","7.14","0","15","0.0","5","69","7.25","1","11","9.09"
"","Oliver Castleman","LW","NIAG","19.001","49","9","8","3","17","20","68","13.24","0.18","0.16","0.06","0.35","0.41","1.39","6.55","0.13","578.1","11.8","0.93","0.83","0.31","1.76","2.08","7.06","0.68","14.37","13.98","59.15","49.61","-12.85","50.79","32","31","2","8","25.0","2","11","18.18","5","49","10.2","2","3","66.67"
"","Danial Singer","RW","ER","19.595","41","12","5","3","17","20","83","14.46","0.29","0.12","0.07","0.41","0.49","2.02","9.12","0.22","551.32","13.45","1.31","0.54","0.33","1.85","2.18","9.03","0.99","14.89","14.4","47.58","52.47","-3.29","43.55","27","35","3","11","27.27","5","20","25.0","4","52","7.69","1","2","50.0"
"","Jamieson Rees","C","SAR","17.55","34","6","11","2","17","19","72","8.33","0.18","0.32","0.06","0.5","0.56","2.12","7.38","0.22","439.9","12.94","0.82","1.5","0.27","2.32","2.59","9.82","1.01","14.28","13.92","47.71","52.5","1.08","47.17","25","28","3","11","27.27","1","11","9.09","2","50","4.0","125","252","49.6"
"","Nicholas Porco","LW","SAG","17.512","54","12","5","1","17","18","108","11.11","0.22","0.09","0.02","0.31","0.33","2.0","10.94","0.2","675.16","12.5","1.07","0.44","0.09","1.51","1.6","9.6","0.97","14.71","14.02","56.87","50.06","-9.19","47.95","35","38","2","13","15.38","4","22","18.18","6","73","8.22","5","13","38.46"
"","Keean Washkurak","C","MISS","17.082","54","8","8","12","16","28","88","9.09","0.15","0.15","0.22","0.3","0.52","1.63","8.54","0.16","743.73","13.77","0.65","0.65","0.97","1.29","2.26","7.1","0.69","15.01","14.12","47.89","50.46","12.91","55.17","48","39","5","20","25.0","2","14","14.29","1","54","1.85","304","614","49.51"
"","Matthew Philip","LW","NIAG","19.294","55","8","8","7","16","23","103","7.77","0.15","0.15","0.13","0.29","0.42","1.87","9.26","0.17","642.77","11.69","0.75","0.75","0.65","1.49","2.15","9.61","0.86","14.46","14.28","59.45","50.3","-5.3","57.14","36","27","1","13","7.69","4","15","26.67","3","75","4.0","27","51","52.94"
"","Brady Hinz","RW","PBO","18.369","52","10","6","5","16","21","66","15.15","0.19","0.12","0.1","0.31","0.4","1.27","6.77","0.13","650.44","12.51","0.92","0.55","0.46","1.48","1.94","6.09","0.62","14.21","14.0","48.87","49.92","0.22","47.95","35","38","2","9","22.22","5","11","45.45","3","46","6.52","71","149","47.65"
"","Cole Schwindt","RW","MISS","17.391","56","6","10","5","16","21","92","6.52","0.11","0.18","0.09","0.29","0.38","1.64","6.5","0.12","604.27","10.79","0.6","0.99","0.5","1.59","2.09","9.13","0.65","14.26","13.88","45.43","49.0","10.49","55.77","29","23","1","12","8.33","1","4","25.0","4","76","5.26","323","614","52.61"
"","Paul Cotter","C","LDN","18.831","36","7","9","5","16","21","71","9.86","0.19","0.25","0.14","0.44","0.58","1.97","7.2","0.2","427.72","11.88","0.98","1.26","0.7","2.24","2.95","9.96","1.01","14.64","14.22","61.37","51.03","-0.9","60.0","30","20","3","14","21.43","2","16","12.5","2","41","4.88","123","207","59.42"
"","Max Grondin","C","SAG/PBO","18.199","52","11","5","1","16","17","83","13.25","0.21","0.1","0.02","0.31","0.33","1.6","8.52","0.16","567.76","10.92","1.16","0.53","0.11","1.69","1.8","8.77","0.9","13.85","13.83","48.71","50.33","-10.89","40.0","22","33","2","14","14.29","1","11","9.09","8","58","13.79","277","471","58.81"
"","Mitchell Hoelscher","C","OTT","18.634","55","8","7","11","15","26","67","11.94","0.15","0.13","0.2","0.27","0.47","1.22","6.7","0.12","610.89","11.11","0.79","0.69","1.08","1.47","2.55","6.58","0.66","14.63","13.81","65.32","48.03","6.27","71.93","41","16","2","12","16.67","1","10","10.0","5","45","11.11","327","574","56.97"
"","Joe Carroll","LW","SSM","17.618","52","8","7","7","15","22","94","8.51","0.15","0.13","0.13","0.29","0.42","1.81","10.53","0.2","625.59","12.03","0.77","0.67","0.67","1.44","2.11","9.02","1.01","14.35","14.01","54.83","51.82","-3.2","52.24","35","32","3","19","15.79","1","10","10.0","4","65","6.15","192","443","43.34"
"","Aidan Brown","RW","BAR","18.979","53","10","5","5","15","20","72","13.89","0.19","0.09","0.09","0.28","0.38","1.36","6.33","0.12","608.93","11.49","0.99","0.49","0.49","1.48","1.97","7.09","0.62","13.76","13.98","50.53","49.59","-5.28","48.21","27","29","5","12","41.67","2","12","16.67","3","48","6.25","5","12","41.67"
"","Graeme Clarke","RW","OTT","17.394","44","12","3","5","15","20","67","17.91","0.27","0.07","0.11","0.34","0.45","1.52","6.57","0.15","480.65","10.92","1.5","0.37","0.62","1.87","2.5","8.36","0.82","14.56","13.99","64.95","47.75","-7.77","60.98","25","16","3","7","42.86","1","10","10.0","8","50","16.0","1","7","14.29"
"","Zack Trott","LW","SSM","18.349","55","5","10","4","15","19","88","5.68","0.09","0.18","0.07","0.27","0.35","1.6","8.08","0.15","637.37","11.59","0.47","0.94","0.38","1.41","1.79","8.28","0.76","14.53","14.16","54.84","50.48","-0.47","54.55","36","30","1","15","6.67","2","14","14.29","2","59","3.39","9","20","45.0"
"","Jacob Winterton","LW","FLNT","17.681","57","8","7","3","15","18","60","13.33","0.14","0.12","0.05","0.26","0.32","1.05","4.98","0.09","626.16","10.99","0.77","0.67","0.29","1.44","1.72","5.75","0.48","14.28","13.94","39.72","51.92","-6.81","35.71","25","45","2","5","40.0","3","14","21.43","3","41","7.32","13","24","54.17"
"","Chris Playfair","LW","WSR","18.292","38","9","6","2","15","17","42","21.43","0.24","0.16","0.05","0.39","0.45","1.11","4.72","0.12","445.82","11.73","1.21","0.81","0.27","2.02","2.29","5.65","0.64","14.14","13.85","48.83","50.64","-7.81","44.19","19","24","1","9","11.11","6","8","75.0","2","25","8.0","245","453","54.08"
"","Pavel Gogolev","LW","GUE/PBO","18.571","34","6","9","2","15","17","84","7.14","0.18","0.26","0.06","0.44","0.5","2.47","10.16","0.3","480.94","14.15","0.75","1.12","0.25","1.87","2.12","10.48","1.27","14.29","13.62","49.03","49.07","-4.75","49.02","25","26","1","15","6.67","2","10","20.0","3","59","5.08","3","5","60.0"
"","Michael Little","LW","MISS/PBO","18.566","49","6","8","6","14","20","96","6.25","0.12","0.16","0.12","0.29","0.41","1.96","8.96","0.18","599.51","12.23","0.6","0.8","0.6","1.4","2.0","9.61","0.9","14.2","14.0","47.52","51.71","-6.89","39.71","27","41","2","11","18.18","2","11","18.18","2","74","2.7","48","99","48.48"
"","Jordan Frasca","LW","WSR","17.197","49","8","6","6","14","20","57","14.04","0.16","0.12","0.12","0.29","0.41","1.16","5.84","0.12","544.86","11.12","0.88","0.66","0.66","1.54","2.2","6.28","0.64","13.97","14.05","49.57","51.49","9.29","56.6","30","23","2","7","28.57","1","12","8.33","5","38","13.16","173","363","47.66"
"","Bradey Johnson","RW","NIAG","18.727","55","8","6","5","14","19","89","8.99","0.15","0.11","0.09","0.25","0.35","1.62","9.32","0.17","599.04","10.89","0.8","0.6","0.5","1.4","1.9","8.91","0.93","14.07","13.93","57.73","48.98","-3.77","58.18","32","23","4","14","28.57","1","16","6.25","3","59","5.08","155","311","49.84"
"","Cameron Butler","RW","PBO","16.269","51","10","4","2","14","16","62","16.13","0.2","0.08","0.04","0.27","0.31","1.22","4.51","0.09","572.23","11.22","1.05","0.42","0.21","1.47","1.68","6.5","0.47","14.11","13.93","47.87","49.0","-3.2","45.76","27","32","0","8","0.0","1","6","16.67","9","48","18.75","5","11","45.45"
"","Jacob Tortora","RW","BAR","19.143","33","9","5","1","14","15","73","12.33","0.27","0.15","0.03","0.42","0.45","2.21","8.52","0.26","469.02","14.21","1.15","0.64","0.13","1.79","1.92","9.34","1.09","14.41","14.15","53.2","50.32","13.34","57.78","26","19","3","11","27.27","3","15","20.0","3","47","6.38","8","14","57.14"
"","Mason Primeau","C","GUE/NB","17.134","56","8","5","12","13","25","79","10.13","0.14","0.09","0.21","0.23","0.45","1.41","7.44","0.13","723.52","12.92","0.66","0.41","1.0","1.08","2.07","6.55","0.62","14.47","13.78","47.09","51.41","-7.06","42.68","35","47","4","16","25.0","3","17","17.65","1","46","2.17","227","501","45.31"
"","Jake Goldowski","RW","SAG","18.358","52","8","5","5","13","18","93","8.6","0.15","0.1","0.1","0.25","0.35","1.79","10.29","0.2","573.72","11.03","0.84","0.52","0.52","1.36","1.88","9.73","1.08","14.13","13.93","54.99","47.41","7.37","61.11","33","21","3","17","17.65","3","16","18.75","2","60","3.33","31","61","50.82"
"","Richard Whittaker","LW","MISS","18.437","56","5","8","5","13","18","71","7.04","0.09","0.14","0.09","0.23","0.32","1.27","6.49","0.12","615.66","10.99","0.49","0.78","0.49","1.27","1.75","6.92","0.63","13.92","13.93","46.43","49.71","-5.44","43.1","25","33","2","9","22.22","0","13","0.0","3","49","6.12","203","420","48.33"
"","Cade Robinson","RW","OS","18.9","56","6","7","4","13","17","87","6.9","0.11","0.12","0.07","0.23","0.3","1.55","7.54","0.13","609.63","10.89","0.59","0.69","0.39","1.28","1.67","8.56","0.74","14.33","14.2","44.57","51.23","-3.99","41.51","22","31","1","6","16.67","3","17","17.65","2","64","3.12","66","140","47.14"
"","Dalton Duhart","LW","BAR/LDN","17.657","51","8","5","3","13","16","40","20.0","0.16","0.1","0.06","0.25","0.31","0.78","3.42","0.07","521.27","10.22","0.92","0.58","0.35","1.5","1.84","4.6","0.39","13.36","13.59","53.86","45.96","1.83","59.52","25","17","2","7","28.57","2","7","28.57","4","26","15.38","154","324","47.53"
"","Rory Kerins","C","SSM","16.427","44","5","8","2","13","15","31","16.13","0.11","0.18","0.05","0.3","0.34","0.7","3.16","0.07","438.72","9.97","0.68","1.09","0.27","1.78","2.05","4.24","0.43","13.92","13.65","53.71","48.09","4.81","57.5","23","17","2","8","25.0","1","6","16.67","2","17","11.76","43","82","52.44"
"","Cullen McLean","C","SSM","17.594","45","5","8","1","13","14","38","13.16","0.11","0.18","0.02","0.29","0.31","0.84","3.47","0.08","439.4","9.76","0.68","1.09","0.14","1.78","1.91","5.19","0.47","13.99","13.96","53.98","49.73","-4.05","50.0","20","20","1","8","12.5","2","7","28.57","2","23","8.7","127","297","42.76"
"","Cody Morgan","C","FLNT/WSR","17.618","53","6","6","10","12","22","82","7.32","0.11","0.11","0.19","0.23","0.42","1.55","7.74","0.15","637.63","12.03","0.56","0.56","0.94","1.13","2.07","7.72","0.73","14.38","13.84","46.73","51.29","16.06","60.56","43","28","1","10","10.0","1","17","5.88","4","55","7.27","200","428","46.73"
"","Ryan Stepien","RW","SAG/KIT","16.989","43","6","6","8","12","20","59","10.17","0.14","0.14","0.19","0.28","0.47","1.37","5.16","0.12","506.78","11.79","0.71","0.71","0.95","1.42","2.37","6.99","0.61","14.84","14.24","48.17","50.26","9.07","53.7","29","25","0","6","0.0","3","14","21.43","3","39","7.69","2","5","40.0"
"","Zach Poirier","RW","GUE/OS","20.345","51","9","3","5","12","17","80","11.25","0.18","0.06","0.1","0.24","0.33","1.57","7.36","0.14","572.23","11.22","0.94","0.31","0.52","1.26","1.78","8.39","0.77","14.03","13.86","49.63","48.53","-2.28","46.55","27","31","1","8","12.5","3","17","17.65","5","55","9.09","79","201","39.3"
"","Jack Quinn","RW","OTT","16.989","50","7","5","5","12","17","58","12.07","0.14","0.1","0.1","0.24","0.34","1.16","4.23","0.08","508.32","10.17","0.83","0.59","0.59","1.42","2.01","6.85","0.5","14.2","13.72","65.11","50.1","-6.74","60.98","25","16","3","6","50.0","3","11","27.27","1","41","2.44","9","22","40.91"
"","Owen Gilhula","C","SBY","18.347","31","4","8","5","12","17","30","13.33","0.13","0.26","0.16","0.39","0.55","0.97","2.88","0.09","309.55","9.99","0.78","1.55","0.97","2.33","3.3","5.81","0.56","13.59","14.21","58.56","49.02","11.64","67.74","21","10","0","4","0.0","1","7","14.29","3","19","15.79","57","98","58.16"
"","C.J. Clarke","RW","FLNT/MISS","19.601","58","9","3","4","12","16","101","8.91","0.16","0.05","0.07","0.21","0.28","1.74","7.85","0.14","665.96","11.48","0.81","0.27","0.36","1.08","1.44","9.1","0.71","14.27","13.94","41.37","49.55","-14.89","29.23","19","46","1","6","16.67","2","16","12.5","6","79","7.59","34","79","43.04"
"","Tim Fleischer","C","HAM","17.961","57","6","6","3","12","15","63","9.52","0.11","0.11","0.05","0.21","0.26","1.11","6.45","0.11","584.93","10.26","0.62","0.62","0.31","1.23","1.54","6.46","0.66","14.38","13.88","44.72","49.73","-1.25","42.31","22","30","1","11","9.09","0","17","0.0","5","35","14.29","210","426","49.3"
"","Hunter Holmes","C","FLNT","18.64","58","6","6","3","12","15","76","7.89","0.1","0.1","0.05","0.21","0.26","1.31","7.43","0.13","726.9","12.53","0.5","0.5","0.25","0.99","1.24","6.27","0.61","15.01","14.22","41.18","51.43","-10.18","33.33","31","62","1","11","9.09","1","12","8.33","4","53","7.55","157","328","47.87"
"","Evan Vierling","C","FLNT","16.239","50","5","7","2","12","14","66","7.58","0.1","0.14","0.04","0.24","0.28","1.32","5.69","0.11","611.97","12.24","0.49","0.69","0.2","1.18","1.37","6.47","0.56","14.69","13.95","41.78","49.51","-6.02","35.53","27","49","4","11","36.36","1","16","6.25","0","39","0.0","111","277","40.07"
"","Chase Campbell","RW","KIT/WSR","20.228","53","8","4","2","12","14","70","11.43","0.15","0.08","0.04","0.23","0.26","1.32","6.07","0.11","597.42","11.27","0.8","0.4","0.2","1.21","1.41","7.03","0.61","14.35","14.1","44.33","52.31","-12.02","34.55","19","36","2","9","22.22","4","12","33.33","2","49","4.08","62","114","54.39"
"","Luke Bignell","C","BAR","17.865","55","7","5","1","12","13","56","12.5","0.13","0.09","0.02","0.22","0.24","1.02","6.26","0.11","577.23","10.5","0.73","0.52","0.1","1.25","1.35","5.82","0.65","13.09","13.73","51.02","49.46","-17.32","38.0","19","31","3","10","30.0","3","8","37.5","1","38","2.63","154","345","44.64"
"","Brendan Hoffmann","RW","ER","16.934","52","9","3","1","12","13","88","10.23","0.17","0.06","0.02","0.23","0.25","1.69","6.16","0.12","547.02","10.52","0.99","0.33","0.11","1.32","1.43","9.65","0.68","14.26","13.88","44.56","50.22","1.09","46.51","20","23","1","11","9.09","2","12","16.67","6","65","9.23","4","15","26.67"
"","Semyon Der-Arguchintsev","C","PBO","17.999","49","5","6","13","11","24","56","8.93","0.1","0.12","0.27","0.22","0.49","1.14","4.47","0.09","630.76","12.87","0.48","0.57","1.24","1.05","2.28","5.33","0.42","14.46","13.93","48.6","49.26","-1.8","46.05","35","41","1","6","16.67","1","10","10.0","3","40","7.5","331","654","50.61"
"","Luke Boka","RW","WSR","19.261","53","6","5","7","11","18","88","6.82","0.11","0.09","0.13","0.21","0.34","1.66","9.59","0.18","617.95","11.66","0.58","0.49","0.68","1.07","1.75","8.54","0.93","14.06","13.83","48.97","50.12","2.54","52.54","31","28","2","13","15.38","1","14","7.14","3","61","4.92","88","199","44.22"
"","Alex Gritz","C","ER","17.999","49","9","2","7","11","18","75","12.0","0.18","0.04","0.14","0.22","0.37","1.53","7.71","0.16","573.12","11.7","0.94","0.21","0.73","1.15","1.88","7.85","0.81","14.01","13.81","45.08","49.6","4.5","49.15","29","30","4","12","33.33","3","19","15.79","2","44","4.55","184","423","43.5"
"","Cam Hillis","C","GUE","18.226","33","6","5","5","11","16","41","14.63","0.18","0.15","0.15","0.33","0.48","1.24","4.31","0.13","420.48","12.74","0.86","0.71","0.71","1.57","2.28","5.85","0.61","15.03","14.34","53.78","50.02","-11.6","43.4","23","30","3","12","25.0","0","4","0.0","3","25","12.0","197","360","54.72"
"","Drake Pilon","RW","SBY","19.954","42","4","7","5","11","16","72","5.56","0.1","0.17","0.12","0.26","0.38","1.71","6.66","0.16","474.37","11.29","0.51","0.89","0.63","1.39","2.02","9.11","0.84","13.49","13.98","58.76","49.16","-5.86","57.78","26","19","2","11","18.18","1","8","12.5","1","53","1.89","53","84","63.1"
"","Nicholas Canade","LW","MISS","18.525","51","3","8","4","11","15","76","3.95","0.06","0.16","0.08","0.22","0.29","1.49","5.98","0.12","620.11","12.16","0.29","0.77","0.39","1.06","1.45","7.35","0.58","14.25","13.99","46.96","49.27","-12.03","38.81","26","41","1","11","9.09","2","7","28.57","0","58","0.0","4","15","26.67"
"","Isaac Nurse","RW","HAM","19.502","57","9","2","4","11","15","128","7.03","0.16","0.04","0.07","0.19","0.26","2.25","15.14","0.27","708.59","12.43","0.76","0.17","0.34","0.93","1.27","10.84","1.28","14.43","14.14","44.44","51.03","0.21","43.48","30","39","3","25","12.0","1","27","3.7","5","76","6.58","4","13","30.77"
"","Kyle McDonald","RW","WSR","16.608","39","4","7","4","11","15","61","6.56","0.1","0.18","0.1","0.28","0.38","1.56","4.51","0.12","429.75","11.02","0.56","0.98","0.56","1.54","2.09","8.52","0.63","13.88","13.83","50.89","51.14","11.25","55.0","22","18","0","7","0.0","0","6","0.0","4","48","8.33","4","7","57.14"
"","Luke Moncada","C","NB","18.297","55","5","6","3","11","14","77","6.49","0.09","0.11","0.05","0.2","0.25","1.4","6.09","0.11","608.97","11.07","0.49","0.59","0.3","1.08","1.38","7.59","0.6","13.34","13.61","40.88","51.59","-19.72","29.82","17","40","1","12","8.33","1","8","12.5","3","57","5.26","245","528","46.4"
"","Daniel D'Amato","RW","ER","17.438","51","4","7","3","11","14","65","6.15","0.08","0.14","0.06","0.22","0.27","1.27","6.17","0.12","560.51","10.99","0.43","0.75","0.32","1.18","1.5","6.96","0.66","14.02","13.77","44.24","49.26","-13.21","32.08","17","36","1","5","20.0","1","14","7.14","2","46","4.35","58","143","40.56"
"","Jan Jenik","C","HAM","17.999","17","6","5","3","11","14","41","14.63","0.35","0.29","0.18","0.65","0.82","2.41","4.56","0.27","286.43","16.85","1.26","1.05","0.63","2.3","2.93","8.59","0.96","14.59","14.27","44.57","48.32","13.97","51.22","21","20","1","14","7.14","5","11","45.45","0","16","0.0","79","181","43.65"
"","Chad Denault","RW","PBO","18.412","55","6","5","0","11","11","36","16.67","0.11","0.09","0.0","0.2","0.2","0.65","3.09","0.06","483.1","8.78","0.75","0.62","0.0","1.37","1.37","4.47","0.38","13.71","13.91","47.71","52.38","-13.67","36.11","13","23","3","8","37.5","3","7","42.86","0","21","0.0","1","1","100.0"
"","Alex Formenton","LW","LDN","19.007","18","7","4","0","11","11","52","13.46","0.39","0.22","0.0","0.61","0.61","2.89","6.51","0.36","226.6","12.59","1.85","1.06","0.0","2.91","2.91","13.77","1.72","15.02","14.33","62.98","47.66","-15.72","54.55","12","10","4","12","33.33","1","9","11.11","2","31","6.45","11","18","61.11"
"","Danny Katic","LW","SAG","18.114","42","6","4","6","10","16","43","13.95","0.14","0.1","0.14","0.24","0.38","1.02","4.14","0.1","454.27","10.82","0.79","0.53","0.79","1.32","2.11","5.68","0.55","13.69","13.75","54.21","46.7","-2.92","54.55","24","20","4","11","36.36","1","8","12.5","1","24","4.17","4","7","57.14"
"","Tye Kartye","C","SSM","17.377","51","1","9","6","10","16","47","2.13","0.02","0.18","0.12","0.2","0.31","0.92","4.11","0.08","567.86","11.13","0.11","0.95","0.63","1.06","1.69","4.97","0.43","14.37","14.08","54.5","51.33","-3.89","51.61","32","30","0","5","0.0","1","11","9.09","0","31","0.0","147","272","54.04"
"","Mitchell Russell","C","NB/OS","17.528","53","7","3","4","10","14","84","8.33","0.13","0.06","0.08","0.19","0.26","1.58","6.89","0.13","514.87","9.71","0.82","0.35","0.47","1.17","1.63","9.79","0.8","13.49","13.62","44.17","50.53","0.48","51.43","18","17","0","8","0.0","1","12","8.33","6","64","9.38","183","389","47.04"
"","Domenico Commisso","C","GUE/OSH","20.57","48","5","5","4","10","14","87","5.75","0.1","0.1","0.08","0.21","0.29","1.81","9.26","0.19","577.0","12.02","0.52","0.52","0.42","1.04","1.46","9.05","0.96","14.66","13.86","52.76","49.34","-12.88","43.08","28","37","2","15","13.33","2","10","20.0","1","62","1.61","320","556","57.55"
"","Luke Burghardt","LW","NB","20.345","27","4","6","3","10","13","45","8.89","0.15","0.22","0.11","0.37","0.48","1.67","5.22","0.19","337.75","12.51","0.71","1.07","0.53","1.78","2.31","7.99","0.93","15.42","14.07","51.71","45.27","23.11","69.7","23","10","3","12","25.0","0","3","0.0","1","30","3.33","68","147","46.26"
"","Zach Gallant","C","PBO","19.529","19","6","4","1","10","11","40","15.0","0.32","0.21","0.05","0.53","0.58","2.11","3.66","0.19","229.63","12.09","1.57","1.05","0.26","2.61","2.87","10.45","0.96","14.69","14.28","49.08","47.77","6.91","55.56","15","12","1","4","25.0","0","6","0.0","5","30","16.67","151","243","62.14"
"","Ian Derungs","LW","KGN","18.708","50","6","4","1","10","11","69","8.7","0.12","0.08","0.02","0.2","0.22","1.38","4.19","0.08","603.13","12.06","0.6","0.4","0.1","0.99","1.09","6.86","0.42","13.96","13.94","34.37","52.73","-2.87","29.31","17","41","1","2","50.0","1","7","14.29","4","60","6.67","4","11","36.36"
"","Kirill Nizhnikov","RW","SBY","18.464","20","4","6","1","10","11","26","15.38","0.2","0.3","0.05","0.5","0.55","1.3","1.8","0.09","262.24","13.11","0.92","1.37","0.23","2.29","2.52","5.95","0.41","13.87","14.25","56.18","52.37","3.84","55.56","15","12","0","1","0.0","1","5","20.0","3","20","15.0","1","4","25.0"
"","Avery Hayes","RW","HAM","15.932","54","6","4","0","10","10","66","9.09","0.11","0.07","0.0","0.19","0.19","1.22","5.34","0.1","550.59","10.2","0.65","0.44","0.0","1.09","1.09","7.19","0.58","13.36","13.92","43.75","49.84","-0.51","42.55","20","27","2","10","20.0","3","11","27.27","1","45","2.22","4","16","25.0"
"","Erik Cermak","LW","PBO","17.539","55","6","3","5","9","14","48","12.5","0.11","0.05","0.09","0.16","0.25","0.87","4.34","0.08","571.53","10.39","0.63","0.31","0.52","0.94","1.47","5.04","0.46","13.95","14.03","47.04","49.97","10.61","56.36","31","24","1","6","16.67","4","9","44.44","1","33","3.03","153","308","49.68"
"","Joseph Mack","C","ER","18.692","55","5","4","4","9","13","70","7.14","0.09","0.07","0.07","0.16","0.24","1.27","6.4","0.12","606.04","11.02","0.5","0.4","0.4","0.89","1.29","6.93","0.63","14.3","14.1","45.5","50.4","2.34","46.55","27","31","2","12","16.67","0","9","0.0","3","49","6.12","231","528","43.75"
"","Tyler Burnie","C","KGN","19.598","54","2","7","3","9","12","81","2.47","0.04","0.13","0.06","0.17","0.22","1.5","7.11","0.13","688.6","12.75","0.17","0.61","0.26","0.78","1.05","7.06","0.62","14.17","14.23","34.16","52.18","-7.01","24.24","16","50","0","9","0.0","0","13","0.0","2","59","3.39","394","734","53.68"
"","Ty Collins","RW","GUE","16.263","35","3","6","3","9","12","20","15.0","0.09","0.17","0.09","0.26","0.34","0.57","2.23","0.06","289.8","8.28","0.62","1.24","0.62","1.86","2.48","4.14","0.46","13.87","13.29","52.09","48.67","-5.12","54.55","12","10","0","1","0.0","2","9","22.22","1","10","10.0","1","5","20.0"
"","Logan Morrison","C","HAM","16.187","36","6","3","3","9","12","43","13.95","0.17","0.08","0.08","0.25","0.33","1.19","3.66","0.1","387.44","10.76","0.93","0.46","0.46","1.39","1.86","6.66","0.57","13.57","14.11","43.55","51.25","5.01","48.72","19","20","2","7","28.57","2","10","20.0","2","26","7.69","136","343","39.65"
"","Sergey Popov","LW","LDN/OS","18.47","35","4","5","3","9","12","43","9.3","0.11","0.14","0.09","0.26","0.34","1.23","3.76","0.11","360.88","10.31","0.67","0.83","0.5","1.5","2.0","7.15","0.63","13.96","14.04","51.13","45.76","-4.06","48.39","15","16","1","4","25.0","0","3","0.0","3","36","8.33","3","14","21.43"
"","Camaryn Baber","C","SAG","17.449","35","5","4","3","9","12","54","9.26","0.14","0.11","0.09","0.26","0.34","1.54","4.31","0.12","352.03","10.06","0.85","0.68","0.51","1.53","2.05","9.2","0.73","13.96","13.56","56.55","44.31","11.8","63.33","19","11","0","4","0.0","1","8","12.5","4","42","9.52","126","254","49.61"
"","Nick Wong","C","KGN/OSH","16.994","55","6","3","2","9","11","66","9.09","0.11","0.05","0.04","0.16","0.2","1.2","6.54","0.12","606.03","11.02","0.59","0.3","0.2","0.89","1.09","6.53","0.65","13.7","13.97","42.44","49.72","-6.52","38.89","21","33","3","11","27.27","1","7","14.29","2","48","4.17","82","179","45.81"
"","Kyle Harris","C","FLNT","17.427","57","5","4","2","9","11","75","6.67","0.09","0.07","0.04","0.16","0.19","1.32","7.99","0.14","667.17","11.7","0.45","0.36","0.18","0.81","0.99","6.74","0.72","14.8","13.81","42.12","51.91","-2.67","38.46","30","48","1","17","5.88","2","19","10.53","2","39","5.13","157","385","40.78"
"","Curtis Egert","LW","SAR","19.612","53","8","1","2","9","11","46","17.39","0.15","0.02","0.04","0.17","0.21","0.87","4.39","0.08","501.55","9.46","0.96","0.12","0.24","1.08","1.32","5.5","0.53","12.97","13.46","43.56","48.23","-9.64","38.0","19","31","2","5","40.0","2","10","20.0","4","31","12.9","3","9","33.33"
"","Andrew Bruder","C","NIAG","18.081","41","4","5","2","9","11","44","9.09","0.1","0.12","0.05","0.22","0.27","1.07","3.62","0.09","391.57","9.55","0.61","0.77","0.31","1.38","1.69","6.74","0.55","13.63","13.64","56.73","49.76","-20.92","43.75","14","18","1","8","12.5","1","8","12.5","2","28","7.14","78","164","47.56"
"","Dawson Baker","RW","KGN","18.432","51","7","2","1","9","10","45","15.56","0.14","0.04","0.02","0.18","0.2","0.88","4.18","0.08","600.78","11.78","0.7","0.2","0.1","0.9","1.0","4.49","0.42","13.56","13.96","30.54","52.68","-6.35","24.56","14","43","2","7","28.57","2","7","28.57","3","31","9.68","131","272","48.16"
"","Quinn Yule","LW","OTT","18.692","42","4","5","1","9","10","43","9.3","0.1","0.12","0.02","0.21","0.24","1.02","4.06","0.1","399.52","9.51","0.6","0.75","0.15","1.35","1.5","6.46","0.61","13.51","13.72","62.48","46.55","-10.28","58.62","17","12","2","9","22.22","1","6","16.67","1","28","3.57","1","4","25.0"
"","Mike Petizian","LW","KIT","17.566","46","4","5","1","9","10","49","8.16","0.09","0.11","0.02","0.2","0.22","1.07","4.65","0.1","507.57","11.03","0.47","0.59","0.12","1.06","1.18","5.79","0.55","14.41","14.03","43.28","50.17","-8.62","36.0","18","32","1","3","33.33","0","17","0.0","3","29","10.34","34","67","50.75"
"","Zachary Roberts","LW","GUE/OS","19.116","38","7","2","1","9","10","35","20.0","0.18","0.05","0.03","0.24","0.26","0.92","3.58","0.09","374.08","9.84","1.12","0.32","0.16","1.44","1.6","5.61","0.57","14.16","13.96","48.2","52.65","-14.57","40.62","13","19","3","5","60.0","2","8","25.0","2","22","9.09","0","2","0.0"
"","Adam Varga","RW","MISS","17.273","51","4","5","0","9","9","77","5.19","0.08","0.1","0.0","0.18","0.18","1.51","5.48","0.11","487.91","9.57","0.49","0.61","0.0","1.11","1.11","9.47","0.67","13.77","13.79","45.79","48.65","-10.53","38.24","13","21","0","8","0.0","1","8","12.5","3","61","4.92","1","3","33.33"
"","Harrison Caines","LW","NB","17.583","43","6","2","7","8","15","56","10.71","0.14","0.05","0.16","0.19","0.35","1.3","3.36","0.08","437.87","10.18","0.82","0.27","0.96","1.1","2.06","7.67","0.46","14.2","13.9","44.45","53.44","2.66","50.0","17","17","1","3","33.33","1","4","25.0","4","49","8.16","3","9","33.33"
"","Alex Johnston","C","SSM","16.822","43","7","1","6","8","14","40","17.5","0.16","0.02","0.14","0.19","0.33","0.93","3.7","0.09","426.3","9.91","0.99","0.14","0.84","1.13","1.97","5.63","0.52","13.73","13.74","53.37","49.6","-8.76","50.0","20","20","2","8","25.0","2","7","28.57","3","25","12.0","114","248","45.97"
"","Griffin Wilson","C","OS","17.295","53","4","4","5","8","13","46","8.7","0.08","0.08","0.09","0.15","0.25","0.87","3.56","0.07","531.89","10.04","0.45","0.45","0.56","0.9","1.47","5.19","0.4","13.72","13.89","45.73","50.44","-7.9","39.13","18","28","1","2","50.0","1","5","20.0","2","39","5.13","132","306","43.14"
"","Matt Hotchkiss","LW","KGN","20.605","46","4","4","5","8","13","64","6.25","0.09","0.09","0.11","0.17","0.28","1.39","6.64","0.14","561.39","12.2","0.43","0.43","0.53","0.86","1.39","6.84","0.71","13.99","14.26","33.2","50.65","12.26","40.74","22","32","1","9","11.11","0","10","0.0","3","45","6.67","19","37","51.35"
"","Hayden Fowler","RW","ER","16.975","18","4","4","3","8","11","21","19.05","0.22","0.22","0.17","0.44","0.61","1.17","1.82","0.1","287.41","15.97","0.84","0.84","0.63","1.67","2.3","4.38","0.38","14.86","14.18","48.63","50.83","9.22","53.66","22","19","0","3","0.0","0","4","0.0","4","14","28.57","74","155","47.74"
"","Sam Rhodes","C","BAR","18.571","54","7","1","2","8","10","57","12.28","0.13","0.02","0.04","0.15","0.19","1.06","4.87","0.09","522.07","9.67","0.8","0.11","0.23","0.92","1.15","6.55","0.56","13.8","13.79","50.39","50.63","-14.31","40.0","16","24","1","6","16.67","4","13","30.77","2","38","5.26","17","43","39.53"
"","Alexey Lipanov","C","KIT","19.08","49","3","4","5","7","12","48","6.25","0.06","0.08","0.1","0.14","0.24","0.98","3.81","0.08","601.44","12.27","0.3","0.4","0.5","0.7","1.2","4.79","0.38","14.48","14.07","42.62","49.75","-11.74","33.82","23","45","0","3","0.0","1","9","11.11","2","36","5.56","206","436","47.25"
"","Isaac Langdon","C","KIT","16.318","54","3","4","4","7","11","39","7.69","0.06","0.07","0.07","0.13","0.2","0.72","2.84","0.05","546.33","10.12","0.33","0.44","0.44","0.77","1.21","4.28","0.31","14.05","13.98","40.82","51.29","-21.35","27.08","13","35","1","7","14.29","1","6","16.67","1","26","3.85","189","374","50.53"
"","Brett Jacklin","RW","SSM","18.566","43","3","4","3","7","10","38","7.89","0.07","0.09","0.07","0.16","0.23","0.88","3.42","0.08","406.28","9.45","0.44","0.59","0.44","1.03","1.48","5.61","0.5","13.71","13.57","53.13","49.77","-8.21","46.88","15","17","2","7","28.57","0","4","0.0","1","27","3.7","5","8","62.5"
"","Liam Stevens","LW","HAM","19.398","54","5","2","3","7","10","44","11.36","0.09","0.04","0.06","0.13","0.19","0.81","3.66","0.07","535.66","9.92","0.56","0.22","0.34","0.78","1.12","4.93","0.41","13.37","13.98","41.18","50.36","-6.04","38.3","18","29","0","4","0.0","2","9","22.22","3","31","9.68","8","12","66.67"
"","Brendan Sellan","LW","ER","17.643","52","3","4","3","7","10","51","5.88","0.06","0.08","0.06","0.13","0.19","0.98","4.62","0.09","545.99","10.5","0.33","0.44","0.33","0.77","1.1","5.6","0.51","14.16","13.81","43.86","50.0","-14.54","32.69","17","35","0","9","0.0","3","13","23.08","0","29","0.0","4","13","30.77"
"","Jaromir Pytlik","RW","SSM","16.972","13","6","1","3","7","10","21","28.57","0.46","0.08","0.23","0.54","0.77","1.62","2.46","0.19","164.15","12.63","2.19","0.37","1.1","2.56","3.66","7.68","0.9","15.6","13.51","56.37","55.95","9.08","65.22","15","8","2","5","40.0","2","5","40.0","2","11","18.18","1","2","50.0"
"","Luke Drewitt","LW","KGN","16.967","42","1","6","2","7","9","20","5.0","0.02","0.14","0.05","0.17","0.21","0.48","2.09","0.05","448.98","10.69","0.13","0.8","0.27","0.94","1.2","2.67","0.28","13.5","13.81","31.35","52.18","-9.52","23.81","10","32","0","3","0.0","0","5","0.0","1","12","8.33","95","176","53.98"
"","Jackson Doherty","LW","OS","18.065","55","4","3","2","7","9","52","7.69","0.07","0.05","0.04","0.13","0.16","0.95","4.81","0.09","608.2","11.06","0.39","0.3","0.2","0.69","0.89","5.13","0.47","13.87","14.06","45.4","52.4","-9.78","36.67","22","38","1","7","14.29","2","7","28.57","1","38","2.63","1","6","16.67"
"","Anthony Tabak","LW","SAR/SBY","16.775","49","1","6","2","7","9","44","2.27","0.02","0.12","0.04","0.14","0.18","0.9","2.97","0.06","491.9","10.04","0.12","0.73","0.24","0.85","1.1","5.37","0.36","12.92","13.83","51.46","49.5","-3.26","48.89","22","23","0","5","0.0","0","7","0.0","1","32","3.12","124","282","43.97"
"","Lucas Rowe","RW","FLNT/KGN/LDN","17.09","46","2","5","2","7","9","43","4.65","0.04","0.11","0.04","0.15","0.2","0.93","3.34","0.07","572.55","12.45","0.21","0.52","0.21","0.73","0.94","4.51","0.35","13.36","13.81","31.27","54.54","-20.42","16.42","11","56","0","8","0.0","1","6","16.67","1","29","3.45","95","257","36.96"
"","Zachary Jackson","LW","HAM","19.677","39","2","5","1","7","8","42","4.76","0.05","0.13","0.03","0.18","0.21","1.08","4.01","0.1","397.95","10.2","0.3","0.75","0.15","1.06","1.21","6.33","0.6","13.3","14.01","42.26","52.06","-10.94","34.38","11","21","1","8","12.5","1","9","11.11","0","25","0.0","120","278","43.17"
"","Jack Phibbs","LW","FLNT","19.532","53","3","4","1","7","8","53","5.66","0.06","0.08","0.02","0.13","0.15","1.0","4.28","0.08","522.91","9.87","0.34","0.46","0.11","0.8","0.92","6.08","0.49","14.21","13.88","39.23","52.47","-18.92","26.53","13","36","0","11","0.0","1","5","20.0","2","37","5.41","111","280","39.64"
"","Sahil Panwar","C","LDN","16.636","25","4","3","0","7","7","25","16.0","0.16","0.12","0.0","0.28","0.28","1.0","1.78","0.07","227.02","9.08","1.06","0.79","0.0","1.85","1.85","6.61","0.47","13.14","13.49","56.04","47.64","-3.3","52.63","10","9","0","2","0.0","2","5","40.0","2","18","11.11","8","19","42.11"
"","Alex Turko","C","LDN","19.688","55","3","3","6","6","12","51","5.88","0.05","0.05","0.11","0.11","0.22","0.93","4.34","0.08","540.18","9.82","0.33","0.33","0.67","0.67","1.33","5.66","0.48","14.13","14.47","60.92","47.96","-12.76","50.0","25","25","1","6","16.67","0","9","0.0","2","36","5.56","72","138","52.17"
"","Navrin Mutter","LW","HAM","17.503","56","3","3","4","6","10","39","7.69","0.05","0.05","0.07","0.11","0.18","0.7","3.53","0.06","594.04","10.61","0.3","0.3","0.4","0.61","1.01","3.94","0.36","13.66","13.93","41.98","51.35","-13.12","33.33","20","40","1","7","14.29","1","6","16.67","1","26","3.85","3","6","50.0"
"","Cameron Tolnai","C","OTT","16.584","49","2","4","3","6","9","43","4.65","0.04","0.08","0.06","0.12","0.18","0.88","4.12","0.08","453.84","9.26","0.26","0.53","0.4","0.79","1.19","5.68","0.54","13.33","13.84","62.79","47.03","-23.98","45.45","15","18","0","9","0.0","1","9","11.11","1","25","4.0","200","395","50.63"
"","Reid Valade","RW","KIT","16.507","49","2","4","3","6","9","54","3.7","0.04","0.08","0.06","0.12","0.18","1.1","4.13","0.08","578.85","11.81","0.21","0.41","0.31","0.62","0.93","5.6","0.43","14.31","13.95","41.9","50.38","-11.82","36.07","22","39","0","6","0.0","0","11","0.0","2","37","5.41","10","15","66.67"
"","Cole Resnick","LW","OSH","19.404","51","4","2","2","6","8","50","8.0","0.08","0.04","0.04","0.12","0.16","0.98","3.63","0.07","418.16","8.2","0.57","0.29","0.29","0.86","1.15","7.17","0.52","12.61","13.6","51.58","49.88","-14.29","41.67","10","14","2","7","28.57","0","5","0.0","2","38","5.26","83","224","37.05"
"","Daniel Walker","LW","NB","19.33","37","5","1","2","6","8","71","7.04","0.14","0.03","0.05","0.16","0.22","1.92","6.96","0.19","445.24","12.03","0.67","0.13","0.27","0.81","1.08","9.57","0.94","13.87","13.34","43.81","51.18","-18.27","32.5","13","27","0","8","0.0","2","16","12.5","3","47","6.38","7","11","63.64"
"","Peter Fleming","LW","BAR","17.528","45","4","2","0","6","6","22","18.18","0.09","0.04","0.0","0.13","0.13","0.49","1.68","0.04","351.31","7.81","0.68","0.34","0.0","1.02","1.02","3.76","0.29","12.39","13.29","51.74","49.4","-3.5","47.37","9","10","2","3","66.67","1","2","50.0","1","17","5.88","125","269","46.47"
"","Tyson Foerster","C","BAR","16.657","51","4","1","8","5","13","42","9.52","0.08","0.02","0.16","0.1","0.25","0.82","3.07","0.06","487.4","9.56","0.49","0.12","0.98","0.62","1.6","5.17","0.38","12.91","13.63","50.45","47.82","7.32","56.76","21","16","1","3","33.33","1","8","12.5","2","31","6.45","36","90","40.0"
"","Liam Van Loon","LW","HAM","17.079","43","3","2","7","5","12","45","6.67","0.07","0.05","0.16","0.12","0.28","1.05","4.14","0.1","436.2","10.14","0.41","0.28","0.96","0.69","1.65","6.19","0.57","13.8","14.19","43.93","51.02","9.23","51.28","20","19","1","10","10.0","0","10","0.0","2","25","8.0","8","16","50.0"
"","Luke Kutkevicius","C","WSR","20.477","30","2","3","4","5","9","34","5.88","0.07","0.1","0.13","0.17","0.3","1.13","3.46","0.12","354.19","11.81","0.34","0.51","0.68","0.85","1.52","5.76","0.59","14.25","14.13","53.19","51.62","-14.04","44.12","15","19","1","1","100.0","1","9","11.11","0","24","0.0","150","301","49.83"
"","Riley Piercey","RW","BAR","16.49","47","2","3","4","5","9","42","4.76","0.04","0.06","0.09","0.11","0.19","0.89","4.05","0.09","415.93","8.85","0.29","0.43","0.58","0.72","1.3","6.06","0.58","12.53","13.59","49.58","48.53","8.17","61.54","16","10","1","10","10.0","0","5","0.0","1","27","3.7","6","13","46.15"
"","Blake McConville","RW","SBY","18.451","40","1","4","3","5","8","24","4.17","0.03","0.1","0.07","0.12","0.2","0.6","1.6","0.04","335.76","8.39","0.18","0.71","0.54","0.89","1.43","4.29","0.29","13.08","13.89","55.7","48.99","3.96","58.33","14","10","0","2","0.0","0","3","0.0","1","19","5.26","4","7","57.14"
"","Christian Girhiny","LW","ER","20.069","11","2","3","3","5","8","10","20.0","0.18","0.27","0.27","0.45","0.73","0.91","1.14","0.1","131.02","11.91","0.92","1.37","1.37","2.29","3.66","4.58","0.52","14.46","13.84","48.84","47.24","2.22","53.33","8","7","1","2","50.0","0","3","0.0","1","5","20.0","1","1","100.0"
"","Jake Uberti","C","NIAG","16.526","50","2","3","3","5","8","33","6.06","0.04","0.06","0.06","0.1","0.16","0.66","3.03","0.06","413.0","8.26","0.29","0.44","0.44","0.73","1.16","4.79","0.44","13.29","13.6","53.53","50.51","-14.88","48.15","13","14","0","5","0.0","0","5","0.0","2","23","8.7","119","247","48.18"
"","Roman Pucek","LW","SSM","18.423","33","4","1","2","5","7","24","16.67","0.12","0.03","0.06","0.15","0.21","0.73","3.04","0.09","289.36","8.77","0.83","0.21","0.41","1.04","1.45","4.98","0.63","14.1","13.77","53.71","49.16","-9.62","45.45","10","12","3","8","37.5","0","3","0.0","1","13","7.69","0","4","0.0"
"","Ian Martin","RW","KGN/NIAG","17.632","47","1","4","2","5","7","33","3.03","0.02","0.09","0.04","0.11","0.15","0.7","1.48","0.03","457.39","9.73","0.13","0.52","0.26","0.66","0.92","4.33","0.19","13.13","13.99","39.62","52.86","-14.49","25.0","10","30","1","2","50.0","0","1","0.0","0","30","0.0","4","6","66.67"
"","Patrick Brown","C","NB","18.486","49","2","3","1","5","6","31","6.45","0.04","0.06","0.02","0.1","0.12","0.63","2.0","0.04","406.55","8.3","0.3","0.44","0.15","0.74","0.89","4.58","0.3","13.43","13.59","39.52","52.04","-21.07","28.0","7","18","2","6","33.33","0","4","0.0","0","21","0.0","41","90","45.56"
"","Connor Roberts","RW","FLNT","18.563","14","3","2","0","5","5","23","13.04","0.21","0.14","0.0","0.36","0.36","1.64","2.09","0.15","175.97","12.57","1.02","0.68","0.0","1.7","1.7","7.84","0.71","14.53","14.05","35.73","48.39","3.97","35.0","7","13","0","2","0.0","1","3","33.33","2","18","11.11","38","75","50.67"
"","Eric Guest","C","KIT","18.391","45","1","3","4","4","8","59","1.69","0.02","0.07","0.09","0.09","0.18","1.31","4.4","0.1","572.37","12.72","0.1","0.31","0.42","0.42","0.84","6.18","0.46","14.47","14.17","43.37","52.04","-7.14","35.0","21","39","0","2","0.0","0","12","0.0","1","45","2.22","61","124","49.19"
"","Zayde Wisdom","C","KGN","16.323","49","2","2","3","4","7","54","3.7","0.04","0.04","0.06","0.08","0.14","1.1","4.18","0.09","557.45","11.38","0.22","0.22","0.32","0.43","0.75","5.81","0.45","13.74","14.14","31.71","50.42","-8.33","25.0","13","39","1","8","12.5","0","8","0.0","1","38","2.63","44","93","47.31"
"","Manuel Alberg","RW","OS","17.528","44","1","3","3","4","7","37","2.7","0.02","0.07","0.07","0.09","0.16","0.84","3.32","0.08","400.92","9.11","0.15","0.45","0.45","0.6","1.05","5.54","0.5","13.78","13.81","44.84","48.67","-7.93","39.29","11","17","0","4","0.0","0","4","0.0","1","29","3.45","9","17","52.94"
"","Tag Bertuzzi","LW","GUE/HAM","17.572","30","3","1","3","4","7","45","6.67","0.1","0.03","0.1","0.13","0.23","1.5","3.87","0.13","323.46","10.78","0.56","0.19","0.56","0.74","1.3","8.35","0.72","14.31","13.77","50.41","48.95","-23.44","31.25","10","22","0","5","0.0","2","10","20.0","1","30","3.33","1","3","33.33"
"","Kyle Bollers","LW","OSH","19.513","38","1","3","2","4","6","40","2.5","0.03","0.08","0.05","0.11","0.16","1.05","4.25","0.11","364.55","9.59","0.16","0.49","0.33","0.66","0.99","6.58","0.7","13.04","13.32","51.65","49.08","-9.11","46.67","14","16","0","11","0.0","0","3","0.0","1","26","3.85","11","21","52.38"
"","Bryce Caruk","C","OS","17.684","27","2","2","1","4","5","12","16.67","0.07","0.07","0.04","0.15","0.19","0.44","0.98","0.04","235.33","8.72","0.51","0.51","0.25","1.02","1.27","3.06","0.25","13.97","13.59","46.13","50.61","3.4","46.67","7","8","2","3","66.67","0","1","0.0","0","8","0.0","14","34","41.18"
"","Matthew Maggio","RW","OTT","15.806","33","2","2","1","4","5","14","14.29","0.06","0.06","0.03","0.12","0.15","0.42","0.92","0.03","289.68","8.78","0.41","0.41","0.21","0.83","1.04","2.9","0.19","13.57","13.21","61.01","44.65","-15.87","50.0","10","10","0","1","0.0","0","2","0.0","2","11","18.18","0","5","0.0"
"","Filip Reisnecker","LW","MISS","16.759","32","4","0","1","4","5","36","11.11","0.12","0.0","0.03","0.12","0.16","1.12","2.45","0.08","314.23","9.82","0.76","0.0","0.19","0.76","0.95","6.87","0.47","13.34","14.19","44.03","51.52","-9.65","37.5","9","15","2","5","40.0","0","5","0.0","2","26","7.69","1","4","25.0"
"","William Portokalis","C","MISS","16.449","46","3","1","1","4","5","25","12.0","0.07","0.02","0.02","0.09","0.11","0.54","2.12","0.05","359.54","7.82","0.5","0.17","0.17","0.67","0.83","4.17","0.35","13.56","13.28","44.38","46.82","-5.99","45.0","9","11","0","4","0.0","2","6","33.33","1","15","6.67","27","72","37.5"
"","Theo Hill","C","SAR","16.449","52","2","2","1","4","5","15","13.33","0.04","0.04","0.02","0.08","0.1","0.29","1.25","0.02","409.5","7.88","0.29","0.29","0.15","0.59","0.73","2.2","0.18","12.79","13.65","42.18","49.65","-16.48","31.25","10","22","1","2","50.0","0","0","0.0","1","13","7.69","159","332","47.89"
"","Justin McCombs","C","SAR","17.219","38","3","1","1","4","5","18","16.67","0.08","0.03","0.03","0.11","0.13","0.47","1.9","0.05","329.96","8.68","0.55","0.18","0.18","0.73","0.91","3.27","0.34","13.11","13.67","44.04","49.06","-23.45","24.14","7","22","1","6","16.67","1","4","25.0","1","8","12.5","37","97","38.14"
"","Emmet Pierce","RW","FLNT","17.295","14","4","0","1","4","5","17","23.53","0.29","0.0","0.07","0.29","0.36","1.21","1.25","0.09","141.77","10.13","1.69","0.0","0.42","1.69","2.12","7.19","0.53","13.75","13.69","39.35","52.77","-19.42","31.25","5","11","0","1","0.0","2","4","50.0","2","12","16.67","1","3","33.33"
"","Dylan Robinson","LW","OSH","16.208","33","2","1","4","3","7","28","7.14","0.06","0.03","0.12","0.09","0.21","0.85","2.3","0.07","302.64","9.17","0.4","0.2","0.79","0.59","1.39","5.55","0.46","13.75","13.99","52.55","47.13","5.38","65.22","15","8","1","4","25.0","1","3","33.33","0","21","0.0","60","158","37.97"
"","John Parker-Jones","RW","PBO","18.44","31","0","3","1","3","4","30","0.0","0.0","0.1","0.03","0.1","0.13","0.97","0.78","0.03","356.99","11.52","0.0","0.5","0.17","0.5","0.67","5.04","0.13","13.63","14.04","47.17","50.07","-6.81","39.02","16","25","0","0","0.0","0","0","0.0","0","30","0.0","2","2","100.0"
"","Jonah De Simone","RW","NIAG","16.556","43","3","0","1","3","4","20","15.0","0.07","0.0","0.02","0.07","0.09","0.47","1.19","0.03","336.81","7.83","0.53","0.0","0.18","0.53","0.71","3.56","0.21","12.88","13.13","52.87","48.85","-27.94","31.58","6","13","0","1","0.0","1","4","25.0","2","15","13.33","0","0","0.0"
"","Owen Burnell","C","HAM","20.061","11","2","1","1","3","4","11","18.18","0.18","0.09","0.09","0.27","0.36","1.0","1.17","0.11","117.4","10.67","1.02","0.51","0.51","1.53","2.04","5.62","0.6","12.86","13.99","40.33","53.27","-18.6","28.57","4","10","1","3","33.33","0","2","0.0","1","6","16.67","26","55","47.27"
"","Kurtis Evans","RW","NB","17.402","21","1","2","0","3","3","14","7.14","0.05","0.1","0.0","0.14","0.14","0.67","1.02","0.05","192.2","9.15","0.31","0.62","0.0","0.94","0.94","4.37","0.32","13.66","13.64","38.77","52.43","-26.23","17.65","3","14","0","2","0.0","1","2","50.0","0","10","0.0","1","3","33.33"
"","Elias Cohen","C","ER","16.041","6","3","0","0","3","3","10","30.0","0.5","0.0","0.0","0.5","0.5","1.67","0.98","0.16","70.82","11.8","2.54","0.0","0.0","2.54","2.54","8.47","0.83","13.65","13.33","41.05","45.07","-23.64","36.36","4","7","1","2","50.0","0","3","0.0","2","5","40.0","0","1","0.0"
"","Egor Postnov","LW","NB","18.407","17","1","1","5","2","7","21","4.76","0.06","0.06","0.29","0.12","0.41","1.24","1.71","0.1","231.16","13.6","0.26","0.26","1.3","0.52","1.82","5.45","0.45","15.83","14.37","48.22","50.02","22.97","53.33","16","14","0","3","0.0","1","2","50.0","0","16","0.0","2","2","100.0"
"","Cameron Peters","C","NB","16.187","37","1","1","2","2","4","29","3.45","0.03","0.03","0.05","0.05","0.11","0.78","2.2","0.06","349.99","9.46","0.17","0.17","0.34","0.34","0.69","4.97","0.38","13.93","13.74","41.48","53.62","-24.58","27.59","8","21","1","3","33.33","0","1","0.0","0","25","0.0","37","122","30.33"
"","Paul Larabie","C","KGN","18.631","28","2","0","1","2","3","25","8.0","0.07","0.0","0.04","0.07","0.11","0.89","1.73","0.06","274.85","9.82","0.44","0.0","0.22","0.44","0.65","5.46","0.38","13.83","14.02","31.28","54.27","-10.86","19.05","4","17","0","1","0.0","0","4","0.0","2","20","10.0","60","112","53.57"
"","Jake Partridge","LW","BAR/PBO","17.41","33","0","2","1","2","3","21","0.0","0.0","0.06","0.03","0.06","0.09","0.64","2.25","0.07","262.49","7.95","0.0","0.46","0.23","0.46","0.69","4.8","0.51","12.65","13.63","48.36","46.48","1.94","50.0","6","6","0","8","0.0","0","2","0.0","0","11","0.0","2","7","28.57"
"","Ben Garagan","C","HAM/WSR","19.691","46","2","0","1","2","3","45","4.44","0.04","0.0","0.02","0.04","0.07","0.98","3.89","0.08","410.69","8.93","0.29","0.0","0.15","0.29","0.44","6.57","0.57","14.2","13.84","46.67","52.15","-26.84","18.52","5","22","1","5","20.0","0","6","0.0","1","34","2.94","92","197","46.7"
"","Dominic Mufarreh","C","SSM","16.553","9","2","0","1","2","3","4","50.0","0.22","0.0","0.11","0.22","0.33","0.44","0.26","0.03","83.64","9.29","1.43","0.0","0.72","1.43","2.15","2.87","0.19","13.54","13.47","52.33","43.13","-5.72","57.14","4","3","0","0","0.0","1","1","100.0","1","3","33.33","0","0","0.0"
"","Kyle Jackson","LW","NB","15.913","9","2","0","1","2","3","7","28.57","0.22","0.0","0.11","0.22","0.33","0.78","0.69","0.08","85.89","9.54","1.4","0.0","0.7","1.4","2.1","4.89","0.48","14.12","13.6","47.87","47.93","23.48","62.5","5","3","1","1","100.0","1","2","50.0","0","4","0.0","15","39","38.46"
"","Dennis Golovatchev","LW","KGN","17.569","50","1","1","0","2","2","28","3.57","0.02","0.02","0.0","0.04","0.04","0.56","2.1","0.04","451.04","9.02","0.13","0.13","0.0","0.27","0.27","3.72","0.28","13.56","13.66","30.74","50.92","-4.72","25.81","8","23","0","1","0.0","0","4","0.0","1","23","4.35","47","127","37.01"
"","Kallaway Mercer","LW","KGN","16.165","36","2","0","0","2","2","23","8.7","0.06","0.0","0.0","0.06","0.06","0.64","2.05","0.06","347.15","9.64","0.35","0.0","0.0","0.35","0.35","3.98","0.35","13.49","13.52","32.13","52.94","-17.75","11.54","3","23","0","3","0.0","1","7","14.29","1","13","7.69","10","25","40.0"
"","Danyk Drouin","C","OSH","17.564","30","2","0","0","2","2","18","11.11","0.07","0.0","0.0","0.07","0.07","0.6","1.67","0.06","220.81","7.36","0.54","0.0","0.0","0.54","0.54","4.89","0.45","13.1","14.09","50.67","50.98","-7.48","50.0","5","5","1","4","25.0","1","1","100.0","0","13","0.0","7","16","43.75"
"","Yanic Crete","C","OTT","16.359","14","0","2","0","2","2","10","0.0","0.0","0.14","0.0","0.14","0.14","0.71","0.7","0.05","119.27","8.52","0.0","1.01","0.0","1.01","1.01","5.03","0.35","13.87","13.98","62.89","49.13","-32.61","42.86","3","4","0","1","0.0","0","0","0.0","0","9","0.0","24","38","63.16"
"","Rhys Forhan","C","NB","18.662","18","1","0","1","1","2","6","16.67","0.06","0.0","0.06","0.06","0.11","0.33","0.33","0.02","153.74","8.54","0.39","0.0","0.39","0.39","0.78","2.34","0.13","13.41","13.64","40.53","49.3","-24.71","16.67","2","10","0","0","0.0","0","1","0.0","1","5","20.0","15","26","57.69"
"","N Barke","LW","SAR","2017.703","6","1","0","1","1","2","3","33.33","0.17","0.0","0.17","0.17","0.33","0.5","0.42","0.07","56.06","9.34","1.07","0.0","1.07","1.07","2.14","3.21","0.44","15.21","14.66","48.14","44.86","27.2","66.67","4","2","0","0","0.0","1","2","50.0","0","1","0.0","2","3","66.67"
"","Steven Grant","LW","GUE","17.356","9","0","1","1","1","2","2","0.0","0.0","0.11","0.11","0.11","0.22","0.22","0.17","0.02","68.94","7.66","0.0","0.87","0.87","0.87","1.74","1.74","0.15","14.9","13.04","52.72","47.3","-13.64","50.0","2","2","0","1","0.0","0","0","0.0","0","1","0.0","0","1","0.0"
"","Cameron Hough","LW","KGN","17.895","38","0","1","0","1","1","45","0.0","0.0","0.03","0.0","0.03","0.03","1.18","3.01","0.08","441.27","11.61","0.0","0.14","0.0","0.14","0.14","6.12","0.41","13.41","14.02","29.44","52.03","-2.31","27.91","12","31","0","2","0.0","0","5","0.0","0","38","0.0","1","2","50.0"
"","Ben McFarlane","RW","GUE","16.102","8","0","1","0","1","1","6","0.0","0.0","0.12","0.0","0.12","0.12","0.75","0.18","0.02","63.46","7.93","0.0","0.95","0.0","0.95","0.95","5.67","0.17","13.25","13.26","53.34","47.1","4.77","66.67","2","1","0","0","0.0","0","0","0.0","0","6","0.0","6","24","25.0"
"","Ethan Cardwell","RW","SAG","16.044","6","1","0","0","1","1","5","20.0","0.17","0.0","0.0","0.17","0.17","0.83","0.46","0.08","65.22","10.87","0.92","0.0","0.0","0.92","0.92","4.6","0.42","14.17","14.58","53.85","50.62","-47.78","14.29","1","6","0","1","0.0","0","1","0.0","1","3","33.33","1","2","50.0"
"","Jesse Dick","C","OTT","17.347","6","1","0","0","1","1","4","25.0","0.17","0.0","0.0","0.17","0.17","0.67","0.35","0.06","44.72","7.45","1.34","0.0","0.0","1.34","1.34","5.37","0.48","12.91","12.78","59.9","51.23","-15.22","50.0","1","1","1","1","100.0","0","0","0.0","0","3","0.0","1","3","33.33"
"","Luke Evangelista","RW","LDN","16.564","25","0","0","2","0","2","13","0.0","0.0","0.0","0.08","0.0","0.08","0.52","1.09","0.04","202.13","8.09","0.0","0.0","0.59","0.0","0.59","3.86","0.32","13.31","14.19","57.39","48.97","-25.23","33.33","4","8","0","4","0.0","0","1","0.0","0","8","0.0","1","1","100.0"
"","Ethan Sims","C","NIAG","16.685","4","0","0","2","0","2","0","0.0","0.0","0.0","0.5","0.0","0.5","0.0","0.0","0.0","28.3","7.07","0.0","0.0","4.24","0.0","4.24","0.0","0.0","13.3","13.07","55.09","61.48","54.55","100.0","2","0","0","0","0.0","0","0","0.0","0","0","0.0","0","0","0.0"
"","Igor Larionov","RW","WSR","20.061","8","0","0","1","0","1","9","0.0","0.0","0.0","0.12","0.0","0.12","1.12","1.09","0.14","83.52","10.44","0.0","0.0","0.72","0.0","0.72","6.47","0.78","14.17","14.18","50.56","50.78","-10.71","42.86","3","4","0","1","0.0","0","1","0.0","0","7","0.0","47","90","52.22"
"","Callan Christner","LW","MISS","16.77","13","0","0","1","0","1","2","0.0","0.0","0.0","0.08","0.0","0.08","0.15","0.15","0.01","110.17","8.47","0.0","0.0","0.54","0.0","0.54","1.09","0.08","12.92","13.64","45.7","40.11","10.84","57.14","4","3","0","0","0.0","0","0","0.0","0","2","0.0","0","0","0.0"
"","Eric Eschweiler","RW","SBY","19.382","9","0","0","1","0","1","10","0.0","0.0","0.0","0.11","0.0","0.11","1.11","0.82","0.09","72.03","8.0","0.0","0.0","0.83","0.0","0.83","8.33","0.68","12.61","11.92","54.66","52.01","15.24","66.67","2","1","0","3","0.0","0","0","0.0","0","7","0.0","1","2","50.0"
"","Bryan Laureigh","LW","KGN","18.248","13","0","0","1","0","1","12","0.0","0.0","0.0","0.08","0.0","0.08","0.92","0.83","0.06","127.49","9.81","0.0","0.0","0.47","0.0","0.47","5.65","0.39","15.02","14.67","42.17","57.16","-17.78","22.22","2","7","0","1","0.0","0","1","0.0","0","10","0.0","0","1","0.0"
"","William Sirman","LW","OTT","18.867","2","0","0","0","0","0","2","0.0","0.0","0.0","0.0","0.0","0.0","1.0","0.09","0.05","26.49","13.24","0.0","0.0","0.0","0.0","0.0","4.53","0.21","13.63","12.91","59.73","46.13","-32.14","25.0","1","3","0","0","0.0","0","0","0.0","0","2","0.0","0","0","0.0"
"","Sam Meisenheimer","RW","MISS","20.679","2","0","0","0","0","0","3","0.0","0.0","0.0","0.0","0.0","0.0","1.5","0.23","0.11","19.73","9.86","0.0","0.0","0.0","0.0","0.0","9.12","0.7","13.59","14.89","45.15","64.53","-50.0","0.0","0","2","0","0","0.0","0","1","0.0","0","2","0.0","0","1","0.0"
"","Kyle Potts","C","NB","20.307","5","0","0","0","0","0","9","0.0","0.0","0.0","0.0","0.0","0.0","1.8","0.76","0.15","52.65","10.53","0.0","0.0","0.0","0.0","0.0","10.26","0.86","12.77","13.54","36.29","56.99","-36.67","0.0","0","6","0","2","0.0","0","0","0.0","0","7","0.0","37","66","56.06"
"","Carter Tresoor","C","KIT","17.58","26","0","0","0","0","0","14","0.0","0.0","0.0","0.0","0.0","0.0","0.54","1.23","0.05","228.21","8.78","0.0","0.0","0.0","0.0","0.0","3.68","0.32","14.05","13.41","39.29","49.13","-24.83","20.0","3","12","0","1","0.0","0","1","0.0","0","12","0.0","15","31","48.39"
"","Matt Gordon","C","KIT","17.547","6","0","0","0","0","0","0","0.0","0.0","0.0","0.0","0.0","0.0","0.0","0.0","0.0","41.44","6.91","0.0","0.0","0.0","0.0","0.0","0.0","0.0","13.52","13.42","34.01","37.04","-62.07","0.0","0","1","0","0","0.0","0","0","0.0","0","0","0.0","0","1","0.0"
"","Connor LePage","LW","BAR","16.989","1","0","0","0","0","0","0","0.0","0.0","0.0","0.0","0.0","0.0","0.0","0.0","0.0","0.0","0.0","0.0","0.0","0.0","0.0","0.0","0.0","0.0","0.0","0.0","0.0","0.0","-80.0","0.0","0","0","0","0","0.0","0","0","0.0","0","0","0.0","0","1","0.0"
"","Kyle Heitzner","C","MISS","19.165","5","0","0","0","0","0","10","0.0","0.0","0.0","0.0","0.0","0.0","2.0","0.68","0.14","40.91","8.18","0.0","0.0","0.0","0.0","0.0","14.67","0.99","12.25","15.46","46.8","51.44","-72.22","0.0","0","1","0","3","0.0","0","0","0.0","0","7","0.0","2","4","50.0"
"","Dustin Hutton","LW","PBO","16.98","7","0","0","0","0","0","1","0.0","0.0","0.0","0.0","0.0","0.0","0.14","0.07","0.01","54.01","7.72","0.0","0.0","0.0","0.0","0.0","1.11","0.08","13.58","12.39","43.93","41.56","22.67","66.67","2","1","0","0","0.0","0","0","0.0","0","1","0.0","2","4","50.0"
"","Joseph Serpa","C","KIT","16.482","6","0","0","0","0","0","1","0.0","0.0","0.0","0.0","0.0","0.0","0.17","0.06","0.01","48.26","8.04","0.0","0.0","0.0","0.0","0.0","1.24","0.07","13.31","14.25","34.06","59.81","-52.63","0.0","0","2","0","0","0.0","0","0","0.0","0","1","0.0","4","19","21.05"
"","Graham Dickerson","RW","KIT","17.569","30","0","0","0","0","0","16","0.0","0.0","0.0","0.0","0.0","0.0","0.53","1.43","0.05","244.0","8.13","0.0","0.0","0.0","0.0","0.0","3.93","0.35","13.21","13.63","37.82","49.0","-28.61","20.0","3","12","0","3","0.0","0","4","0.0","0","9","0.0","0","2","0.0"
"","Dawson McKinney","C","OSH","16.23","2","0","0","0","0","0","1","0.0","0.0","0.0","0.0","0.0","0.0","0.5","0.01","0.01","15.12","7.56","0.0","0.0","0.0","0.0","0.0","3.97","0.06","12.69","13.88","47.89","56.53","-38.46","0.0","0","1","0","0","0.0","0","0","0.0","0","1","0.0","0","2","0.0"
"","Matthew Papais","LW","GUE","2017.703","4","0","0","0","0","0","5","0.0","0.0","0.0","0.0","0.0","0.0","1.25","0.49","0.12","39.3","9.82","0.0","0.0","0.0","0.0","0.0","7.63","0.75","14.24","13.37","48.91","51.91","-50.0","0.0","0","3","0","1","0.0","0","1","0.0","0","3","0.0","0","0","0.0"
"","Felix-Antoine Tourigny","C","OTT","18.618","5","0","0","0","0","0","1","0.0","0.0","0.0","0.0","0.0","0.0","0.2","0.12","0.02","31.62","6.32","0.0","0.0","0.0","0.0","0.0","1.9","0.22","14.0","12.12","65.49","47.71","-64.0","0.0","0","1","0","0","0.0","0","0","0.0","0","1","0.0","13","34","38.24"
"","Carson Whitson","RW","MISS","16.63","7","0","0","0","0","0","1","0.0","0.0","0.0","0.0","0.0","0.0","0.14","0.05","0.01","44.73","6.39","0.0","0.0","0.0","0.0","0.0","1.34","0.07","12.12","14.6","41.16","57.23","-47.06","0.0","0","1","0","0","0.0","0","0","0.0","0","1","0.0","0","0","0.0"
"","Owen Saye","RW","SAR","16.693","3","0","0","0","0","0","1","0.0","0.0","0.0","0.0","0.0","0.0","0.33","0.07","0.02","25.06","8.35","0.0","0.0","0.0","0.0","0.0","2.39","0.17","13.66","13.2","44.28","49.34","-50.0","0.0","0","3","0","0","0.0","0","0","0.0","0","1","0.0","0","0","0.0"
"","Dylan D'Agostino","LW","HAM","18.15","22","0","0","0","0","0","2","0.0","0.0","0.0","0.0","0.0","0.0","0.09","0.05","0.0","150.4","6.84","0.0","0.0","0.0","0.0","0.0","0.8","0.02","12.89","13.02","38.0","47.59","-27.82","14.29","1","6","0","0","0.0","0","0","0.0","0","2","0.0","2","6","33.33"
"","Kalvyn Watson","RW","SSM","16.337","1","0","0","0","0","0","0","0.0","0.0","0.0","0.0","0.0","0.0","0.0","0.0","0.0","0.0","0.0","0.0","0.0","0.0","0.0","0.0","0.0","0.0","0.0","0.0","0.0","0.0","-50.0","0.0","0","0","0","0","0.0","0","0","0.0","0","0","0.0","0","0","0.0"
"","Nolan DeGurse","LW","SAR","16.937","3","0","0","0","0","0","1","0.0","0.0","0.0","0.0","0.0","0.0","0.33","0.13","0.04","25.12","8.37","0.0","0.0","0.0","0.0","0.0","2.39","0.31","11.16","13.18","39.71","50.06","-46.15","0.0","0","2","0","0","0.0","0","0","0.0","0","1","0.0","8","23","34.78"
"","Noah Sedore","LW","ER","16.556","3","0","0","0","0","0","2","0.0","0.0","0.0","0.0","0.0","0.0","0.67","0.13","0.04","23.74","7.91","0.0","0.0","0.0","0.0","0.0","5.05","0.34","13.39","12.31","44.02","39.07","-47.06","0.0","0","1","0","0","0.0","0","0","0.0","0","2","0.0","0","0","0.0"
"","Mat Hardwick","RW","NB","17.482","1","0","0","0","0","0","1","0.0","0.0","0.0","0.0","0.0","0.0","1.0","0.03","0.03","0.0","0.0","0.0","0.0","0.0","0.0","0.0","0.0","0.0","0.0","0.0","0.0","0.0","-60.0","0.0","0","0","0","0","0.0","0","0","0.0","0","1","0.0","0","0","0.0"