"#","Name","Pos","Team","Age","GP","G","A1","A2","P1","P","Sh","Sh%","G/GP","A1/GP","A2/GP","P1/GP","P/GP","Sh/GP","xG","xG/GP","HD G","HD Sh","HD Sh%","MD G","MD Sh","MD Sh%","LD G","LD Sh","LD Sh%","FOW","FOT","FOW%"
"","Alexander Katerinakis","RW","BLB","20.392","55","2","1","0","3","3","3","66.67","0.04","0.02","0.0","0.05","0.05","0.05","0.5","0.01","0","0","0.0","1","2","50.0","1","1","100.0","4","4","100.0"
"","Marc-Andre LeCouffe","C","BAT","19.253","54","2","0","0","2","2","2","100.0","0.04","0.0","0.0","0.04","0.04","0.04","0.52","0.01","1","1","100.0","0","0","0.0","1","1","100.0","6","9","66.67"
"","Mika Cyr","C","MON","19.174","56","1","1","0","2","2","1","100.0","0.02","0.02","0.0","0.04","0.04","0.02","0.19","0.0","1","1","100.0","0","0","0.0","0","0","0.0","18","25","72.0"
"","Raphael Lavoie","RW","HAL","17.972","54","1","1","0","2","2","1","100.0","0.02","0.02","0.0","0.04","0.04","0.02","0.36","0.01","0","0","0.0","1","1","100.0","0","0","0.0","4","5","80.0"
"","Dawson Mercer","RW","DRU","16.885","56","2","0","0","2","2","3","66.67","0.04","0.0","0.0","0.04","0.04","0.05","0.29","0.01","0","0","0.0","0","0","0.0","2","3","66.67","3","7","42.86"
"","Shawn Boudrias","RW","CAP/GAT","19.004","49","1","1","0","2","2","1","100.0","0.02","0.02","0.0","0.04","0.04","0.02","0.16","0.0","0","0","0.0","0","0","0.0","1","1","100.0","4","7","57.14"
"","Philipp Kurashev","C","QUE","18.927","47","1","1","0","2","2","3","33.33","0.02","0.02","0.0","0.04","0.04","0.06","0.2","0.0","0","0","0.0","0","0","0.0","1","3","33.33","7","16","43.75"
"","Maxim Trepanier","LW","HAL/GAT","19.338","35","1","0","1","1","2","2","50.0","0.03","0.0","0.03","0.03","0.06","0.06","0.51","0.01","0","0","0.0","0","1","0.0","1","1","100.0","0","1","0.0"
"","Joel Teasdale","LW","BLB/ROU","19.516","55","0","1","1","1","2","3","0.0","0.0","0.02","0.02","0.02","0.04","0.05","0.28","0.01","0","1","0.0","0","0","0.0","0","2","0.0","5","9","55.56"
"","Liam Leonard","C","BAT","18.467","53","0","1","0","1","1","0","0.0","0.0","0.02","0.0","0.02","0.02","0.0","0.0","0.0","0","0","0.0","0","0","0.0","0","0","0.0","0","0","0.0"
"","Jeremy McKenna","RW","MON","19.406","56","1","0","0","1","1","6","16.67","0.02","0.0","0.0","0.02","0.02","0.11","0.98","0.02","0","2","0.0","1","2","50.0","0","2","0.0","6","9","66.67"
"","Daniel Hardie","LW","CHA","20.263","55","1","0","0","1","1","2","50.0","0.02","0.0","0.0","0.02","0.02","0.04","0.19","0.0","0","0","0.0","1","1","100.0","0","1","0.0","0","2","0.0"
"","Nicholas Deakin-Poot","RW","SNB","19.631","46","1","0","0","1","1","1","100.0","0.02","0.0","0.0","0.02","0.02","0.02","0.15","0.0","1","1","100.0","0","0","0.0","0","0","0.0","4","4","100.0"
"","Luke Wilson","C","SNB","17.542","41","0","1","0","1","1","0","0.0","0.0","0.02","0.0","0.02","0.02","0.0","0.0","0.0","0","0","0.0","0","0","0.0","0","0","0.0","1","1","100.0"
"","Isiah Campbell","LW","CAP","17.772","48","0","1","0","1","1","1","0.0","0.0","0.02","0.0","0.02","0.02","0.02","0.08","0.0","0","0","0.0","0","1","0.0","0","0","0.0","3","6","50.0"
"","Egor Sokolov","LW","CAP","18.273","56","1","0","0","1","1","2","50.0","0.02","0.0","0.0","0.02","0.02","0.04","0.18","0.0","0","0","0.0","1","2","50.0","0","0","0.0","0","0","0.0"
"","Gabriel Proulx","C","CAP","19.48","52","1","0","0","1","1","1","100.0","0.02","0.0","0.0","0.02","0.02","0.02","0.13","0.0","0","0","0.0","0","0","0.0","1","1","100.0","3","4","75.0"
"","Mathias Laferriere","C","CAP","18.218","56","0","1","0","1","1","0","0.0","0.0","0.02","0.0","0.02","0.02","0.0","0.0","0.0","0","0","0.0","0","0","0.0","0","0","0.0","4","13","30.77"
"","Yan Dion","RW","VDO","20.365","51","1","0","0","1","1","1","100.0","0.02","0.0","0.0","0.02","0.02","0.02","0.15","0.0","1","1","100.0","0","0","0.0","0","0","0.0","0","0","0.0"
"","Justin Ducharme","LW","CHI","18.563","56","1","0","0","1","1","1","100.0","0.02","0.0","0.0","0.02","0.02","0.02","0.07","0.0","0","0","0.0","0","0","0.0","1","1","100.0","2","3","66.67"
"","Samuel Houde","C","CHI","18.522","52","0","1","0","1","1","0","0.0","0.0","0.02","0.0","0.02","0.02","0.0","0.0","0.0","0","0","0.0","0","0","0.0","0","0","0.0","4","9","44.44"
"","Ivan Chekhovich","LW","BAC","19.697","54","1","0","0","1","1","4","25.0","0.02","0.0","0.0","0.02","0.02","0.07","0.58","0.01","1","1","100.0","0","0","0.0","0","3","0.0","0","0","0.0"
"","Nicolas Guay","RW","DRU","19.245","52","0","1","0","1","1","1","0.0","0.0","0.02","0.0","0.02","0.02","0.02","0.1","0.0","0","0","0.0","0","1","0.0","0","0","0.0","4","6","66.67"
"","Gabriel Denis","C","SHA","17.857","50","0","1","0","1","1","0","0.0","0.0","0.02","0.0","0.02","0.02","0.0","0.0","0.0","0","0","0.0","0","0","0.0","0","0","0.0","1","4","25.0"
"","Jeremy Manseau","C","SHA","20.271","44","1","0","0","1","1","3","33.33","0.02","0.0","0.0","0.02","0.02","0.07","0.54","0.01","1","1","100.0","0","1","0.0","0","1","0.0","2","4","50.0"
"","Edouard St-Laurent","RW","SHE/QUE","18.448","52","1","0","0","1","1","1","100.0","0.02","0.0","0.0","0.02","0.02","0.02","0.38","0.01","1","1","100.0","0","0","0.0","0","0","0.0","0","0","0.0"
"","Louis-Filip Cote","LW","QUE/ROU","19.373","36","1","0","0","1","1","1","100.0","0.03","0.0","0.0","0.03","0.03","0.03","0.11","0.0","0","0","0.0","1","1","100.0","0","0","0.0","3","4","75.0"
"","Antoine Demers","C","BLB","19.423","56","0","1","0","1","1","3","0.0","0.0","0.02","0.0","0.02","0.02","0.05","0.33","0.01","0","1","0.0","0","0","0.0","0","2","0.0","8","14","57.14"
"","Luke Henman","C","BLB","18.38","54","1","0","0","1","1","2","50.0","0.02","0.0","0.0","0.02","0.02","0.04","0.15","0.0","0","0","0.0","0","0","0.0","1","2","50.0","4","8","50.0"
"","Mikhail Abramov","C","VIC","17.473","51","1","0","0","1","1","2","50.0","0.02","0.0","0.0","0.02","0.02","0.04","0.44","0.01","0","0","0.0","0","0","0.0","1","2","50.0","7","9","77.78"
"","Antoine Morand","C","HAL","19.573","54","0","1","0","1","1","2","0.0","0.0","0.02","0.0","0.02","0.02","0.04","0.16","0.0","0","0","0.0","0","1","0.0","0","1","0.0","3","7","42.86"
"","Jakob Pelletier","LW","MON","17.525","53","0","1","0","1","1","3","0.0","0.0","0.02","0.0","0.02","0.02","0.06","0.59","0.01","0","2","0.0","0","0","0.0","0","1","0.0","0","1","0.0"
"","Gregor MacLeod","C","DRU","20.274","54","0","1","0","1","1","1","0.0","0.0","0.02","0.0","0.02","0.02","0.02","0.36","0.01","0","0","0.0","0","1","0.0","0","0","0.0","0","0","0.0"
"","Joseph Veleno","C","DRU","18.673","47","1","0","0","1","1","1","100.0","0.02","0.0","0.0","0.02","0.02","0.02","0.02","0.0","0","0","0.0","0","0","0.0","1","1","100.0","8","10","80.0"
"","Ethan Crossman","LW","BAT/BAC","19.51","39","0","1","0","1","1","3","0.0","0.0","0.03","0.0","0.03","0.03","0.08","0.31","0.01","0","0","0.0","0","1","0.0","0","2","0.0","0","1","0.0"
"","Dawson Stairs","C","SNB","16.638","11","0","1","0","1","1","1","0.0","0.0","0.09","0.0","0.09","0.09","0.09","0.05","0.0","0","0","0.0","0","0","0.0","0","1","0.0","0","1","0.0"
"","Jordan Maher","RW","CHA/HAL","20.515","55","0","0","1","0","1","0","0.0","0.0","0.0","0.02","0.0","0.02","0.0","0.0","0.0","0","0","0.0","0","0","0.0","0","0","0.0","4","8","50.0"
"","Mitchell Balmas","RW","CAP","20.493","52","0","0","1","0","1","5","0.0","0.0","0.0","0.02","0.0","0.02","0.1","0.79","0.02","0","1","0.0","0","2","0.0","0","2","0.0","2","8","25.0"
"","Felix-Antoine Marcotty","RW","CHI","17.744","48","0","0","1","0","1","0","0.0","0.0","0.0","0.02","0.0","0.02","0.0","0.0","0.0","0","0","0.0","0","0","0.0","0","0","0.0","0","0","0.0"
"","Gabriel Fortier","C","BAC","18.607","56","0","0","1","0","1","1","0.0","0.0","0.0","0.02","0.0","0.02","0.02","0.01","0.0","0","0","0.0","0","0","0.0","0","1","0.0","5","13","38.46"
"","Cedric Desruisseaux","LW","DRU","18.536","51","0","0","1","0","1","1","0.0","0.0","0.0","0.02","0.0","0.02","0.02","0.02","0.0","0","0","0.0","0","0","0.0","0","1","0.0","1","1","100.0"
"","Felix Lafrance","LW","CAP","17.235","42","0","0","1","0","1","0","0.0","0.0","0.0","0.02","0.0","0.02","0.0","0.0","0.0","0","0","0.0","0","0","0.0","0","0","0.0","1","3","33.33"
"","Benoit-Olivier Groulx","C","HAL","18.607","53","0","0","1","0","1","0","0.0","0.0","0.0","0.02","0.0","0.02","0.0","0.0","0.0","0","0","0.0","0","0","0.0","0","0","0.0","2","6","33.33"
"","Evan MacKinnon","C","BAT","18.538","55","0","0","0","0","0","1","0.0","0.0","0.0","0.0","0.0","0.0","0.02","0.11","0.0","0","1","0.0","0","0","0.0","0","0","0.0","1","5","20.0"
"","Brandon Cianflone","RW","BAT","17.67","34","0","0","0","0","0","0","0.0","0.0","0.0","0.0","0.0","0.0","0.0","0.0","0.0","0","0","0.0","0","0","0.0","0","0","0.0","0","0","0.0"
"","Cole Rafuse","RW","BAT","19.694","54","0","0","0","0","0","1","0.0","0.0","0.0","0.0","0.0","0.0","0.02","0.09","0.0","0","0","0.0","0","0","0.0","0","1","0.0","3","5","60.0"
"","William Champagne","C","BAT","17.117","56","0","0","0","0","0","0","0.0","0.0","0.0","0.0","0.0","0.0","0.0","0.0","0.0","0","0","0.0","0","0","0.0","0","0","0.0","1","1","100.0"
"","Daniil Vertiy","LW","BAT","19.842","32","0","0","0","0","0","0","0.0","0.0","0.0","0.0","0.0","0.0","0.0","0.0","0.0","0","0","0.0","0","0","0.0","0","0","0.0","0","2","0.0"
"","Kristian Kovacik","C","BAT","18.237","26","0","0","0","0","0","0","0.0","0.0","0.0","0.0","0.0","0.0","0.0","0.0","0.0","0","0","0.0","0","0","0.0","0","0","0.0","1","4","25.0"
"","Logan Chisholm","LW","BAT","17.104","17","0","0","0","0","0","2","0.0","0.0","0.0","0.0","0.0","0.0","0.12","0.15","0.01","0","1","0.0","0","0","0.0","0","1","0.0","0","2","0.0"
"","Liam Murphy","LW","BAT/CHI","20.652","46","0","0","0","0","0","5","0.0","0.0","0.0","0.0","0.0","0.0","0.11","0.31","0.01","0","1","0.0","0","0","0.0","0","4","0.0","2","3","66.67"
"","Alexandre David","C","BAT","16.657","37","0","0","0","0","0","0","0.0","0.0","0.0","0.0","0.0","0.0","0.0","0.0","0.0","0","0","0.0","0","0","0.0","0","0","0.0","0","0","0.0"
"","Eliot Bergbauer","LW","MON","17.186","2","0","0","0","0","0","0","0.0","0.0","0.0","0.0","0.0","0.0","0.0","0.0","0.0","0","0","0.0","0","0","0.0","0","0","0.0","0","0","0.0"
"","Elliot Desnoyers","C","MON","16.649","49","0","0","0","0","0","0","0.0","0.0","0.0","0.0","0.0","0.0","0.0","0.0","0.0","0","0","0.0","0","0","0.0","0","0","0.0","2","2","100.0"
"","Brady Pataki","RW","MON","19.951","50","0","0","0","0","0","0","0.0","0.0","0.0","0.0","0.0","0.0","0.0","0.0","0.0","0","0","0.0","0","0","0.0","0","0","0.0","0","0","0.0"
"","Kyle Foreman","LW","MON","17.654","48","0","0","0","0","0","0","0.0","0.0","0.0","0.0","0.0","0.0","0.0","0.0","0.0","0","0","0.0","0","0","0.0","0","0","0.0","0","0","0.0"
"","Dylan Seitz","LW","MON","19.666","52","0","0","0","0","0","0","0.0","0.0","0.0","0.0","0.0","0.0","0.0","0.0","0.0","0","0","0.0","0","0","0.0","0","0","0.0","1","2","50.0"
"","Jacob Stewart","C","MON","17.339","45","0","0","0","0","0","0","0.0","0.0","0.0","0.0","0.0","0.0","0.0","0.0","0.0","0","0","0.0","0","0","0.0","0","0","0.0","0","0","0.0"
"","Adam Capannelli","C","MON","19.332","47","0","0","0","0","0","2","0.0","0.0","0.0","0.0","0.0","0.0","0.04","0.25","0.01","0","1","0.0","0","0","0.0","0","1","0.0","8","8","100.0"
"","Ozzie King","RW","MON","18.002","42","0","0","0","0","0","0","0.0","0.0","0.0","0.0","0.0","0.0","0.0","0.0","0.0","0","0","0.0","0","0","0.0","0","0","0.0","0","0","0.0"
"","Nicolas Kingsbury-Fournier","RW","MON/BAT/QUE","16.452","50","0","0","0","0","0","0","0.0","0.0","0.0","0.0","0.0","0.0","0.0","0.0","0.0","0","0","0.0","0","0","0.0","0","0","0.0","0","0","0.0"
"","Gavin Hart","C","HAL","17.35","4","0","0","0","0","0","0","0.0","0.0","0.0","0.0","0.0","0.0","0.0","0.0","0.0","0","0","0.0","0","0","0.0","0","0","0.0","0","0","0.0"
"","Joel Bishop","LW","HAL","19.36","46","0","0","0","0","0","0","0.0","0.0","0.0","0.0","0.0","0.0","0.0","0.0","0.0","0","0","0.0","0","0","0.0","0","0","0.0","0","0","0.0"
"","Xavier Parent","LW","HAL","17.482","55","0","0","0","0","0","0","0.0","0.0","0.0","0.0","0.0","0.0","0.0","0.0","0.0","0","0","0.0","0","0","0.0","0","0","0.0","0","0","0.0"
"","Marcel Barinka","C","HAL","17.482","40","0","0","0","0","0","0","0.0","0.0","0.0","0.0","0.0","0.0","0.0","0.0","0.0","0","0","0.0","0","0","0.0","0","0","0.0","1","3","33.33"
"","Samuel Dube","C","HAL","16.296","21","0","0","0","0","0","0","0.0","0.0","0.0","0.0","0.0","0.0","0.0","0.0","0.0","0","0","0.0","0","0","0.0","0","0","0.0","1","1","100.0"
"","Sam King","LW","CHA","20.348","2","0","0","0","0","0","0","0.0","0.0","0.0","0.0","0.0","0.0","0.0","0.0","0.0","0","0","0.0","0","0","0.0","0","0","0.0","0","0","0.0"
"","Brett Budgell","LW","CHA","17.29","54","0","0","0","0","0","1","0.0","0.0","0.0","0.0","0.0","0.0","0.02","0.1","0.0","0","1","0.0","0","0","0.0","0","0","0.0","2","2","100.0"
"","William Poirier","RW","SNB","18.84","53","0","0","0","0","0","0","0.0","0.0","0.0","0.0","0.0","0.0","0.0","0.0","0.0","0","0","0.0","0","0","0.0","0","0","0.0","3","5","60.0"
"","Brady Burns","C","SNB","16.304","53","0","0","0","0","0","2","0.0","0.0","0.0","0.0","0.0","0.0","0.04","0.38","0.01","0","2","0.0","0","0","0.0","0","0","0.0","1","7","14.29"
"","Josh Lawrence","C","SNB","16.63","42","0","0","0","0","0","0","0.0","0.0","0.0","0.0","0.0","0.0","0.0","0.0","0.0","0","0","0.0","0","0","0.0","0","0","0.0","3","8","37.5"
"","Anthony Boucher","C","SNB","20.225","33","0","0","0","0","0","2","0.0","0.0","0.0","0.0","0.0","0.0","0.06","0.38","0.01","0","0","0.0","0","1","0.0","0","1","0.0","3","5","60.0"
"","Filip Prikryl","C","SNB","17.454","55","0","0","0","0","0","0","0.0","0.0","0.0","0.0","0.0","0.0","0.0","0.0","0.0","0","0","0.0","0","0","0.0","0","0","0.0","3","6","50.0"
"","Robbie Burt","LW","SNB","19.3","50","0","0","0","0","0","0","0.0","0.0","0.0","0.0","0.0","0.0","0.0","0.0","0.0","0","0","0.0","0","0","0.0","0","0","0.0","2","4","50.0"
"","Aiden MacIntosh","C","SNB","17.446","40","0","0","0","0","0","0","0.0","0.0","0.0","0.0","0.0","0.0","0.0","0.0","0.0","0","0","0.0","0","0","0.0","0","0","0.0","1","2","50.0"
"","Jeremie Jacob","C","SNB","17.38","49","0","0","0","0","0","0","0.0","0.0","0.0","0.0","0.0","0.0","0.0","0.0","0.0","0","0","0.0","0","0","0.0","0","0","0.0","0","1","0.0"
"","Kevin Mason","C","SNB","18.675","13","0","0","0","0","0","0","0.0","0.0","0.0","0.0","0.0","0.0","0.0","0.0","0.0","0","0","0.0","0","0","0.0","0","0","0.0","0","0","0.0"
"","Maxim Cajkovic","RW","SNB","17.698","48","0","0","0","0","0","1","0.0","0.0","0.0","0.0","0.0","0.0","0.02","0.06","0.0","0","0","0.0","0","0","0.0","0","1","0.0","2","2","100.0"
"","Brock McLeod","C","HAL","19.439","46","0","0","0","0","0","0","0.0","0.0","0.0","0.0","0.0","0.0","0.0","0.0","0.0","0","0","0.0","0","0","0.0","0","0","0.0","1","1","100.0"
"","Arnaud Durandeau","LW","HAL","19.669","56","0","0","0","0","0","0","0.0","0.0","0.0","0.0","0.0","0.0","0.0","0.0","0.0","0","0","0.0","0","0","0.0","0","0","0.0","0","1","0.0"
"","Cole Stewart","RW","HAL","17.123","28","0","0","0","0","0","0","0.0","0.0","0.0","0.0","0.0","0.0","0.0","0.0","0.0","0","0","0.0","0","0","0.0","0","0","0.0","0","0","0.0"
"","Nathan MacMillan","LW","HAL","16.622","3","0","0","0","0","0","0","0.0","0.0","0.0","0.0","0.0","0.0","0.0","0.0","0.0","0","0","0.0","0","0","0.0","0","0","0.0","0","0","0.0"
"","Sullivan Sparkes","LW","CHA","19.368","14","0","0","0","0","0","1","0.0","0.0","0.0","0.0","0.0","0.0","0.07","0.15","0.01","0","1","0.0","0","0","0.0","0","0","0.0","2","3","66.67"
"","Nikita Alexandrov","C","CHA","17.996","51","0","0","0","0","0","0","0.0","0.0","0.0","0.0","0.0","0.0","0.0","0.0","0.0","0","0","0.0","0","0","0.0","0","0","0.0","2","18","11.11"
"","Keith Getson","C","CHA/HAL","20.466","56","0","0","0","0","0","0","0.0","0.0","0.0","0.0","0.0","0.0","0.0","0.0","0.0","0","0","0.0","0","0","0.0","0","0","0.0","11","19","57.89"
"","Liam Peyton","LW","CHA","18.462","48","0","0","0","0","0","0","0.0","0.0","0.0","0.0","0.0","0.0","0.0","0.0","0.0","0","0","0.0","0","0","0.0","0","0","0.0","0","0","0.0"
"","Thomas Casey","C","CHA","18.432","52","0","0","0","0","0","2","0.0","0.0","0.0","0.0","0.0","0.0","0.04","0.33","0.01","0","1","0.0","0","0","0.0","0","1","0.0","2","2","100.0"
"","Zachary Beauregard","C","CHA","17.566","53","0","0","0","0","0","1","0.0","0.0","0.0","0.0","0.0","0.0","0.02","0.09","0.0","0","0","0.0","0","0","0.0","0","1","0.0","3","6","50.0"
"","Derek Gentile","RW","CHA/CAP","19.436","54","0","0","0","0","0","1","0.0","0.0","0.0","0.0","0.0","0.0","0.02","0.05","0.0","0","0","0.0","0","0","0.0","0","1","0.0","7","15","46.67"
"","Drew Johnston","LW","CHA","17.049","39","0","0","0","0","0","0","0.0","0.0","0.0","0.0","0.0","0.0","0.0","0.0","0.0","0","0","0.0","0","0","0.0","0","0","0.0","0","0","0.0"
"","Cole Edwards","RW","CHA","18.344","41","0","0","0","0","0","0","0.0","0.0","0.0","0.0","0.0","0.0","0.0","0.0","0.0","0","0","0.0","0","0","0.0","0","0","0.0","0","0","0.0"
"","Alex Drover","C","CAP/SNB","16.2","38","0","0","0","0","0","0","0.0","0.0","0.0","0.0","0.0","0.0","0.0","0.0","0.0","0","0","0.0","0","0","0.0","0","0","0.0","0","1","0.0"
"","Declan Smith","C","CAP","20.359","47","0","0","0","0","0","0","0.0","0.0","0.0","0.0","0.0","0.0","0.0","0.0","0.0","0","0","0.0","0","0","0.0","0","0","0.0","3","3","100.0"
"","Olivier Bourret","RW","CAP","18.659","56","0","0","0","0","0","1","0.0","0.0","0.0","0.0","0.0","0.0","0.02","0.01","0.0","0","0","0.0","0","0","0.0","0","1","0.0","0","0","0.0"
"","Shaun Miller","RW","CAP","19.283","54","0","0","0","0","0","1","0.0","0.0","0.0","0.0","0.0","0.0","0.02","0.06","0.0","0","0","0.0","0","0","0.0","0","1","0.0","0","0","0.0"
"","Brooklyn Kalmikov","LW","CAP","17.402","52","0","0","0","0","0","0","0.0","0.0","0.0","0.0","0.0","0.0","0.0","0.0","0.0","0","0","0.0","0","0","0.0","0","0","0.0","4","10","40.0"
"","Ryan Francis","RW","CAP","16.786","53","0","0","0","0","0","0","0.0","0.0","0.0","0.0","0.0","0.0","0.0","0.0","0.0","0","0","0.0","0","0","0.0","0","0","0.0","0","0","0.0"
"","Ivan Kozlov","LW","VDO","19.475","52","0","0","0","0","0","3","0.0","0.0","0.0","0.0","0.0","0.0","0.06","0.04","0.0","0","0","0.0","0","0","0.0","0","3","0.0","0","0","0.0"
"","Daniil Berestnev","C","VDO","17.131","56","0","0","0","0","0","0","0.0","0.0","0.0","0.0","0.0","0.0","0.0","0.0","0.0","0","0","0.0","0","0","0.0","0","0","0.0","0","1","0.0"
"","Julien Tessier","C","VDO","20.458","50","0","0","0","0","0","2","0.0","0.0","0.0","0.0","0.0","0.0","0.04","0.26","0.01","0","0","0.0","0","1","0.0","0","1","0.0","8","17","47.06"
"","Guillaume Desmarais","LW","VDO","17.761","25","0","0","0","0","0","0","0.0","0.0","0.0","0.0","0.0","0.0","0.0","0.0","0.0","0","0","0.0","0","0","0.0","0","0","0.0","0","0","0.0"
"","Jacob Gaucher","C","VDO","17.52","57","0","0","0","0","0","0","0.0","0.0","0.0","0.0","0.0","0.0","0.0","0.0","0.0","0","0","0.0","0","0","0.0","0","0","0.0","8","13","61.54"
"","Frederic Abraham","RW","BLB/VDO","18.169","47","0","0","0","0","0","0","0.0","0.0","0.0","0.0","0.0","0.0","0.0","0.0","0.0","0","0","0.0","0","0","0.0","0","0","0.0","0","0","0.0"
"","Nicolas Ouellet","RW","VDO","19.683","44","0","0","0","0","0","1","0.0","0.0","0.0","0.0","0.0","0.0","0.02","0.21","0.0","0","1","0.0","0","0","0.0","0","0","0.0","0","1","0.0"
"","Benjamin Dion","LW","VDO","17.449","31","0","0","0","0","0","0","0.0","0.0","0.0","0.0","0.0","0.0","0.0","0.0","0.0","0","0","0.0","0","0","0.0","0","0","0.0","0","0","0.0"
"","William Provost","C","VDO","16.436","39","0","0","0","0","0","0","0.0","0.0","0.0","0.0","0.0","0.0","0.0","0.0","0.0","0","0","0.0","0","0","0.0","0","0","0.0","0","0","0.0"
"","Jeremy Michel","RW","VDO","17.372","53","0","0","0","0","0","0","0.0","0.0","0.0","0.0","0.0","0.0","0.0","0.0","0.0","0","0","0.0","0","0","0.0","0","0","0.0","1","3","33.33"
"","Alexandre Couture","LW","VDO","18.399","57","0","0","0","0","0","0","0.0","0.0","0.0","0.0","0.0","0.0","0.0","0.0","0.0","0","0","0.0","0","0","0.0","0","0","0.0","0","1","0.0"
"","Pier-Olivier Roy","LW","GAT","16.521","42","0","0","0","0","0","0","0.0","0.0","0.0","0.0","0.0","0.0","0.0","0.0","0.0","0","0","0.0","0","0","0.0","0","0","0.0","0","0","0.0"
"","Charles-Antoine Roy","C","GAT","19.573","45","0","0","0","0","0","2","0.0","0.0","0.0","0.0","0.0","0.0","0.04","0.19","0.0","0","0","0.0","0","1","0.0","0","1","0.0","3","4","75.0"
"","Manix Landry","C","GAT","15.811","43","0","0","0","0","0","0","0.0","0.0","0.0","0.0","0.0","0.0","0.0","0.0","0.0","0","0","0.0","0","0","0.0","0","0","0.0","2","2","100.0"
"","Giordano Finoro","C","GAT","20.332","54","0","0","0","0","0","0","0.0","0.0","0.0","0.0","0.0","0.0","0.0","0.0","0.0","0","0","0.0","0","0","0.0","0","0","0.0","3","7","42.86"
"","Samuel Asselin","C","BAT/HAL","20.208","57","0","0","0","0","0","1","0.0","0.0","0.0","0.0","0.0","0.0","0.02","0.02","0.0","0","0","0.0","0","0","0.0","0","1","0.0","5","13","38.46"
"","Yaroslav Alexeyev","LW","BAC","19.661","56","0","0","0","0","0","1","0.0","0.0","0.0","0.0","0.0","0.0","0.02","0.1","0.0","0","0","0.0","0","1","0.0","0","0","0.0","0","0","0.0"
"","Tyler Hylland","LW","BLB/BAC","20.403","57","0","0","0","0","0","2","0.0","0.0","0.0","0.0","0.0","0.0","0.04","0.14","0.0","0","0","0.0","0","0","0.0","0","2","0.0","1","2","50.0"
"","Nathan Legare","RW","BAC","17.676","56","0","0","0","0","0","4","0.0","0.0","0.0","0.0","0.0","0.0","0.07","0.11","0.0","0","0","0.0","0","0","0.0","0","4","0.0","1","3","33.33"
"","Andre Simard","LW","GAT","18.21","20","0","0","0","0","0","0","0.0","0.0","0.0","0.0","0.0","0.0","0.0","0.0","0.0","0","0","0.0","0","0","0.0","0","0","0.0","0","0","0.0"
"","Kieran Craig","LW","GAT","17.079","49","0","0","0","0","0","0","0.0","0.0","0.0","0.0","0.0","0.0","0.0","0.0","0.0","0","0","0.0","0","0","0.0","0","0","0.0","0","0","0.0"
"","William Basque","C","GAT","19.434","50","0","0","0","0","0","0","0.0","0.0","0.0","0.0","0.0","0.0","0.0","0.0","0.0","0","0","0.0","0","0","0.0","0","0","0.0","5","8","62.5"
"","Iaroslav Likhachev","RW","GAT","17.035","45","0","0","0","0","0","0","0.0","0.0","0.0","0.0","0.0","0.0","0.0","0.0","0.0","0","0","0.0","0","0","0.0","0","0","0.0","0","4","0.0"
"","Metis Roelens","C","GAT","18.152","54","0","0","0","0","0","0","0.0","0.0","0.0","0.0","0.0","0.0","0.0","0.0","0.0","0","0","0.0","0","0","0.0","0","0","0.0","1","3","33.33"
"","Tristan Pelletier","LW","CHI","17.427","42","0","0","0","0","0","0","0.0","0.0","0.0","0.0","0.0","0.0","0.0","0.0","0.0","0","0","0.0","0","0","0.0","0","0","0.0","0","0","0.0"
"","Theo Rochette","C","CHI","16.567","47","0","0","0","0","0","1","0.0","0.0","0.0","0.0","0.0","0.0","0.02","0.04","0.0","0","0","0.0","0","0","0.0","0","1","0.0","2","5","40.0"
"","Jeremy Fortin","LW","CHI","19.187","53","0","0","0","0","0","0","0.0","0.0","0.0","0.0","0.0","0.0","0.0","0.0","0.0","0","0","0.0","0","0","0.0","0","0","0.0","5","7","71.43"
"","Vincent Tremblay-Lapalme","RW","CHI","19.505","42","0","0","0","0","0","0","0.0","0.0","0.0","0.0","0.0","0.0","0.0","0.0","0.0","0","0","0.0","0","0","0.0","0","0","0.0","3","3","100.0"
"","Ryan Smith","C","CHI","19.283","32","0","0","0","0","0","0","0.0","0.0","0.0","0.0","0.0","0.0","0.0","0.0","0.0","0","0","0.0","0","0","0.0","0","0","0.0","0","0","0.0"
"","Christophe Farmer","RW","CHI","17.607","31","0","0","0","0","0","0","0.0","0.0","0.0","0.0","0.0","0.0","0.0","0.0","0.0","0","0","0.0","0","0","0.0","0","0","0.0","0","0","0.0"
"","Mathieu Desgagnes","LW","BAT/CHI","18.423","39","0","0","0","0","0","0","0.0","0.0","0.0","0.0","0.0","0.0","0.0","0.0","0.0","0","0","0.0","0","0","0.0","0","0","0.0","0","0","0.0"
"","Jesse Sutton","LW","BAT/CHI","20.469","54","0","0","0","0","0","2","0.0","0.0","0.0","0.0","0.0","0.0","0.04","0.21","0.0","0","1","0.0","0","0","0.0","0","1","0.0","1","3","33.33"
"","Hendrix Lapierre","C","CHI","16.597","41","0","0","0","0","0","0","0.0","0.0","0.0","0.0","0.0","0.0","0.0","0.0","0.0","0","0","0.0","0","0","0.0","0","0","0.0","4","5","80.0"
"","D'Artagnan Joly","C","RIM/BAC","19.442","53","0","0","0","0","0","2","0.0","0.0","0.0","0.0","0.0","0.0","0.04","0.12","0.0","0","0","0.0","0","0","0.0","0","2","0.0","0","4","0.0"
"","Julien Letourneau","C","BAC","17.594","31","0","0","0","0","0","0","0.0","0.0","0.0","0.0","0.0","0.0","0.0","0.0","0.0","0","0","0.0","0","0","0.0","0","0","0.0","1","1","100.0"
"","Logan Camp","RW","BAC","16.529","22","0","0","0","0","0","0","0.0","0.0","0.0","0.0","0.0","0.0","0.0","0.0","0.0","0","0","0.0","0","0","0.0","0","0","0.0","0","0","0.0"
"","Samuel L'Italien","C","BAC","20.425","56","0","0","0","0","0","2","0.0","0.0","0.0","0.0","0.0","0.0","0.04","0.08","0.0","0","0","0.0","0","0","0.0","0","2","0.0","5","9","55.56"
"","Christopher Benoit","C","BAC","19.294","48","0","0","0","0","0","0","0.0","0.0","0.0","0.0","0.0","0.0","0.0","0.0","0.0","0","0","0.0","0","0","0.0","0","0","0.0","1","1","100.0"
"","Shawn Element","LW","BAC","18.396","53","0","0","0","0","0","0","0.0","0.0","0.0","0.0","0.0","0.0","0.0","0.0","0.0","0","0","0.0","0","0","0.0","0","0","0.0","0","0","0.0"
"","Rafael Harvey-Pinard","LW","ROU","19.691","57","0","0","0","0","0","4","0.0","0.0","0.0","0.0","0.0","0.0","0.07","0.53","0.01","0","0","0.0","0","3","0.0","0","1","0.0","0","0","0.0"
"","William Rouleau","C","ROU","17.681","48","0","0","0","0","0","0","0.0","0.0","0.0","0.0","0.0","0.0","0.0","0.0","0.0","0","0","0.0","0","0","0.0","0","0","0.0","0","0","0.0"
"","Olivier-Luc Hache","LW","ROU","17.947","22","0","0","0","0","0","0","0.0","0.0","0.0","0.0","0.0","0.0","0.0","0.0","0.0","0","0","0.0","0","0","0.0","0","0","0.0","0","0","0.0"
"","Vincent Marleau","C","ROU","19.198","57","0","0","0","0","0","1","0.0","0.0","0.0","0.0","0.0","0.0","0.02","0.02","0.0","0","0","0.0","0","0","0.0","0","1","0.0","6","9","66.67"
"","Alex Beaucage","LW","ROU","17.142","57","0","0","0","0","0","2","0.0","0.0","0.0","0.0","0.0","0.0","0.04","0.31","0.01","0","1","0.0","0","1","0.0","0","0","0.0","0","2","0.0"
"","Patrik Hrehorcak","LW","ROU","19.497","51","0","0","0","0","0","1","0.0","0.0","0.0","0.0","0.0","0.0","0.02","0.04","0.0","0","0","0.0","0","0","0.0","0","1","0.0","0","0","0.0"
"","Tommy Beaudoin","RW","ROU","19.505","8","0","0","0","0","0","0","0.0","0.0","0.0","0.0","0.0","0.0","0.0","0.0","0.0","0","0","0.0","0","0","0.0","0","0","0.0","1","1","100.0"
"","Felix Bibeau","C","ROU","19.461","53","0","0","0","0","0","4","0.0","0.0","0.0","0.0","0.0","0.0","0.08","0.76","0.01","0","2","0.0","0","0","0.0","0","2","0.0","6","9","66.67"
"","Peter Abbandonato","C","ROU","20.477","57","0","0","0","0","0","2","0.0","0.0","0.0","0.0","0.0","0.0","0.04","0.21","0.0","0","0","0.0","0","0","0.0","0","2","0.0","11","18","61.11"
"","Samuel Naud","RW","ROU","18.916","52","0","0","0","0","0","0","0.0","0.0","0.0","0.0","0.0","0.0","0.0","0.0","0.0","0","0","0.0","0","0","0.0","0","0","0.0","0","0","0.0"
"","William Dufour","RW","CHI/ROU","16.63","43","0","0","0","0","0","0","0.0","0.0","0.0","0.0","0.0","0.0","0.0","0.0","0.0","0","0","0.0","0","0","0.0","0","0","0.0","0","0","0.0"
"","Tyler Hinam","LW","ROU","19.305","56","0","0","0","0","0","1","0.0","0.0","0.0","0.0","0.0","0.0","0.02","0.05","0.0","0","0","0.0","0","0","0.0","0","1","0.0","0","1","0.0"
"","Nicholas Girouard","LW","DRU","17.32","50","0","0","0","0","0","0","0.0","0.0","0.0","0.0","0.0","0.0","0.0","0.0","0.0","0","0","0.0","0","0","0.0","0","0","0.0","0","0","0.0"
"","Benjamin Corbeil","C","BLB/DRU","17.501","52","0","0","0","0","0","0","0.0","0.0","0.0","0.0","0.0","0.0","0.0","0.0","0.0","0","0","0.0","0","0","0.0","0","0","0.0","0","0","0.0"
"","Brandon Skubel","RW","DRU","18.955","56","0","0","0","0","0","1","0.0","0.0","0.0","0.0","0.0","0.0","0.02","0.37","0.01","0","1","0.0","0","0","0.0","0","0","0.0","0","1","0.0"
"","Alec Reid","RW","BLB/DRU","17.818","36","0","0","0","0","0","0","0.0","0.0","0.0","0.0","0.0","0.0","0.0","0.0","0.0","0","0","0.0","0","0","0.0","0","0","0.0","0","0","0.0"
"","Charles-Edouard Drouin","C","DRU","17.545","15","0","0","0","0","0","0","0.0","0.0","0.0","0.0","0.0","0.0","0.0","0.0","0.0","0","0","0.0","0","0","0.0","0","0","0.0","0","0","0.0"
"","Pavel Koltygin","LW","DRU","19.576","51","0","0","0","0","0","1","0.0","0.0","0.0","0.0","0.0","0.0","0.02","0.02","0.0","0","0","0.0","0","0","0.0","0","1","0.0","3","5","60.0"
"","Felix Lauzon","C","DRU","20.378","56","0","0","0","0","0","0","0.0","0.0","0.0","0.0","0.0","0.0","0.0","0.0","0.0","0","0","0.0","0","0","0.0","0","0","0.0","2","7","28.57"
"","Chase Ellis","LW","DRU","16.641","7","0","0","0","0","0","0","0.0","0.0","0.0","0.0","0.0","0.0","0.0","0.0","0.0","0","0","0.0","0","0","0.0","0","0","0.0","0","0","0.0"
"","Xavier Simoneau","C","DRU","17.325","43","0","0","0","0","0","1","0.0","0.0","0.0","0.0","0.0","0.0","0.02","0.09","0.0","0","1","0.0","0","0","0.0","0","0","0.0","1","4","25.0"
"","Jeremy Martin","LW","SHA","17.58","50","0","0","0","0","0","0","0.0","0.0","0.0","0.0","0.0","0.0","0.0","0.0","0.0","0","0","0.0","0","0","0.0","0","0","0.0","0","1","0.0"
"","Mavrick Bourque","C","SHA","16.685","52","0","0","0","0","0","0","0.0","0.0","0.0","0.0","0.0","0.0","0.0","0.0","0.0","0","0","0.0","0","0","0.0","0","0","0.0","5","11","45.45"
"","Jan Drozg","LW","SHA","19.458","48","0","0","0","0","0","0","0.0","0.0","0.0","0.0","0.0","0.0","0.0","0.0","0.0","0","0","0.0","0","0","0.0","0","0","0.0","0","0","0.0"
"","William Cummings","C","SHA","18.018","43","0","0","0","0","0","0","0.0","0.0","0.0","0.0","0.0","0.0","0.0","0.0","0.0","0","0","0.0","0","0","0.0","0","0","0.0","0","1","0.0"
"","Alex Plamondon","C","SHA","18.922","8","0","0","0","0","0","0","0.0","0.0","0.0","0.0","0.0","0.0","0.0","0.0","0.0","0","0","0.0","0","0","0.0","0","0","0.0","0","2","0.0"
"","Valentin Nussbaumer","C","SHA","17.972","47","0","0","0","0","0","1","0.0","0.0","0.0","0.0","0.0","0.0","0.02","0.07","0.0","0","0","0.0","0","1","0.0","0","0","0.0","1","4","25.0"
"","Vincent Senez","RW","SHA","20.011","46","0","0","0","0","0","0","0.0","0.0","0.0","0.0","0.0","0.0","0.0","0.0","0.0","0","0","0.0","0","0","0.0","0","0","0.0","2","2","100.0"
"","Charles Beaudoin","RW","SHA","16.564","45","0","0","0","0","0","0","0.0","0.0","0.0","0.0","0.0","0.0","0.0","0.0","0.0","0","0","0.0","0","0","0.0","0","0","0.0","0","0","0.0"
"","Mathieu Boulianne","LW","SHA","17.473","17","0","0","0","0","0","0","0.0","0.0","0.0","0.0","0.0","0.0","0.0","0.0","0.0","0","0","0.0","0","0","0.0","0","0","0.0","0","0","0.0"
"","Xavier Bourgault","C","SHA","15.899","50","0","0","0","0","0","0","0.0","0.0","0.0","0.0","0.0","0.0","0.0","0.0","0.0","0","0","0.0","0","0","0.0","0","0","0.0","1","2","50.0"
"","Jeffrey Durocher","LW","RIM/GAT","19.672","52","0","0","0","0","0","2","0.0","0.0","0.0","0.0","0.0","0.0","0.04","0.27","0.01","0","1","0.0","0","1","0.0","0","0","0.0","4","8","50.0"
"","Vincent Anctil","LW","SHE","17.446","29","0","0","0","0","0","0","0.0","0.0","0.0","0.0","0.0","0.0","0.0","0.0","0.0","0","0","0.0","0","0","0.0","0","0","0.0","0","0","0.0"
"","Julien Anctil","C","SHE","17.446","51","0","0","0","0","0","0","0.0","0.0","0.0","0.0","0.0","0.0","0.0","0.0","0.0","0","0","0.0","0","0","0.0","0","0","0.0","0","0","0.0"
"","Samuel Poulin","LW","SHE","17.553","55","0","0","0","0","0","0","0.0","0.0","0.0","0.0","0.0","0.0","0.0","0.0","0.0","0","0","0.0","0","0","0.0","0","0","0.0","1","2","50.0"
"","Bailey Peach","RW","SHE","17.523","42","0","0","0","0","0","0","0.0","0.0","0.0","0.0","0.0","0.0","0.0","0.0","0.0","0","0","0.0","0","0","0.0","0","0","0.0","0","0","0.0"
"","Felix Robert","C","SHE","19.146","50","0","0","0","0","0","1","0.0","0.0","0.0","0.0","0.0","0.0","0.02","0.11","0.0","0","0","0.0","0","0","0.0","0","1","0.0","3","4","75.0"
"","Patrick Guay","C","SHE","16.381","42","0","0","0","0","0","0","0.0","0.0","0.0","0.0","0.0","0.0","0.0","0.0","0.0","0","0","0.0","0","0","0.0","0","0","0.0","0","0","0.0"
"","Taro Jentzsch","LW","SHE","18.262","43","0","0","0","0","0","0","0.0","0.0","0.0","0.0","0.0","0.0","0.0","0.0","0.0","0","0","0.0","0","0","0.0","0","0","0.0","0","4","0.0"
"","Oliver Okuliar","LW","SHE","18.311","55","0","0","0","0","0","0","0.0","0.0","0.0","0.0","0.0","0.0","0.0","0.0","0.0","0","0","0.0","0","0","0.0","0","0","0.0","1","2","50.0"
"","Benjamin Tardif","LW","SHE","18.642","56","0","0","0","0","0","1","0.0","0.0","0.0","0.0","0.0","0.0","0.02","0.01","0.0","0","0","0.0","0","0","0.0","0","1","0.0","0","0","0.0"
"","Nathael Roy","RW","SHE","18.276","55","0","0","0","0","0","0","0.0","0.0","0.0","0.0","0.0","0.0","0.0","0.0","0.0","0","0","0.0","0","0","0.0","0","0","0.0","0","0","0.0"
"","Alex-Olivier Voyer","RW","SHE","19.434","56","0","0","0","0","0","0","0.0","0.0","0.0","0.0","0.0","0.0","0.0","0.0","0.0","0","0","0.0","0","0","0.0","0","0","0.0","2","3","66.67"
"","Matthew Grouchy","LW","QUE","18.823","48","0","0","0","0","0","1","0.0","0.0","0.0","0.0","0.0","0.0","0.02","0.03","0.0","0","0","0.0","0","0","0.0","0","1","0.0","0","1","0.0"
"","Jeremy Laframboise","C","QUE","18.697","55","0","0","0","0","0","0","0.0","0.0","0.0","0.0","0.0","0.0","0.0","0.0","0.0","0","0","0.0","0","0","0.0","0","0","0.0","0","3","0.0"
"","Andrew Coxhead","C","QUE","18.429","55","0","0","0","0","0","0","0.0","0.0","0.0","0.0","0.0","0.0","0.0","0.0","0.0","0","0","0.0","0","0","0.0","0","0","0.0","8","18","44.44"
"","Brandon Frattaroli","RW","QUE","18.141","54","0","0","0","0","0","0","0.0","0.0","0.0","0.0","0.0","0.0","0.0","0.0","0.0","0","0","0.0","0","0","0.0","0","0","0.0","1","2","50.0"
"","Gabriel Montreuil","LW","QUE","17.52","50","0","0","0","0","0","0","0.0","0.0","0.0","0.0","0.0","0.0","0.0","0.0","0.0","0","0","0.0","0","0","0.0","0","0","0.0","0","0","0.0"
"","Pierrick Dube","RW","QUE","17.687","51","0","0","0","0","0","0","0.0","0.0","0.0","0.0","0.0","0.0","0.0","0.0","0.0","0","0","0.0","0","0","0.0","0","0","0.0","0","1","0.0"
"","Aleksei Sergeev","LW","QUE","18.317","55","0","0","0","0","0","0","0.0","0.0","0.0","0.0","0.0","0.0","0.0","0.0","0.0","0","0","0.0","0","0","0.0","0","0","0.0","0","0","0.0"
"","Spencer Blackwell","LW","QUE","18.692","35","0","0","0","0","0","0","0.0","0.0","0.0","0.0","0.0","0.0","0.0","0.0","0.0","0","0","0.0","0","0","0.0","0","0","0.0","0","0","0.0"
"","Alexis Lafreniere","LW","RIM","16.928","51","0","0","0","0","0","1","0.0","0.0","0.0","0.0","0.0","0.0","0.02","0.55","0.01","0","0","0.0","0","0","0.0","0","1","0.0","0","1","0.0"
"","Dmitry Zavgorodniy","LW","RIM","18.095","57","0","0","0","0","0","1","0.0","0.0","0.0","0.0","0.0","0.0","0.02","0.04","0.0","0","0","0.0","0","0","0.0","0","1","0.0","1","1","100.0"
"","Cedric Pare","C","RIM","19.642","57","0","0","0","0","0","1","0.0","0.0","0.0","0.0","0.0","0.0","0.02","0.02","0.0","0","0","0.0","0","0","0.0","0","1","0.0","2","4","50.0"
"","Anthony Gagnon","RW","RIM","19.562","57","0","0","0","0","0","1","0.0","0.0","0.0","0.0","0.0","0.0","0.02","0.1","0.0","0","0","0.0","0","1","0.0","0","0","0.0","0","1","0.0"
"","Jimmy Huntington","C","RIM","19.825","56","0","0","0","0","0","1","0.0","0.0","0.0","0.0","0.0","0.0","0.02","0.48","0.01","0","1","0.0","0","0","0.0","0","0","0.0","5","15","33.33"
"","Mathieu Bizier","C","RIM/GAT","17.342","56","0","0","0","0","0","0","0.0","0.0","0.0","0.0","0.0","0.0","0.0","0.0","0.0","0","0","0.0","0","0","0.0","0","0","0.0","2","3","66.67"
"","Carson MacKinnon","LW","RIM","19.122","57","0","0","0","0","0","0","0.0","0.0","0.0","0.0","0.0","0.0","0.0","0.0","0.0","0","0","0.0","0","0","0.0","0","0","0.0","2","3","66.67"
"","Parker Bowman","LW","RIM","19.187","54","0","0","0","0","0","0","0.0","0.0","0.0","0.0","0.0","0.0","0.0","0.0","0.0","0","0","0.0","0","0","0.0","0","0","0.0","0","0","0.0"
"","Olivier Mathieu","LW","QUE/VIC","18.555","54","0","0","0","0","0","0","0.0","0.0","0.0","0.0","0.0","0.0","0.0","0.0","0.0","0","0","0.0","0","0","0.0","0","0","0.0","0","0","0.0"
"","Xavier Cormier","C","QUE/SHA","17.295","48","0","0","0","0","0","0","0.0","0.0","0.0","0.0","0.0","0.0","0.0","0.0","0.0","0","0","0.0","0","0","0.0","0","0","0.0","0","0","0.0"
"","Peyton Hoyt","RW","BLB/VDO","19.573","49","0","0","0","0","0","0","0.0","0.0","0.0","0.0","0.0","0.0","0.0","0.0","0.0","0","0","0.0","0","0","0.0","0","0","0.0","2","8","25.0"
"","Maxime Collin","C","BLB","18.64","37","0","0","0","0","0","0","0.0","0.0","0.0","0.0","0.0","0.0","0.0","0.0","0.0","0","0","0.0","0","0","0.0","0","0","0.0","0","1","0.0"
"","Anthony Poulin","C","BLB/VIC","19.056","56","0","0","0","0","0","1","0.0","0.0","0.0","0.0","0.0","0.0","0.02","0.11","0.0","0","1","0.0","0","0","0.0","0","0","0.0","2","4","50.0"
"","Thomas Ethier","LW","BLB/BAC","18.927","55","0","0","0","0","0","0","0.0","0.0","0.0","0.0","0.0","0.0","0.0","0.0","0.0","0","0","0.0","0","0","0.0","0","0","0.0","1","2","50.0"
"","Antoine Rochon","LW","BLB","17.553","47","0","0","0","0","0","0","0.0","0.0","0.0","0.0","0.0","0.0","0.0","0.0","0.0","0","0","0.0","0","0","0.0","0","0","0.0","0","0","0.0"
"","Simon Pinard","LW","BLB","17.306","53","0","0","0","0","0","0","0.0","0.0","0.0","0.0","0.0","0.0","0.0","0.0","0.0","0","0","0.0","0","0","0.0","0","0","0.0","0","1","0.0"
"","Charles-Antoine Giguere","LW","MON/BLB","19.371","53","0","0","0","0","0","0","0.0","0.0","0.0","0.0","0.0","0.0","0.0","0.0","0.0","0","0","0.0","0","0","0.0","0","0","0.0","0","2","0.0"
"","Remy Anglehart","C","BLB/DRU","19.242","44","0","0","0","0","0","0","0.0","0.0","0.0","0.0","0.0","0.0","0.0","0.0","0.0","0","0","0.0","0","0","0.0","0","0","0.0","4","7","57.14"
"","Yan-Cedric Gaudreault","RW","BAT","18.579","30","0","0","0","0","0","0","0.0","0.0","0.0","0.0","0.0","0.0","0.0","0.0","0.0","0","0","0.0","0","0","0.0","0","0","0.0","0","1","0.0"
"","Liam Kidney","LW","CAP","17.161","22","0","0","0","0","0","0","0.0","0.0","0.0","0.0","0.0","0.0","0.0","0.0","0.0","0","0","0.0","0","0","0.0","0","0","0.0","0","0","0.0"
"","Ludovic Soucy","C","RIM","17.482","37","0","0","0","0","0","0","0.0","0.0","0.0","0.0","0.0","0.0","0.0","0.0","0.0","0","0","0.0","0","0","0.0","0","0","0.0","0","1","0.0"
"","Frederyck Janvier","C","RIM","16.019","24","0","0","0","0","0","0","0.0","0.0","0.0","0.0","0.0","0.0","0.0","0.0","0.0","0","0","0.0","0","0","0.0","0","0","0.0","0","0","0.0"
"","Olivier Garneau","LW","RIM","20.154","54","0","0","0","0","0","0","0.0","0.0","0.0","0.0","0.0","0.0","0.0","0.0","0.0","0","0","0.0","0","0","0.0","0","0","0.0","3","3","100.0"
"","Jason Imbeault","RW","RIM","19.647","17","0","0","0","0","0","0","0.0","0.0","0.0","0.0","0.0","0.0","0.0","0.0","0.0","0","0","0.0","0","0","0.0","0","0","0.0","0","0","0.0"
"","Max-Antoine Melancon","RW","SHA","17.492","42","0","0","0","0","0","0","0.0","0.0","0.0","0.0","0.0","0.0","0.0","0.0","0.0","0","0","0.0","0","0","0.0","0","0","0.0","0","0","0.0"
"","Kevin Gursoy","RW","CHA","19.116","53","0","0","0","0","0","1","0.0","0.0","0.0","0.0","0.0","0.0","0.02","0.21","0.0","0","0","0.0","0","1","0.0","0","0","0.0","1","2","50.0"
"","Xavier Fortin","LW","CHA","16.603","46","0","0","0","0","0","0","0.0","0.0","0.0","0.0","0.0","0.0","0.0","0.0","0.0","0","0","0.0","0","0","0.0","0","0","0.0","1","1","100.0"
"","Sonny Kabatay","C","HAL","15.792","5","0","0","0","0","0","0","0.0","0.0","0.0","0.0","0.0","0.0","0.0","0.0","0.0","0","0","0.0","0","0","0.0","0","0","0.0","0","0","0.0"
"","Emil Lessard-Aydin","LW","VDO","18.289","44","0","0","0","0","0","0","0.0","0.0","0.0","0.0","0.0","0.0","0.0","0.0","0.0","0","0","0.0","0","0","0.0","0","0","0.0","0","1","0.0"
"","Mathieu Gagnon","C","ROU","17.377","39","0","0","0","0","0","0","0.0","0.0","0.0","0.0","0.0","0.0","0.0","0.0","0.0","0","0","0.0","0","0","0.0","0","0","0.0","0","0","0.0"
"","Jeremie Rainville","C","SHE","17.61","25","0","0","0","0","0","0","0.0","0.0","0.0","0.0","0.0","0.0","0.0","0.0","0.0","0","0","0.0","0","0","0.0","0","0","0.0","0","0","0.0"
"","Nathan Ouellet","RW","RIM","18.308","53","0","0","0","0","0","0","0.0","0.0","0.0","0.0","0.0","0.0","0.0","0.0","0.0","0","0","0.0","0","0","0.0","0","0","0.0","0","0","0.0"
"","Jacob Kelly","RW","RIM","18.196","20","0","0","0","0","0","0","0.0","0.0","0.0","0.0","0.0","0.0","0.0","0.0","0.0","0","0","0.0","0","0","0.0","0","0","0.0","0","0","0.0"
"","Jordan Briere","C","VIC","17.139","30","0","0","0","0","0","0","0.0","0.0","0.0","0.0","0.0","0.0","0.0","0.0","0.0","0","0","0.0","0","0","0.0","0","0","0.0","0","0","0.0"
"","Jeremy Cote","LW","VIC","19.371","31","0","0","0","0","0","0","0.0","0.0","0.0","0.0","0.0","0.0","0.0","0.0","0.0","0","0","0.0","0","0","0.0","0","0","0.0","0","0","0.0"
"","Simon Lafrance","C","VIC","19.926","50","0","0","0","0","0","4","0.0","0.0","0.0","0.0","0.0","0.0","0.08","0.76","0.02","0","1","0.0","0","1","0.0","0","2","0.0","2","4","50.0"
"","Edouard Ouellet","RW","VIC","18.67","40","0","0","0","0","0","0","0.0","0.0","0.0","0.0","0.0","0.0","0.0","0.0","0.0","0","0","0.0","0","0","0.0","0","0","0.0","0","0","0.0"
"","Egor Serdyuk","RW","VIC","17.284","52","0","0","0","0","0","0","0.0","0.0","0.0","0.0","0.0","0.0","0.0","0.0","0.0","0","0","0.0","0","0","0.0","0","0","0.0","0","1","0.0"
"","James White","LW","SNB","17.972","47","0","0","0","0","0","2","0.0","0.0","0.0","0.0","0.0","0.0","0.04","0.08","0.0","0","0","0.0","0","0","0.0","0","2","0.0","0","0","0.0"
"","Yohan Plamondon","LW","SNB","18.618","39","0","0","0","0","0","0","0.0","0.0","0.0","0.0","0.0","0.0","0.0","0.0","0.0","0","0","0.0","0","0","0.0","0","0","0.0","0","0","0.0"
"","Alexander Khovanov","C","MON","18.426","52","0","0","0","0","0","2","0.0","0.0","0.0","0.0","0.0","0.0","0.04","0.23","0.0","0","1","0.0","0","0","0.0","0","1","0.0","7","13","53.85"
"","Enrico Di Cesare","C","VIC","17.714","33","0","0","0","0","0","0","0.0","0.0","0.0","0.0","0.0","0.0","0.0","0.0","0.0","0","0","0.0","0","0","0.0","0","0","0.0","0","1","0.0"
"","Feliks Morozov","RW","VIC","18.525","45","0","0","0","0","0","0","0.0","0.0","0.0","0.0","0.0","0.0","0.0","0.0","0.0","0","0","0.0","0","0","0.0","0","0","0.0","0","0","0.0"
"","Conor Frenette","LW","VIC","17.558","57","0","0","0","0","0","1","0.0","0.0","0.0","0.0","0.0","0.0","0.02","0.07","0.0","0","0","0.0","0","0","0.0","0","1","0.0","4","7","57.14"
"","Tyler Boivin","LW","VIC","17.947","53","0","0","0","0","0","0","0.0","0.0","0.0","0.0","0.0","0.0","0.0","0.0","0.0","0","0","0.0","0","0","0.0","0","0","0.0","0","0","0.0"
"","Felix Pare","RW","VIC","18.467","53","0","0","0","0","0","0","0.0","0.0","0.0","0.0","0.0","0.0","0.0","0.0","0.0","0","0","0.0","0","0","0.0","0","0","0.0","0","0","0.0"
"","William Veillette","C","SHA","16.449","6","0","0","0","0","0","0","0.0","0.0","0.0","0.0","0.0","0.0","0.0","0.0","0.0","0","0","0.0","0","0","0.0","0","0","0.0","0","0","0.0"
"","Mathieu Samson","RW","BAT/SHA","17.802","34","0","0","0","0","0","0","0.0","0.0","0.0","0.0","0.0","0.0","0.0","0.0","0.0","0","0","0.0","0","0","0.0","0","0","0.0","0","0","0.0"
"","Domenic Malatesta","C","BAT","19.187","18","0","0","0","0","0","0","0.0","0.0","0.0","0.0","0.0","0.0","0.0","0.0","0.0","0","0","0.0","0","0","0.0","0","0","0.0","0","0","0.0"
"","Mikael Robidoux","RW","QUE/SHA","19.414","39","0","0","0","0","0","1","0.0","0.0","0.0","0.0","0.0","0.0","0.03","0.13","0.0","0","0","0.0","0","1","0.0","0","0","0.0","0","1","0.0"
"","Isaiah Gallo-Demetris","RW","VIC","19.521","37","0","0","0","0","0","0","0.0","0.0","0.0","0.0","0.0","0.0","0.0","0.0","0.0","0","0","0.0","0","0","0.0","0","0","0.0","3","3","100.0"
"","Marc-Antoine Brouillette","RW","BAC/VIC","18.788","32","0","0","0","0","0","0","0.0","0.0","0.0","0.0","0.0","0.0","0.0","0.0","0.0","0","0","0.0","0","0","0.0","0","0","0.0","0","0","0.0"
"","Ben Higgins","RW","HAL","19.612","53","0","0","0","0","0","1","0.0","0.0","0.0","0.0","0.0","0.0","0.02","0.25","0.0","0","0","0.0","0","1","0.0","0","0","0.0","0","1","0.0"
"","Ostap Safin","RW","HAL","19.592","10","0","0","0","0","0","0","0.0","0.0","0.0","0.0","0.0","0.0","0.0","0.0","0.0","0","0","0.0","0","0","0.0","0","0","0.0","0","0","0.0"
"","Jacob Hudson","C","MON","17.785","47","0","0","0","0","0","1","0.0","0.0","0.0","0.0","0.0","0.0","0.02","0.29","0.01","0","1","0.0","0","0","0.0","0","0","0.0","3","5","60.0"
"","Mathieu Sevigny","LW","VIC","20.512","18","0","0","0","0","0","1","0.0","0.0","0.0","0.0","0.0","0.0","0.06","0.12","0.01","0","0","0.0","0","0","0.0","0","1","0.0","1","2","50.0"
"","Emile Lauzon","C","VDO","17.35","50","0","0","0","0","0","0","0.0","0.0","0.0","0.0","0.0","0.0","0.0","0.0","0.0","0","0","0.0","0","0","0.0","0","0","0.0","1","3","33.33"
"","Robert Dow","RW","SHE","19.861","50","0","0","0","0","0","0","0.0","0.0","0.0","0.0","0.0","0.0","0.0","0.0","0.0","0","0","0.0","0","0","0.0","0","0","0.0","0","1","0.0"
"","Alexandre Pellerin","RW","GAT","17.164","47","0","0","0","0","0","0","0.0","0.0","0.0","0.0","0.0","0.0","0.0","0.0","0.0","0","0","0.0","0","0","0.0","0","0","0.0","0","0","0.0"
"","Jordan Martel","RW","BAC","20.556","50","0","0","0","0","0","2","0.0","0.0","0.0","0.0","0.0","0.0","0.04","0.32","0.01","0","0","0.0","0","0","0.0","0","2","0.0","0","0","0.0"
"","Tommy Bouchard","LW","BLB","16.923","5","0","0","0","0","0","0","0.0","0.0","0.0","0.0","0.0","0.0","0.0","0.0","0.0","0","0","0.0","0","0","0.0","0","0","0.0","0","0","0.0"
"","Cole Fraser","LW","BLB","17.64","44","0","0","0","0","0","0","0.0","0.0","0.0","0.0","0.0","0.0","0.0","0.0","0.0","0","0","0.0","0","0","0.0","0","0","0.0","0","0","0.0"
"","Vladislav Kotkov","RW","CHI","18.686","53","0","0","0","0","0","1","0.0","0.0","0.0","0.0","0.0","0.0","0.02","0.02","0.0","0","0","0.0","0","0","0.0","0","1","0.0","0","0","0.0"
"","Xavier Labrecque","C","CHI","17.465","35","0","0","0","0","0","0","0.0","0.0","0.0","0.0","0.0","0.0","0.0","0.0","0.0","0","0","0.0","0","0","0.0","0","0","0.0","0","1","0.0"
"","Charles-Andre Cypihot","C","BAT","17.75","7","0","0","0","0","0","0","0.0","0.0","0.0","0.0","0.0","0.0","0.0","0.0","0.0","0","0","0.0","0","0","0.0","0","0","0.0","0","0","0.0"
"","Samuel Dickner","LW","QUE","18.766","29","0","0","0","0","0","0","0.0","0.0","0.0","0.0","0.0","0.0","0.0","0.0","0.0","0","0","0.0","0","0","0.0","0","0","0.0","0","0","0.0"
"","Jakub Lauko","C","ROU","18.467","42","0","0","0","0","0","3","0.0","0.0","0.0","0.0","0.0","0.0","0.07","0.65","0.02","0","2","0.0","0","0","0.0","0","1","0.0","1","1","100.0"
"","Zachary Lavigne","LW","CHI","19.847","38","0","0","0","0","0","1","0.0","0.0","0.0","0.0","0.0","0.0","0.03","0.03","0.0","0","0","0.0","0","0","0.0","0","1","0.0","0","0","0.0"
"","Carl-Olivier Dignard","LW","DRU/CHI","17.944","6","0","0","0","0","0","0","0.0","0.0","0.0","0.0","0.0","0.0","0.0","0.0","0.0","0","0","0.0","0","0","0.0","0","0","0.0","0","0","0.0"
"","Justin Desjardins","C","DRU","17.607","6","0","0","0","0","0","0","0.0","0.0","0.0","0.0","0.0","0.0","0.0","0.0","0.0","0","0","0.0","0","0","0.0","0","0","0.0","0","0","0.0"
"","Olivier Coulombe","C","BAT","16.501","3","0","0","0","0","0","0","0.0","0.0","0.0","0.0","0.0","0.0","0.0","0.0","0.0","0","0","0.0","0","0","0.0","0","0","0.0","0","0","0.0"
"","Thomas Caron","LW","QUE","18.046","29","0","0","0","0","0","0","0.0","0.0","0.0","0.0","0.0","0.0","0.0","0.0","0.0","0","0","0.0","0","0","0.0","0","0","0.0","0","0","0.0"
"","Alexis Dube","C","BAT","16.134","6","0","0","0","0","0","0","0.0","0.0","0.0","0.0","0.0","0.0","0.0","0.0","0.0","0","0","0.0","0","0","0.0","0","0","0.0","0","0","0.0"
"","Samy Pare","C","VIC","16.731","24","0","0","0","0","0","0","0.0","0.0","0.0","0.0","0.0","0.0","0.0","0.0","0.0","0","0","0.0","0","0","0.0","0","0","0.0","0","0","0.0"
"","Alexandre Roy","RW","VIC","18.623","2","0","0","0","0","0","0","0.0","0.0","0.0","0.0","0.0","0.0","0.0","0.0","0.0","0","0","0.0","0","0","0.0","0","0","0.0","0","0","0.0"
"","Olivier Gervais-Daigneault","C","GAT","15.948","4","0","0","0","0","0","0","0.0","0.0","0.0","0.0","0.0","0.0","0.0","0.0","0.0","0","0","0.0","0","0","0.0","0","0","0.0","0","0","0.0"
"","Charles Farmer","RW","VDO","19.642","3","0","0","0","0","0","0","0.0","0.0","0.0","0.0","0.0","0.0","0.0","0.0","0.0","0","0","0.0","0","0","0.0","0","0","0.0","0","0","0.0"
"","Jessy Dalibert","C","SHA","17.55","4","0","0","0","0","0","0","0.0","0.0","0.0","0.0","0.0","0.0","0.0","0.0","0.0","0","0","0.0","0","0","0.0","0","0","0.0","0","0","0.0"
"","Xavier Fillion","C","CHI","15.954","4","0","0","0","0","0","0","0.0","0.0","0.0","0.0","0.0","0.0","0.0","0.0","0.0","0","0","0.0","0","0","0.0","0","0","0.0","0","0","0.0"
"","Anderson MacDonald","LW","MON/BAT","18.333","21","0","0","0","0","0","0","0.0","0.0","0.0","0.0","0.0","0.0","0.0","0.0","0.0","0","0","0.0","0","0","0.0","0","0","0.0","0","0","0.0"
"","Christian Clark","C","SNB","18.601","15","0","0","0","0","0","0","0.0","0.0","0.0","0.0","0.0","0.0","0.0","0.0","0.0","0","0","0.0","0","0","0.0","0","0","0.0","0","0","0.0"
"","Lucas Reeves","LW","GAT","17.903","2","0","0","0","0","0","0","0.0","0.0","0.0","0.0","0.0","0.0","0.0","0.0","0.0","0","0","0.0","0","0","0.0","0","0","0.0","0","0","0.0"
"","Mikisiw Awashish","C","CHI","17.465","6","0","0","0","0","0","0","0.0","0.0","0.0","0.0","0.0","0.0","0.0","0.0","0.0","0","0","0.0","0","0","0.0","0","0","0.0","0","0","0.0"
"","Connor LePage","LW","GAT","16.989","33","0","0","0","0","0","0","0.0","0.0","0.0","0.0","0.0","0.0","0.0","0.0","0.0","0","0","0.0","0","0","0.0","0","0","0.0","0","0","0.0"
"","Jaden Mason","C","MON","17.848","3","0","0","0","0","0","0","0.0","0.0","0.0","0.0","0.0","0.0","0.0","0.0","0.0","0","0","0.0","0","0","0.0","0","0","0.0","0","0","0.0"
"","Zachary Alchorn","RW","MON","17.219","7","0","0","0","0","0","0","0.0","0.0","0.0","0.0","0.0","0.0","0.0","0.0","0.0","0","0","0.0","0","0","0.0","0","0","0.0","0","0","0.0"
"","Zackary Daneau","C","SHA","17.92","21","0","0","0","0","0","0","0.0","0.0","0.0","0.0","0.0","0.0","0.0","0.0","0.0","0","0","0.0","0","0","0.0","0","0","0.0","1","1","100.0"
"","Seva Losev","RW","BAT","18.256","3","0","0","0","0","0","0","0.0","0.0","0.0","0.0","0.0","0.0","0.0","0.0","0.0","0","0","0.0","0","0","0.0","0","0","0.0","0","0","0.0"
"","Zachary Roy","C","BLB","16.688","10","0","0","0","0","0","0","0.0","0.0","0.0","0.0","0.0","0.0","0.0","0.0","0.0","0","0","0.0","0","0","0.0","0","0","0.0","0","0","0.0"
"","Yannic Bastarache","RW","BAT","16.668","4","0","0","0","0","0","0","0.0","0.0","0.0","0.0","0.0","0.0","0.0","0.0","0.0","0","0","0.0","0","0","0.0","0","0","0.0","0","0","0.0"
"","Kyle Petten","LW","HAL","17.679","13","0","0","0","0","0","0","0.0","0.0","0.0","0.0","0.0","0.0","0.0","0.0","0.0","0","0","0.0","0","0","0.0","0","0","0.0","0","0","0.0"
"","Maxime Comtois","LW","DRU","19.686","16","0","0","0","0","0","0","0.0","0.0","0.0","0.0","0.0","0.0","0.0","0.0","0.0","0","0","0.0","0","0","0.0","0","0","0.0","1","1","100.0"
"","Thomas Vezina","C","CHI","18.593","2","0","0","0","0","0","0","0.0","0.0","0.0","0.0","0.0","0.0","0.0","0.0","0.0","0","0","0.0","0","0","0.0","0","0","0.0","0","0","0.0"
"","Ben Allison","LW","CAP/GAT","16.069","6","0","0","0","0","0","0","0.0","0.0","0.0","0.0","0.0","0.0","0.0","0.0","0.0","0","0","0.0","0","0","0.0","0","0","0.0","0","0","0.0"
"","Robbie Dowell","C","BAT","17.35","3","0","0","0","0","0","0","0.0","0.0","0.0","0.0","0.0","0.0","0.0","0.0","0.0","0","0","0.0","0","0","0.0","0","0","0.0","0","0","0.0"
"","Felix Laniel","LW","DRU","17.38","1","0","0","0","0","0","0","0.0","0.0","0.0","0.0","0.0","0.0","0.0","0.0","0.0","0","0","0.0","0","0","0.0","0","0","0.0","0","0","0.0"
"","Ludovick Nault-Daigle","C","SHA","16.95","2","0","0","0","0","0","0","0.0","0.0","0.0","0.0","0.0","0.0","0.0","0.0","0.0","0","0","0.0","0","0","0.0","0","0","0.0","0","0","0.0"
"","Zachary Gravel","C","GAT","16.088","3","0","0","0","0","0","0","0.0","0.0","0.0","0.0","0.0","0.0","0.0","0.0","0.0","0","0","0.0","0","0","0.0","0","0","0.0","0","0","0.0"
"","William Sirman","LW","CHA","18.867","46","0","0","0","0","0","0","0.0","0.0","0.0","0.0","0.0","0.0","0.0","0.0","0.0","0","0","0.0","0","0","0.0","0","0","0.0","3","4","75.0"
"","Dylan L'Italien","LW","BAC","18.213","12","0","0","0","0","0","0","0.0","0.0","0.0","0.0","0.0","0.0","0.0","0.0","0.0","0","0","0.0","0","0","0.0","0","0","0.0","0","0","0.0"
"","Connor Richard","C","SNB","15.795","3","0","0","0","0","0","0","0.0","0.0","0.0","0.0","0.0","0.0","0.0","0.0","0.0","0","0","0.0","0","0","0.0","0","0","0.0","0","0","0.0"
"","Justin Charrette","C","DRU","16.614","1","0","0","0","0","0","0","0.0","0.0","0.0","0.0","0.0","0.0","0.0","0.0","0.0","0","0","0.0","0","0","0.0","0","0","0.0","0","0","0.0"
"","Anthony Imbeault","LW","SHA","17.922","31","0","0","0","0","0","0","0.0","0.0","0.0","0.0","0.0","0.0","0.0","0.0","0.0","0","0","0.0","0","0","0.0","0","0","0.0","0","1","0.0"
"","Zachary Gravel","C","GAT","18.451","1","0","0","0","0","0","0","0.0","0.0","0.0","0.0","0.0","0.0","0.0","0.0","0.0","0","0","0.0","0","0","0.0","0","0","0.0","0","0","0.0"
"","Zachary Bellefeuille","C","SHA","17.427","1","0","0","0","0","0","0","0.0","0.0","0.0","0.0","0.0","0.0","0.0","0.0","0.0","0","0","0.0","0","0","0.0","0","0","0.0","0","0","0.0"
"","Samy Hudon-Rousseau","C","VIC","19.68","1","0","0","0","0","0","0","0.0","0.0","0.0","0.0","0.0","0.0","0.0","0.0","0.0","0","0","0.0","0","0","0.0","0","0","0.0","0","0","0.0"
"","Maximilien Ledoux","LW","BLB/ROU","16.693","4","0","0","0","0","0","0","0.0","0.0","0.0","0.0","0.0","0.0","0.0","0.0","0.0","0","0","0.0","0","0","0.0","0","0","0.0","0","0","0.0"
"","William Dagenais","RW","GAT","16.584","6","0","0","0","0","0","0","0.0","0.0","0.0","0.0","0.0","0.0","0.0","0.0","0.0","0","0","0.0","0","0","0.0","0","0","0.0","0","0","0.0"
"","Emile Hegarty-Aubin","LW","GAT","17.67","22","0","0","0","0","0","0","0.0","0.0","0.0","0.0","0.0","0.0","0.0","0.0","0.0","0","0","0.0","0","0","0.0","0","0","0.0","0","0","0.0"
"","Marshall Lessard","RW","VDO","15.987","19","0","0","0","0","0","0","0.0","0.0","0.0","0.0","0.0","0.0","0.0","0.0","0.0","0","0","0.0","0","0","0.0","0","0","0.0","0","0","0.0"
"","Etienne Caron","LW","BLB","17.126","1","0","0","0","0","0","0","0.0","0.0","0.0","0.0","0.0","0.0","0.0","0.0","0.0","0","0","0.0","0","0","0.0","0","0","0.0","0","0","0.0"
"","William Dumont","C","BLB","17.427","1","0","0","0","0","0","0","0.0","0.0","0.0","0.0","0.0","0.0","0.0","0.0","0.0","0","0","0.0","0","0","0.0","0","0","0.0","0","0","0.0"
"","Alexandre Caron","LW","ROU","16.151","2","0","0","0","0","0","0","0.0","0.0","0.0","0.0","0.0","0.0","0.0","0.0","0.0","0","0","0.0","0","0","0.0","0","0","0.0","0","0","0.0"
"","Nicholas Beauvilliers","C","DRU","16.761","3","0","0","0","0","0","0","0.0","0.0","0.0","0.0","0.0","0.0","0.0","0.0","0.0","0","0","0.0","0","0","0.0","0","0","0.0","0","0","0.0"
"","Blake Richardson","C","BLB","17.139","21","0","0","0","0","0","0","0.0","0.0","0.0","0.0","0.0","0.0","0.0","0.0","0.0","0","0","0.0","0","0","0.0","0","0","0.0","0","0","0.0"
"","Luke Kutkevicius","C","QUE","20.477","10","0","0","0","0","0","1","0.0","0.0","0.0","0.0","0.0","0.0","0.1","0.04","0.0","0","0","0.0","0","0","0.0","0","1","0.0","2","4","50.0"
"","Cole Cormier","C","RIM","16.564","1","0","0","0","0","0","0","0.0","0.0","0.0","0.0","0.0","0.0","0.0","0.0","0.0","0","0","0.0","0","0","0.0","0","0","0.0","0","0","0.0"
"","Stephane Jr Huard","C","BLB","16.291","3","0","0","0","0","0","0","0.0","0.0","0.0","0.0","0.0","0.0","0.0","0.0","0.0","0","0","0.0","0","0","0.0","0","0","0.0","0","0","0.0"
"","Thomas Lacombe","C","BLB","17.194","17","0","0","0","0","0","0","0.0","0.0","0.0","0.0","0.0","0.0","0.0","0.0","0.0","0","0","0.0","0","0","0.0","0","0","0.0","0","0","0.0"
"","Edouard Charron","C","DRU","17.008","1","0","0","0","0","0","0","0.0","0.0","0.0","0.0","0.0","0.0","0.0","0.0","0.0","0","0","0.0","0","0","0.0","0","0","0.0","0","0","0.0"
"","Jeremy Pellerin","C","VIC","17.506","1","0","0","0","0","0","0","0.0","0.0","0.0","0.0","0.0","0.0","0.0","0.0","0.0","0","0","0.0","0","0","0.0","0","0","0.0","0","0","0.0"
"","Alexis Belisle","RW","SNB","16.296","5","0","0","0","0","0","0","0.0","0.0","0.0","0.0","0.0","0.0","0.0","0.0","0.0","0","0","0.0","0","0","0.0","0","0","0.0","0","0","0.0"
"","Alexandre Doucet","C","VDO","16.674","3","0","0","0","0","0","0","0.0","0.0","0.0","0.0","0.0","0.0","0.0","0.0","0.0","0","0","0.0","0","0","0.0","0","0","0.0","0","0","0.0"
"","Nicolas Daigle","C","VIC","15.967","4","0","0","0","0","0","0","0.0","0.0","0.0","0.0","0.0","0.0","0.0","0.0","0.0","0","0","0.0","0","0","0.0","0","0","0.0","0","0","0.0"
"","Alexandre O'Neill","C","SNB","16.515","3","0","0","0","0","0","0","0.0","0.0","0.0","0.0","0.0","0.0","0.0","0.0","0.0","0","0","0.0","0","0","0.0","0","0","0.0","0","0","0.0"
"","Josh MacDonald","C","SNB","17.315","1","0","0","0","0","0","0","0.0","0.0","0.0","0.0","0.0","0.0","0.0","0.0","0.0","0","0","0.0","0","0","0.0","0","0","0.0","0","0","0.0"
"","Patrick LeBlanc","C","CHA","16.296","2","0","0","0","0","0","0","0.0","0.0","0.0","0.0","0.0","0.0","0.0","0.0","0.0","0","0","0.0","0","0","0.0","0","0","0.0","0","0","0.0"