"#","Name","Pos","Team","Age","GP","G","A1","A2","P1","P","G/GP","A1/GP","A2/GP","P1/GP","P/GP"
"","Jayden Halbgewachs","C","MJ","20.485","72","70","39","20","109","129","0.97","0.54","0.28","1.51","1.79"
"","Glenn Gawdin","C","SC","20.477","67","56","37","32","93","125","0.84","0.55","0.48","1.39","1.87"
"","Matthew Phillips","C","VIC","19.445","71","48","40","24","88","112","0.68","0.56","0.34","1.24","1.58"
"","Kole Lind","RW","KEL","18.916","58","39","45","11","84","95","0.67","0.78","0.19","1.45","1.64"
"","Aleksi Heponiemi","C","SC","18.683","57","28","51","39","79","118","0.49","0.89","0.68","1.39","2.07"
"","Brayden Burke","LW","MJ","20.704","61","31","47","35","78","113","0.51","0.77","0.57","1.28","1.85"
"","Justin  Almeida","C","MJ","18.607","72","43","35","20","78","98","0.6","0.49","0.28","1.08","1.36"
"","Ty Lewis","LW","BDN","19.532","70","44","33","23","77","100","0.63","0.47","0.33","1.1","1.43"
"","Braylon Shmyr","LW","SAS","20.334","72","37","40","11","77","88","0.51","0.56","0.15","1.07","1.22"
"","Mark Rassell","LW","MH","20.545","70","50","27","3","77","80","0.71","0.39","0.04","1.1","1.14"
"","Cody Glass","C","POR","18.459","64","37","39","26","76","102","0.58","0.61","0.41","1.19","1.59"
"","Jordy Stallard","C","PA","19.992","72","44","32","15","76","91","0.61","0.44","0.21","1.06","1.26"
"","Ty Ronning","RW","VAN","19.905","70","61","15","8","76","84","0.87","0.21","0.11","1.09","1.2"
"","Stelio Mattheos","C","BDN","18.256","68","43","31","16","74","90","0.63","0.46","0.24","1.09","1.32"
"","Skyler McKenzie","LW","POR","19.653","72","47","26","14","73","87","0.65","0.36","0.19","1.01","1.21"
"","Tyler Steenbergen","C","SC","19.688","56","47","24","31","71","102","0.84","0.43","0.55","1.27","1.82"
"","Tyler Soy","C","VIC","20.595","66","36","35","21","71","92","0.55","0.53","0.32","1.08","1.39"
"","Patrick Bajkov","RW","EVT","19.801","72","33","37","30","70","100","0.46","0.51","0.42","0.97","1.39"
"","Jordy Bellerive","C","LET","18.374","71","46","24","22","70","92","0.65","0.34","0.31","0.99","1.3"
"","Trey Fix-Wolansky","RW","EDM","18.308","71","32","38","19","70","89","0.45","0.54","0.27","0.99","1.25"
"","Sam Steel","C","REG","19.614","54","33","36","14","69","83","0.61","0.67","0.26","1.28","1.54"
"","Jaret Anderson-Dolan","C","SPO","18.01","70","40","28","23","68","91","0.57","0.4","0.33","0.97","1.3"
"","Cameron Hebig","C","REG/SAS","20.649","66","41","26","23","67","90","0.62","0.39","0.35","1.02","1.36"
"","Morgan Geekie","C","TC","19.157","68","30","35","19","65","84","0.44","0.51","0.28","0.96","1.24"
"","Dillon Dube","C","KEL","19.157","53","38","27","19","65","84","0.72","0.51","0.36","1.23","1.58"
"","Matteo Gennaro","C","SC/CGY","20.463","67","42","23","14","65","79","0.63","0.34","0.21","0.97","1.18"
"","Mason McCarty","RW","RD","20.636","69","38","26","10","64","74","0.55","0.38","0.14","0.93","1.07"
"","Hudson Elynuik","C","SPO","19.926","71","31","32","23","63","86","0.44","0.45","0.32","0.89","1.21"
"","Garrett Pilon","C","KAM/EVT","19.425","69","34","29","17","63","80","0.49","0.42","0.25","0.91","1.16"
"","Matt Bradley","C","REG","20.647","72","37","26","16","63","79","0.51","0.36","0.22","0.88","1.1"
"","Kieffer Bellows","LW","POR","19.267","56","41","22","11","63","74","0.73","0.39","0.2","1.12","1.32"
"","Zack Andrusiak","LW","SEA","19.185","72","36","26","12","62","74","0.5","0.36","0.17","0.86","1.03"
"","Matt Fonteyne","LW","EVT","19.792","72","35","26","27","61","88","0.49","0.36","0.38","0.85","1.22"
"","Jordan Topping","LW","TC","20.156","72","38","22","20","60","80","0.53","0.31","0.28","0.83","1.11"
"","Tanner Jeannot","LW","MJ","20.299","72","40","19","21","59","80","0.56","0.26","0.29","0.82","1.11"
"","Nolan Volcan","LW","SEA","19.201","70","32","27","17","59","76","0.46","0.39","0.24","0.84","1.09"
"","Carsen Twarynski","LW","KEL","19.809","68","45","14","13","59","72","0.66","0.21","0.19","0.87","1.06"
"","Brad Morrison","C","LET/VAN","20.696","74","27","31","17","58","75","0.36","0.42","0.23","0.78","1.01"
"","Giorgio Estephan","C","SC/LET","20.614","69","30","27","29","57","86","0.43","0.39","0.42","0.83","1.25"
"","David Quenneville","D","MH","19.51","70","26","30","24","56","80","0.37","0.43","0.34","0.8","1.14"
"","Dante Hannoun","C","VIC","19.122","66","25","31","23","56","79","0.38","0.47","0.35","0.85","1.2"
"","Brett Howden","C","MJ","19.467","49","24","31","20","55","75","0.49","0.63","0.41","1.12","1.53"
"","Tyler Benson","LW","VAN","19.505","58","27","28","14","55","69","0.47","0.48","0.24","0.95","1.19"
"","Connor Dewar","C","EVT","18.224","68","38","17","13","55","68","0.56","0.25","0.19","0.81","1.0"
"","Cole Fonstad","LW","PA","17.394","72","21","33","19","54","73","0.29","0.46","0.26","0.75","1.01"
"","Jakob Stukel","LW","CGY","20.529","71","37","17","10","54","64","0.52","0.24","0.14","0.76","0.9"
"","Kody McDonald","C","PA/PG","19.442","68","34","19","13","53","66","0.5","0.28","0.19","0.78","0.97"
"","Max Gerlach","RW","MH/SAS","19.45","65","35","17","18","52","70","0.54","0.26","0.28","0.8","1.08"
"","Jermaine Loewen","LW","KAM","19.658","66","36","16","12","52","64","0.55","0.24","0.18","0.79","0.97"
"","Parker Kelly","RW","PA","18.341","69","29","23","7","52","59","0.42","0.33","0.1","0.75","0.86"
"","Donovan Neuls","C","SEA","19.894","71","22","29","25","51","76","0.31","0.41","0.35","0.72","1.07"
"","James Malm","C","VAN","18.226","72","19","32","15","51","66","0.26","0.44","0.21","0.71","0.92"
"","Tanner Kaspick","C","BDN/VIC","19.631","60","25","26","13","51","64","0.42","0.43","0.22","0.85","1.07"
"","Brett Davis","RW","KTN","18.292","72","25","25","8","50","58","0.35","0.35","0.11","0.69","0.81"
"","Evan Weinger","RW","BDN/POR","20.411","65","31","19","7","50","57","0.48","0.29","0.11","0.77","0.88"
"","Colby Sissons","D","SC","19.666","72","13","36","22","49","71","0.18","0.5","0.31","0.68","0.99"
"","Michael Rasmussen","C","TC","18.415","47","31","18","10","49","59","0.66","0.38","0.21","1.04","1.26"
"","Josh Mahura","D","REG","19.365","60","22","26","21","48","69","0.37","0.43","0.35","0.8","1.15"
"","Kailer Yamamoto","RW","SPO","18.963","40","21","27","16","48","64","0.53","0.68","0.4","1.2","1.6"
"","Brandon Hagel","LW","RD","19.053","56","18","30","11","48","59","0.32","0.54","0.2","0.86","1.05"
"","Noah Gregor","C","MJ/VIC","19.135","60","29","18","18","47","65","0.48","0.3","0.3","0.78","1.08"
"","Curtis Miske","LW","PA","20.66","72","27","20","17","47","64","0.38","0.28","0.24","0.65","0.89"
"","Alec Baer","C","KTN","20.058","72","30","17","14","47","61","0.42","0.24","0.19","0.65","0.85"
"","Cal Foote","D","KEL","18.757","60","19","27","24","46","70","0.32","0.45","0.4","0.77","1.17"
"","Tomas Soustal","C","KEL/EDM","20.581","69","22","24","16","46","62","0.32","0.35","0.23","0.67","0.9"
"","Colton Kroeker","C","KTN","20.649","68","15","31","15","46","61","0.22","0.46","0.22","0.68","0.9"
"","Davis Koch","RW","VAN/EDM","19.258","68","22","24","12","46","58","0.32","0.35","0.18","0.68","0.85"
"","Colton Kehler","RW","EDM","20.219","71","32","14","5","46","51","0.45","0.2","0.07","0.65","0.72"
"","Ty Smith","D","SPO","17.479","69","14","31","28","45","73","0.2","0.45","0.41","0.65","1.06"
"","Henri Jokiharju","D","POR","18.248","63","12","33","26","45","71","0.19","0.52","0.41","0.71","1.13"
"","Jared Bethune","LW","PG","20.652","71","21","24","24","45","69","0.3","0.34","0.34","0.63","0.97"
"","James Hamblin","C","MH","18.388","70","21","24","19","45","64","0.3","0.34","0.27","0.64","0.91"
"","Riley Woods","LW","SPO","19.226","72","25","20","12","45","57","0.35","0.28","0.17","0.62","0.79"
"","Jake Kryski","C","CGY","19.524","71","16","29","11","45","56","0.23","0.41","0.15","0.63","0.79"
"","Leif Mattson","RW","KEL","18.15","63","25","19","16","44","60","0.4","0.3","0.25","0.7","0.95"
"","Kristian Reichel","C","RD","19.264","63","34","10","13","44","57","0.54","0.16","0.21","0.7","0.9"
"","Connor Gutenberg","C","BDN","18.032","72","18","26","9","44","53","0.25","0.36","0.12","0.61","0.74"
"","Austin Strand","D","SEA","20.575","69","25","18","21","43","64","0.36","0.26","0.3","0.62","0.93"
"","Dylan Coghlan","RD","TC","19.571","69","17","26","20","43","63","0.25","0.38","0.29","0.62","0.91"
"","Kale Clague","D","BDN/MJ","19.28","54","11","31","29","42","71","0.2","0.57","0.54","0.78","1.31"
"","Kevin Davis","D","EVT","20.507","71","10","32","23","42","65","0.14","0.45","0.32","0.59","0.92"
"","Josh Paterson","C","SAS","18.651","72","31","11","11","42","53","0.43","0.15","0.15","0.58","0.74"
"","Kyle Topping","C","KEL","17.827","66","22","19","24","41","65","0.33","0.29","0.36","0.62","0.98"
"","Joachim Blichfeld","LW","POR","19.165","56","24","17","15","41","56","0.43","0.3","0.27","0.73","1.0"
"","Nolan Yaremko","LW","TC","19.332","70","22","19","15","41","56","0.31","0.27","0.21","0.59","0.8"
"","Jared Legien","LW","REG/VIC","19.037","61","23","17","10","40","50","0.38","0.28","0.16","0.66","0.82"
"","Calen Addison","D","LET","17.43","68","11","28","26","39","65","0.16","0.41","0.38","0.57","0.96"
"","Joe Gatenby","D","KAM","20.337","72","13","26","20","39","59","0.18","0.36","0.28","0.54","0.82"
"","Peyton Krebs","LW","KTN","16.636","67","17","22","15","39","54","0.25","0.33","0.22","0.58","0.81"
"","Riley Sutter","RW","EVT","17.892","68","25","14","14","39","53","0.37","0.21","0.21","0.57","0.78"
"","Josh Maser","LW","PG","18.659","71","28","11","10","39","49","0.39","0.15","0.14","0.55","0.69"
"","Sean Richards","LW","EVT","18.752","64","20","19","10","39","49","0.31","0.3","0.16","0.61","0.77"
"","Dylan Cozens","C","LET","16.597","57","22","16","15","38","53","0.39","0.28","0.26","0.67","0.93"
"","Noah Philp","C","SEA","19.042","71","14","24","12","38","50","0.2","0.34","0.17","0.54","0.7"
"","Dennis Cholowski","D","POR/PG","19.582","69","14","23","29","37","66","0.2","0.33","0.42","0.54","0.96"
"","Ryan Chyzowski","LW","MH","17.339","72","21","16","15","37","52","0.29","0.22","0.21","0.51","0.72"
"","Grayson Pawlenchuk","LW","RD","20.485","72","18","19","15","37","52","0.25","0.26","0.21","0.51","0.72"
"","Ryan Peckford","C","MJ/VIC","18.536","73","20","17","12","37","49","0.27","0.23","0.16","0.51","0.67"
"","Isaac Johnson","LW","TC","18.642","68","17","20","11","37","48","0.25","0.29","0.16","0.54","0.71"
"","Quinn Benjafield","RW","KAM","19.617","69","19","17","11","36","47","0.28","0.25","0.16","0.52","0.68"
"","Ethan McIndoe","LW","SPO","18.152","71","21","15","6","36","42","0.3","0.21","0.08","0.51","0.59"
"","Eric Florchuk","C","VIC/SAS","17.681","71","16","19","14","35","49","0.23","0.27","0.2","0.49","0.69"
"","Emil Oksanen","RW","REG","18.974","58","16","19","13","35","48","0.28","0.33","0.22","0.6","0.83"
"","Colton Veloso","RW","KTN","20.219","71","25","10","12","35","47","0.35","0.14","0.17","0.49","0.66"
"","Matthew Wedman","C","SEA","18.311","72","17","18","12","35","47","0.24","0.25","0.17","0.49","0.65"
"","Mark Kastelic","C","CGY","18.516","71","23","12","10","35","45","0.32","0.17","0.14","0.49","0.63"
"","Linden McCorrister","LW","BDN","19.477","59","20","15","8","35","43","0.34","0.25","0.14","0.59","0.73"
"","Nick Chyzowski","C","KAM","20.285","72","20","14","12","34","46","0.28","0.19","0.17","0.47","0.64"
"","Regan Nagy","RW","VIC/PA","20.348","57","25","9","11","34","45","0.44","0.16","0.19","0.6","0.79"
"","Sami Moilanen","RW","SEA","18.648","50","22","12","11","34","45","0.44","0.24","0.22","0.68","0.9"
"","Tristin Langan","LW","MJ","18.752","70","16","18","8","34","42","0.23","0.26","0.11","0.49","0.6"
"","Gary Haden","C","MH","18.645","70","17","17","8","34","42","0.24","0.24","0.11","0.49","0.6"
"","Tristen Nielsen","C","CGY","17.561","49","19","15","1","34","35","0.39","0.31","0.02","0.69","0.71"
"","Ryan Jevne","RW","MH","19.439","69","20","13","14","33","47","0.29","0.19","0.2","0.48","0.68"
"","Kirby Dach","C","SAS","16.649","52","7","26","13","33","46","0.13","0.5","0.25","0.63","0.88"
"","Riley Stotts","LW","SC/CGY","17.695","69","19","14","11","33","44","0.28","0.2","0.16","0.48","0.64"
"","Luc Smith","C","KAM","19.653","62","21","12","11","33","44","0.34","0.19","0.18","0.53","0.71"
"","Luke Coleman","LW","CGY","19.018","72","15","18","6","33","39","0.21","0.25","0.08","0.46","0.54"
"","Reese Johnson","RW","RD","19.185","72","23","10","6","33","39","0.32","0.14","0.08","0.46","0.54"
"","Bryce Kindopp","RW","EVT","18.256","72","24","9","3","33","36","0.33","0.12","0.04","0.46","0.5"
"","Cameron Hausinger","RW","KTN","18.675","70","21","11","11","32","43","0.3","0.16","0.16","0.46","0.61"
"","Ryan Hughes","C","POR","18.139","46","17","15","9","32","41","0.37","0.33","0.2","0.7","0.89"
"","Jake Leschyshyn","C","REG","18.519","64","18","14","8","32","40","0.28","0.22","0.12","0.5","0.62"
"","Andrei Grishakov","LW","VIC/CGY","18.333","69","19","13","7","32","39","0.28","0.19","0.1","0.46","0.57"
"","Cale Fleury","D","REG/KTN","18.823","68","12","19","20","31","51","0.18","0.28","0.29","0.46","0.75"
"","Igor Martynov","LW","VIC","18.656","63","18","13","12","31","43","0.29","0.21","0.19","0.49","0.68"
"","Brogan O'Brien","C","PG","20.091","52","17","14","10","31","41","0.33","0.27","0.19","0.6","0.79"
"","Parker AuCoin","LW","TC","19.13","61","19","12","9","31","40","0.31","0.2","0.15","0.51","0.66"
"","Chase Wouters","C","SAS","17.602","72","18","12","21","30","51","0.25","0.17","0.29","0.42","0.71"
"","Jake Bean","D","TC/CGY","19.269","57","12","18","18","30","48","0.21","0.32","0.32","0.53","0.84"
"","Turner Ottenbreit","D","SEA","20.187","64","9","21","17","30","47","0.14","0.33","0.27","0.47","0.73"
"","Conner Bruggen-Cate","LW","KEL","18.007","70","18","12","15","30","45","0.26","0.17","0.21","0.43","0.64"
"","Juuso Valimaki","LD","TC","18.944","43","14","16","15","30","45","0.33","0.37","0.35","0.7","1.05"
"","Artyom Minulin","D","SC","18.957","64","13","17","13","30","43","0.2","0.27","0.2","0.47","0.67"
"","Luka Burzan","C","BDN/MJ","17.69","72","15","15","10","30","40","0.21","0.21","0.14","0.42","0.56"
"","Jake McGrew","RW","SPO","18.555","65","19","11","8","30","38","0.29","0.17","0.12","0.46","0.58"
"","Beck Malenstyn","LW","SC/CGY","19.612","42","17","13","2","30","32","0.4","0.31","0.05","0.71","0.76"
"","Taylor Ross","LW","LET/SPO","19.568","64","21","8","13","29","42","0.33","0.12","0.2","0.45","0.66"
"","Eli Zummack","C","SPO","17.484","58","15","14","12","29","41","0.26","0.24","0.21","0.5","0.71"
"","Jackson Leppard","LW","PG","17.66","68","15","14","7","29","36","0.22","0.21","0.1","0.43","0.53"
"","Conner McDonald","D","EDM","18.295","71","10","18","14","28","42","0.14","0.25","0.2","0.39","0.59"
"","Alex Overhardt","C","POR","20.666","70","15","13","12","28","40","0.21","0.19","0.17","0.4","0.57"
"","Brayden Watts","LW","VAN","18.566","70","17","11","11","28","39","0.24","0.16","0.16","0.4","0.56"
"","Aaron Boyd","LW","PG","20.313","67","14","14","10","28","38","0.21","0.21","0.15","0.42","0.57"
"","Zach Fischer","RW","MH/SPO","20.159","46","22","6","8","28","36","0.48","0.13","0.17","0.61","0.78"
"","Dawson Davidson","D","REG/SAS","19.442","69","10","17","16","27","43","0.14","0.25","0.23","0.39","0.62"
"","Joel Lakusta","D","PG","19.228","70","9","18","15","27","42","0.13","0.26","0.21","0.39","0.6"
"","Zane Franklin","C","LET","18.694","67","14","13","11","27","38","0.21","0.19","0.16","0.4","0.57"
"","Kaden Elder","C","SC","19.502","67","18","9","5","27","32","0.27","0.13","0.07","0.4","0.48"
"","Vojtech Budik","D","PA","19.628","63","14","12","15","26","41","0.22","0.19","0.24","0.41","0.65"
"","Vladislav Yeryomenko","D","CGY","18.399","63","13","13","15","26","41","0.21","0.21","0.24","0.41","0.65"
"","Nolan Foote","LW","KEL","16.794","50","13","13","14","26","40","0.26","0.26","0.28","0.52","0.8"
"","Brodi Stuart","LW","KAM","17.517","70","16","10","12","26","38","0.23","0.14","0.17","0.37","0.54"
"","Josh Curtis","RW","PG","18.976","72","9","17","10","26","36","0.12","0.24","0.14","0.36","0.5"
"","Cole Reinhardt","LW","BDN","17.621","68","19","7","8","26","34","0.28","0.1","0.12","0.38","0.5"
"","Jaeger White","C","MH","19.453","68","10","16","8","26","34","0.15","0.24","0.12","0.38","0.5"
"","Bradly Goethals","C","SAS","19.247","69","15","11","6","26","32","0.22","0.16","0.09","0.38","0.46"
"","Conner Chaulk","C","SC/CGY","20.323","56","16","10","5","26","31","0.29","0.18","0.09","0.46","0.55"
"","Libor Hajek","D","REG/SAS","19.612","58","12","13","14","25","39","0.21","0.22","0.24","0.43","0.67"
"","Vince Loschiavo","C","MJ/KTN","19.488","68","19","6","11","25","36","0.28","0.09","0.16","0.37","0.53"
"","Brett Kemp","C","EDM","17.482","69","17","8","11","25","36","0.25","0.12","0.16","0.36","0.52"
"","Tyler Preziuso","RW","MH","18.656","66","17","8","8","25","33","0.26","0.12","0.12","0.38","0.5"
"","Baron Thompson","RW","BDN","18.571","60","13","12","1","25","26","0.22","0.2","0.02","0.42","0.43"
"","Jake Elmer","RW","LET","18.708","70","18","6","13","24","37","0.26","0.09","0.19","0.34","0.53"
"","Dawson Holt","C","VAN","18.579","65","12","12","10","24","34","0.18","0.18","0.15","0.37","0.52"
"","Brett Leason","RW","TC/PA","18.38","66","16","8","9","24","33","0.24","0.12","0.14","0.36","0.5"
"","Lane Zablocki","RW","LET/VIC/RD","18.719","65","12","12","7","24","31","0.18","0.18","0.11","0.37","0.48"
"","Sean Montgomery","C","PA","19.527","72","12","12","5","24","29","0.17","0.17","0.07","0.33","0.4"
"","Jarret Tyszka","D","SEA","18.506","70","8","15","17","23","40","0.11","0.21","0.24","0.33","0.57"
"","Dillon Hamaliuk","LW","SEA","16.876","72","15","8","16","23","39","0.21","0.11","0.22","0.32","0.54"
"","Nolan Kneen","D","KAM","18.486","68","7","16","14","23","37","0.1","0.24","0.21","0.34","0.54"
"","Alexander Alexeyev","D","RD","17.835","45","7","16","14","23","37","0.16","0.36","0.31","0.51","0.82"
"","Nolan Reid","D","SPO","19.48","72","14","9","13","23","36","0.19","0.12","0.18","0.32","0.5"
"","Nick Henry","RW","REG","18.202","53","14","9","6","23","29","0.26","0.17","0.11","0.43","0.55"
"","Dylan Plouffe","D","VAN","18.388","60","9","13","18","22","40","0.15","0.22","0.3","0.37","0.67"
"","Keoni Texeira","D","POR","20.48","64","9","13","11","22","33","0.14","0.2","0.17","0.34","0.52"
"","Vladislav Mikhalchuk","RW","PG","17.917","60","14","8","11","22","33","0.23","0.13","0.18","0.37","0.55"
"","Carson Focht","C","TC/CGY","17.613","69","13","9","11","22","33","0.19","0.13","0.16","0.32","0.48"
"","Max Martin","D","PA","18.144","72","8","14","10","22","32","0.11","0.19","0.14","0.31","0.44"
"","Robbie Holmes","LW","REG","18.152","68","16","6","7","22","29","0.24","0.09","0.1","0.32","0.43"
"","Josh Tarzwell","C","LET/RD","17.602","69","10","12","5","22","27","0.14","0.17","0.07","0.32","0.39"
"","Jared Dmytriw","RW","VAN/RD","19.278","71","15","7","4","22","26","0.21","0.1","0.06","0.31","0.37"
"","Chaz Reddekopp","D","VIC","20.704","46","7","14","10","21","31","0.15","0.3","0.22","0.46","0.67"
"","Ilijah Colina","C","POR/PG","17.575","66","11","10","10","21","31","0.17","0.15","0.15","0.32","0.47"
"","Ondrej Vala","D","KAM/EVT","19.425","59","7","14","7","21","28","0.12","0.24","0.12","0.36","0.47"
"","Liam Kindree","RW","KEL","17.703","50","8","13","6","21","27","0.16","0.26","0.12","0.42","0.54"
"","Orrin Centazzo","LW","KAM/EVT","17.413","72","11","10","5","21","26","0.15","0.14","0.07","0.29","0.36"
"","Riley Sawchuk","C","TC","18.497","70","15","6","3","21","24","0.21","0.09","0.04","0.3","0.34"
"","Filip Kral","D","SPO","17.906","54","9","11","15","20","35","0.17","0.2","0.28","0.37","0.65"
"","Jack Cowell","LW","KEL","18.374","71","10","10","14","20","34","0.14","0.14","0.2","0.28","0.48"
"","Jared Freadrich","D","VIC","19.535","71","12","8","12","20","32","0.17","0.11","0.17","0.28","0.45"
"","Jadon Joseph","C","LET","18.319","53","9","11","12","20","32","0.17","0.21","0.23","0.38","0.6"
"","Brendan Semchuk","RW","VAN/EDM","18.566","49","12","8","6","20","26","0.24","0.16","0.12","0.41","0.53"
"","Hayden Ostir","RW","MH/SPO","18.196","41","9","11","6","20","26","0.22","0.27","0.15","0.49","0.63"
"","Sasha Mutala","RW","TC","16.362","68","11","9","6","20","26","0.16","0.13","0.09","0.29","0.38"
"","David Kope","RW","EDM","16.931","63","14","6","5","20","25","0.22","0.1","0.08","0.32","0.4"
"","Jake Gricius","C","POR","17.925","69","13","7","4","20","24","0.19","0.1","0.06","0.29","0.35"
"","Blake Bargar","RW","SEA","19.529","58","11","9","4","20","24","0.19","0.16","0.07","0.34","0.41"
"","Andrew Fyten","RW","SC/CGY","18.924","69","9","11","3","20","23","0.13","0.16","0.04","0.29","0.33"
"","Jonathan Smart","D","REG/KTN","18.292","69","6","13","15","19","34","0.09","0.19","0.22","0.28","0.49"
"","Igor Merezhko","D","LET","19.379","71","5","14","14","19","33","0.07","0.2","0.2","0.27","0.46"
"","Martin Bodak","D","KTN","18.798","59","7","12","12","19","31","0.12","0.2","0.2","0.32","0.53"
"","Jake Christiansen","D","EVT","18.01","72","6","13","12","19","31","0.08","0.18","0.17","0.26","0.43"
"","Bowen Byram","D","VAN","16.258","60","6","13","8","19","27","0.1","0.22","0.13","0.32","0.45"
"","Max Patterson","RW","SC","17.72","72","9","10","5","19","24","0.12","0.14","0.07","0.26","0.33"
"","Dylan MacPherson","D","MH","19.387","67","4","15","3","19","22","0.06","0.22","0.04","0.28","0.33"
"","Keenan Taphorn","RW","KTN","17.701","61","7","12","2","19","21","0.11","0.2","0.03","0.31","0.34"
"","Lane Gilliss","LW","POR","17.958","65","7","12","1","19","20","0.11","0.18","0.02","0.29","0.31"
"","Gordie Ballhorn","D","KEL","20.036","72","6","12","24","18","42","0.08","0.17","0.33","0.25","0.58"
"","Milos Roman","C","VAN","17.859","39","10","8","14","18","32","0.26","0.21","0.36","0.46","0.82"
"","Kobe Mohr","LW","EDM","18.297","58","11","7","10","18","28","0.19","0.12","0.17","0.31","0.48"
"","Brayden Pachal","D","PA","18.065","68","7","11","8","18","26","0.1","0.16","0.12","0.26","0.38"
"","Bryan Lockner","RW","MH/REG","17.449","70","14","4","8","18","26","0.2","0.06","0.11","0.26","0.37"
"","Owen Hardy","LW","VAN","18.588","56","11","7","5","18","23","0.2","0.12","0.09","0.32","0.41"
"","Elijah Brown","C","MH/SEA","17.695","43","8","10","5","18","23","0.19","0.23","0.12","0.42","0.53"
"","Mason Mannek","C","POR","17.432","58","10","8","4","18","22","0.17","0.14","0.07","0.31","0.38"
"","Spencer Moe","C","PA","17.69","72","9","9","4","18","22","0.12","0.12","0.06","0.25","0.31"
"","Michael Farren","RW","SAS","17.408","62","11","7","4","18","22","0.18","0.11","0.06","0.29","0.35"
"","Jackson Shepard","LW","KAM","17.547","72","9","9","4","18","22","0.12","0.12","0.06","0.25","0.31"
"","Gage Ramsay","C","SAS","18.919","63","6","12","2","18","20","0.1","0.19","0.03","0.29","0.32"
"","Ryan Vandervlis","C","LET","19.316","19","11","7","1","18","19","0.58","0.37","0.05","0.95","1.0"
"","Matt Barberis","D","VAN","19.655","56","3","14","13","17","30","0.05","0.25","0.23","0.3","0.54"
"","Tyson Helgesen","D","SPO","20.266","72","6","11","12","17","29","0.08","0.15","0.17","0.24","0.4"
"","Connor Zary","C","KAM","15.973","68","11","6","12","17","29","0.16","0.09","0.18","0.25","0.43"
"","Reece Harsch","D","SEA","18.689","53","10","7","8","17","25","0.19","0.13","0.15","0.32","0.47"
"","James Hilsendager","D","KEL","20.49","54","6","11","7","17","24","0.11","0.2","0.13","0.31","0.44"
"","Jeff de Wit","C","REG/VIC/KTN","19.508","43","11","6","3","17","20","0.26","0.14","0.07","0.4","0.47"
"","Caiden Daley","C","BDN","17.61","69","7","10","2","17","19","0.1","0.14","0.03","0.25","0.28"
"","Josh Brook","D","MJ","18.248","45","3","13","16","16","32","0.07","0.29","0.36","0.36","0.71"
"","Ty Prefontaine","D","LET","18.673","71","5","11","9","16","25","0.07","0.15","0.13","0.23","0.35"
"","Ryan Schoettler","D","PG","18.144","72","8","8","7","16","23","0.11","0.11","0.1","0.22","0.32"
"","Luke Toporowski","LW","SPO","16.427","61","10","6","7","16","23","0.16","0.1","0.11","0.26","0.38"
"","Tate Popple","C","MJ","17.536","71","6","10","6","16","22","0.08","0.14","0.08","0.23","0.31"
"","Barrett Sheen","LW","MJ/KTN","18.987","60","5","11","5","16","21","0.08","0.18","0.08","0.27","0.35"
"","Maxwell James","LW","TC","20.425","58","7","9","5","16","21","0.12","0.16","0.09","0.28","0.36"
"","Justin Nachbaur","LW","PA","17.534","66","9","7","4","16","20","0.14","0.11","0.06","0.24","0.3"
"","Gunnar Wegleitner","RW","BDN","19.362","57","10","6","3","16","19","0.18","0.11","0.05","0.28","0.33"
"","Jesse Gabrielle","LW","REG","20.247","27","13","3","3","16","19","0.48","0.11","0.11","0.59","0.7"
"","Ethan O'Rourke","RW","EVT/PG","18.555","66","6","10","2","16","18","0.09","0.15","0.03","0.24","0.27"
"","Wyatte Wylie","D","EVT","17.87","72","6","9","16","15","31","0.08","0.12","0.22","0.21","0.43"
"","Brandon Schuldhaus","D","MJ/RD","19.56","64","8","7","12","15","27","0.12","0.11","0.19","0.23","0.42"
"","Oleg Sosunov","D","MJ","19.425","71","7","8","11","15","26","0.1","0.11","0.15","0.21","0.37"
"","Brendan De Jong","D","POR","19.483","68","6","9","10","15","25","0.09","0.13","0.15","0.22","0.37"
"","Jett Woo","D","MJ","17.137","44","9","6","10","15","25","0.2","0.14","0.23","0.34","0.57"
"","Erik Gardiner","LW","KEL","18.489","31","7","8","7","15","22","0.23","0.26","0.23","0.48","0.71"
"","Josh Williams","RW","MH","16.523","47","11","4","5","15","20","0.23","0.09","0.11","0.32","0.43"
"","Brad Ginnell","C","POR/KTN","17.2","61","8","7","4","15","19","0.13","0.11","0.07","0.25","0.31"
"","Sahvan Khaira","D","SC","19.702","65","6","8","12","14","26","0.09","0.12","0.18","0.22","0.4"
"","Chase Hartje","D","BDN/MJ","17.747","58","3","11","11","14","25","0.05","0.19","0.19","0.24","0.43"
"","Matthew Robertson","D","EDM","16.521","67","7","7","10","14","24","0.1","0.1","0.15","0.21","0.36"
"","Mark Rubinchik","D","SAS","18.489","67","4","10","9","14","23","0.06","0.15","0.13","0.21","0.34"
"","Alex Kannok Leipert","D","VAN","17.156","60","5","9","7","14","21","0.08","0.15","0.12","0.23","0.35"
"","Logan Barlage","C","SC/LET","16.688","71","7","7","6","14","20","0.1","0.1","0.08","0.2","0.28"
"","Dino Kambeitz","RW","VIC","17.64","69","11","3","4","14","18","0.16","0.04","0.06","0.2","0.26"
"","Kade Jensen","D","BDN/VIC","20.37","58","7","7","3","14","17","0.12","0.12","0.05","0.24","0.29"
"","Schael Higson","D","BDN","19.349","71","5","8","15","13","28","0.07","0.11","0.21","0.18","0.39"
"","Kristians Rubins","D","MH","19.762","60","7","6","14","13","27","0.12","0.1","0.23","0.22","0.45"
"","Jackson Caller","D","SAS","18.171","70","3","10","13","13","26","0.04","0.14","0.19","0.19","0.37"
"","Kaid Oliver","LW","VIC","17.643","64","6","7","12","13","25","0.09","0.11","0.19","0.2","0.39"
"","Austin Pratt","RW","REG/RD","18.13","60","7","6","7","13","20","0.12","0.1","0.12","0.22","0.33"
"","Milos Fafrak","LW","SPO","18.191","66","9","4","6","13","19","0.14","0.06","0.09","0.2","0.29"
"","Sergei Sapego","D","TC/PA","17.939","44","4","9","6","13","19","0.09","0.2","0.14","0.3","0.43"
"","Ty Gerla","LW","EDM","18.21","59","3","10","5","13","18","0.05","0.17","0.08","0.22","0.31"
"","Zack Hayes","D","PA","18.396","71","3","10","4","13","17","0.04","0.14","0.06","0.18","0.24"
"","Devon Skoleski","C","PA","20.0","38","8","5","4","13","17","0.21","0.13","0.11","0.34","0.45"
"","Jeff Faith","D","SPO","19.691","60","5","8","4","13","17","0.08","0.13","0.07","0.22","0.28"
"","Chris Douglas","RW","RD","17.194","72","9","4","3","13","16","0.12","0.06","0.04","0.18","0.22"
"","Michael King","C","KTN","17.577","56","8","5","2","13","15","0.14","0.09","0.04","0.23","0.27"
"","Tyler Popowich","C","VAN","17.38","64","8","5","1","13","14","0.12","0.08","0.02","0.2","0.22"
"","Scott Walford","D","VIC","18.675","69","2","10","20","12","32","0.03","0.14","0.29","0.17","0.46"
"","Dmitri Zaitsev","D","MJ","19.658","61","6","6","16","12","28","0.1","0.1","0.26","0.2","0.46"
"","Tate Olson","D","LET","20.488","54","2","10","12","12","24","0.04","0.19","0.22","0.22","0.44"
"","Egor Zudilov","LW","LET","17.013","64","7","5","11","12","23","0.11","0.08","0.17","0.19","0.36"
"","Matthew Quigley","D","POR","18.697","68","2","10","10","12","22","0.03","0.15","0.15","0.18","0.32"
"","Gilian Kohler","LW","KTN","17.304","55","8","4","7","12","19","0.15","0.07","0.13","0.22","0.35"
"","Braydyn Chizen","D","KEL","19.354","61","6","6","7","12","19","0.1","0.1","0.11","0.2","0.31"
"","Carson Denomie","RW","KAM","17.635","66","6","6","7","12","19","0.09","0.09","0.11","0.18","0.29"
"","Cael Zimmerman","C","CGY","16.66","66","6","6","6","12","18","0.09","0.09","0.09","0.18","0.27"
"","Montana Onyebuchi","D","KAM/EVT","17.523","62","4","8","5","12","17","0.06","0.13","0.08","0.19","0.27"
"","Kole Gable","LW","SC","19.163","68","6","6","4","12","16","0.09","0.09","0.06","0.18","0.24"
"","Dalton Hamaliuk","D","SPO","19.488","71","4","8","4","12","16","0.06","0.11","0.06","0.17","0.23"
"","Ralph Jarratt","D","VIC","19.497","53","2","10","3","12","15","0.04","0.19","0.06","0.23","0.28"
"","Ty Kolle","C","POR","17.43","60","7","5","2","12","14","0.12","0.08","0.03","0.2","0.23"
"","Brady Reagan","D","KAM/CGY","20.088","66","2","10","2","12","14","0.03","0.15","0.03","0.18","0.21"
"","Riley McKay","LW","SPO","18.527","62","4","8","1","12","13","0.06","0.13","0.02","0.19","0.21"
"","Kaeden Taphorn","LW","KTN","17.701","62","6","6","1","12","13","0.1","0.1","0.02","0.19","0.21"
"","Sebastian Streu","LW","KTN","17.816","54","9","3","0","12","12","0.17","0.06","0.0","0.22","0.22"
"","Dawson Barteaux","D","RD","17.676","64","3","8","21","11","32","0.05","0.12","0.33","0.17","0.5"
"","Libor Zabransky","D","KEL","17.306","72","2","9","8","11","19","0.03","0.12","0.11","0.15","0.26"
"","Jake Kustra","D","SAS","18.407","71","4","7","7","11","18","0.06","0.1","0.1","0.15","0.25"
"","Kyle Olson","C","TC","18.486","36","4","7","7","11","18","0.11","0.19","0.19","0.31","0.5"
"","Branden Klatt","LW","MJ","18.905","69","7","4","4","11","15","0.1","0.06","0.06","0.16","0.22"
"","Keltie Jeri-Leon","RW","LET/TC/KAM","17.657","54","8","3","4","11","15","0.15","0.06","0.07","0.2","0.28"
"","Rylan Bettens","RW","BDN","17.58","49","7","4","3","11","14","0.14","0.08","0.06","0.22","0.29"
"","Evan Fiala","D","SAS","20.274","71","7","3","10","10","20","0.1","0.04","0.14","0.14","0.28"
"","Conor MacEachern","D","POR","18.771","62","3","7","5","10","15","0.05","0.11","0.08","0.16","0.24"
"","Martin Fasko-Rudas","LW","EVT","17.098","70","6","4","5","10","15","0.09","0.06","0.07","0.14","0.21"
"","Orca Wiesblatt","RW","CGY","17.287","49","5","5","3","10","13","0.1","0.1","0.06","0.2","0.27"
"","Koby Morrisseau","C","REG","16.909","47","6","4","2","10","12","0.13","0.09","0.04","0.21","0.26"
"","Ethan Browne","C","EVT/PG","16.367","38","1","9","2","10","12","0.03","0.24","0.05","0.26","0.32"
"","Yan Khomenko","RW","VIC","19.461","20","2","8","1","10","11","0.1","0.4","0.05","0.5","0.55"
"","Brandon Cutler","LW","RD","17.698","68","6","4","1","10","11","0.09","0.06","0.01","0.15","0.16"
"","Zach Wytinck","D","BDN","18.486","68","4","5","14","9","23","0.06","0.07","0.21","0.13","0.34"
"","Mitchell Prowse","D","VIC","17.271","71","1","8","9","9","18","0.01","0.11","0.13","0.13","0.25"
"","Egor Zamula","D","REG/CGY","17.462","69","2","7","9","9","18","0.03","0.1","0.13","0.13","0.26"
"","Jacob Herauf","D","RD","17.334","70","2","7","9","9","18","0.03","0.1","0.13","0.13","0.26"
"","Kaedan Korczak","D","KEL","16.627","67","3","6","7","9","16","0.04","0.09","0.1","0.13","0.24"
"","Wyatt Sloboshan","C","REG","20.641","36","4","5","6","9","15","0.11","0.14","0.17","0.25","0.42"
"","Josh Anderson","D","SC/PG","19.048","54","3","6","5","9","14","0.06","0.11","0.09","0.17","0.26"
"","Marek Skvrne","C","KEL","18.111","69","4","5","4","9","13","0.06","0.07","0.06","0.13","0.19"
"","Logan Christensen","C","SAS","18.675","51","5","4","3","9","12","0.1","0.08","0.06","0.18","0.24"
"","Nick Bowman","C","EDM","17.509","56","6","3","3","9","12","0.11","0.05","0.05","0.16","0.21"
"","Reece Newkirk","C","POR","16.567","58","8","1","2","9","11","0.14","0.02","0.03","0.16","0.19"
"","Jack Flaman","C","LET/RD","20.419","21","6","3","2","9","11","0.29","0.14","0.1","0.43","0.52"
"","Hunter Campbell","RW","CGY","16.633","59","4","5","2","9","11","0.07","0.08","0.03","0.15","0.19"
"","Max Kryski","LW","PG","17.367","62","8","1","1","9","10","0.13","0.02","0.02","0.15","0.16"
"","Nic Holowko","LW","KAM/PG","20.222","17","4","5","0","9","9","0.24","0.29","0.0","0.53","0.53"
"","Linus Nassen","D","MH","19.352","44","1","7","18","8","26","0.02","0.16","0.41","0.18","0.59"
"","Braden Schneider","D","BDN","15.987","66","1","7","14","8","22","0.02","0.11","0.21","0.12","0.33"
"","Dakota Krebs","RD","TC/CGY","18.475","69","4","4","8","8","16","0.06","0.06","0.12","0.12","0.23"
"","Brady Pouteau","D","LET/REG","19.683","59","1","7","5","8","13","0.02","0.12","0.08","0.14","0.22"
"","Liam Keeler","C","EDM","16.663","60","3","5","5","8","13","0.05","0.08","0.08","0.13","0.22"
"","Dalton Gally","D","MH","19.636","72","2","6","4","8","12","0.03","0.08","0.06","0.11","0.17"
"","Spencer Gerth","RW","VIC/EVT","19.338","70","5","3","2","8","10","0.07","0.04","0.03","0.11","0.14"
"","Caleb Fantillo","RW","SAS","19.404","38","7","1","2","8","10","0.18","0.03","0.05","0.21","0.26"
"","Dallas Hines","D","KTN","19.609","59","4","3","12","7","19","0.07","0.05","0.2","0.12","0.32"
"","Braydon Buziak","C","REG/VIC","19.642","66","5","2","8","7","15","0.08","0.03","0.12","0.11","0.23"
"","Jeremy Masella","D","VIC/PA","18.579","68","4","3","7","7","14","0.06","0.04","0.1","0.1","0.21"
"","Ben McCartney","LW","BDN","16.176","51","2","5","5","7","12","0.04","0.1","0.1","0.14","0.24"
"","Henry Rybinski","LW","MH","16.222","63","3","4","5","7","12","0.05","0.06","0.08","0.11","0.19"
"","Ethan Cap","D","EDM","17.413","72","5","2","5","7","12","0.07","0.03","0.07","0.1","0.17"
"","Tanner Nagel","RW","SC/LET","19.634","57","5","2","4","7","11","0.09","0.04","0.07","0.12","0.19"
"","Koletrane Wilson","D","LET","18.04","59","3","4","4","7","11","0.05","0.07","0.07","0.12","0.19"
"","Scott Atkinson","C","EDM","17.191","48","2","5","4","7","11","0.04","0.1","0.08","0.15","0.23"
"","Seth Bafaro","D","SAS","17.334","58","3","4","3","7","10","0.05","0.07","0.05","0.12","0.17"
"","Dawson Heathcote","RW","MH","17.703","47","6","1","2","7","9","0.13","0.02","0.04","0.15","0.19"
"","Tyler Ho","RW","VAN","16.953","57","1","6","2","7","9","0.02","0.11","0.04","0.12","0.16"
"","Nikita Malukhin","LW","SEA","17.169","52","5","2","2","7","9","0.1","0.04","0.04","0.13","0.17"
"","Austin Crossley","D","PA/PG","18.213","51","4","3","2","7","9","0.08","0.06","0.04","0.14","0.18"
"","Carter Souch","LW","EDM","15.883","38","4","3","2","7","9","0.11","0.08","0.05","0.18","0.24"
"","Jonny Hooker","C","BDN","15.951","40","3","4","1","7","8","0.07","0.1","0.03","0.17","0.2"
"","Connor Bouchard","C","TC","16.507","60","2","5","1","7","8","0.03","0.08","0.02","0.12","0.13"
"","Alec Zawatsky","LW","SAS","17.753","43","3","4","1","7","8","0.07","0.09","0.02","0.16","0.19"
"","Alex Morozoff","LW","RD","16.296","30","6","1","1","7","8","0.2","0.03","0.03","0.23","0.27"
"","Aidan Barfoot","RW","VAN","16.291","47","5","2","0","7","7","0.11","0.04","0.0","0.15","0.15"
"","Anthony Bishop","D","TC/VIC","19.458","66","0","6","10","6","16","0.0","0.09","0.15","0.09","0.24"
"","Dom Schmiemann","D","SC/CGY","18.456","68","1","5","8","6","14","0.01","0.07","0.12","0.09","0.21"
"","Matthew Smith","D","VIC","17.424","65","3","3","7","6","13","0.05","0.05","0.11","0.09","0.2"
"","Lukus MacKenzie","LW","POR/SAS/RD","18.391","59","2","4","7","6","13","0.03","0.07","0.12","0.1","0.22"
"","Sam Huston","D","KTN","18.295","62","2","4","5","6","11","0.03","0.06","0.08","0.1","0.18"
"","Brett Clayton","LW","POR/TC","18.815","61","4","2","4","6","10","0.07","0.03","0.07","0.1","0.16"
"","Jake Lee","D","SEA","16.176","64","4","2","4","6","10","0.06","0.03","0.06","0.09","0.16"
"","Marcus Sekundiak","LW","BDN","17.405","61","4","2","3","6","9","0.07","0.03","0.05","0.1","0.15"
"","Ted Brennan","C","KEL","17.632","65","1","5","3","6","9","0.02","0.08","0.05","0.09","0.14"
"","Mitchell Brown","RD","TC","16.225","53","2","4","2","6","8","0.04","0.08","0.04","0.11","0.15"
"","Owen Blocker","C","SC/LET","17.462","58","2","4","1","6","7","0.03","0.07","0.02","0.1","0.12"
"","Travis Walton","LW","KAM","18.705","52","3","3","1","6","7","0.06","0.06","0.02","0.12","0.13"
"","Arshdeep Bains","LW","RD","16.682","40","2","4","1","6","7","0.05","0.1","0.03","0.15","0.17"
"","Bryce Platt","LW","REG","19.33","60","4","2","0","6","6","0.07","0.03","0.0","0.1","0.1"
"","Logan Nijhoff","LW","REG","16.23","30","3","3","0","6","6","0.1","0.1","0.0","0.2","0.2"
"","Eric Pearce","C","PA","16.129","49","4","2","0","6","6","0.08","0.04","0.0","0.12","0.12"
"","Samuel Huo","C","SEA","16.176","67","3","3","0","6","6","0.04","0.04","0.0","0.09","0.09"
"","Colin Paradis","D","MJ/RD","19.387","66","2","3","9","5","14","0.03","0.05","0.14","0.08","0.21"
"","Aaron Hyman","D","REG/SEA","19.409","54","3","2","8","5","13","0.06","0.04","0.15","0.09","0.24"
"","James Shearer","D","BDN","20.23","43","2","3","7","5","12","0.05","0.07","0.16","0.12","0.28"
"","Matthew Stanley","LD","SC/LET","19.598","73","2","3","6","5","11","0.03","0.04","0.08","0.07","0.15"
"","Ryan Pouliot","D","KTN","19.308","64","2","3","5","5","10","0.03","0.05","0.08","0.08","0.16"
"","Layne Toder","D","CGY","17.703","70","1","4","5","5","10","0.01","0.06","0.07","0.07","0.14"
"","Justin Sigrist","C","KAM","18.407","50","3","2","5","5","10","0.06","0.04","0.1","0.1","0.2"
"","Ethan Sakowich","D","RD","18.612","72","0","5","5","5","10","0.0","0.07","0.07","0.07","0.14"
"","Carson Sass","D","RD","18.319","72","1","4","5","5","10","0.01","0.06","0.07","0.07","0.14"
"","Reece Vitelli","RW","EVT","16.197","70","2","3","5","5","10","0.03","0.04","0.07","0.07","0.14"
"","Ian Walker","D","EVT","17.665","67","1","4","3","5","8","0.01","0.06","0.04","0.07","0.12"
"","Sean Strange","D","KAM","17.64","52","0","5","3","5","8","0.0","0.1","0.06","0.1","0.15"
"","Tristyn DeRoose","LW","MJ","18.629","47","4","1","2","5","7","0.09","0.02","0.04","0.11","0.15"
"","George King","RW","REG/PA","19.267","23","5","0","1","5","6","0.22","0.0","0.04","0.22","0.26"
"","Cedric Chenier","RW","SPO","17.61","37","2","3","1","5","6","0.05","0.08","0.03","0.14","0.16"
"","Luke Ormsby","RW","SEA/EVT","18.585","56","2","3","1","5","6","0.04","0.05","0.02","0.09","0.11"
"","Zachary Cox","RW","LET","18.571","58","2","3","1","5","6","0.03","0.05","0.02","0.09","0.1"
"","Ryan Bowen","RW","LET","18.766","13","1","4","1","5","6","0.08","0.31","0.08","0.38","0.46"
"","Tyler Smithies","LW","MJ","17.137","36","1","4","0","5","5","0.03","0.11","0.0","0.14","0.14"
"","Liam Ryan","C","PG","17.703","34","2","3","0","5","5","0.06","0.09","0.0","0.15","0.15"
"","Hunter Donohoe","D","RD","17.191","50","3","2","0","5","5","0.06","0.04","0.0","0.1","0.1"
"","Will Warm","D","EDM","18.401","53","1","3","8","4","12","0.02","0.06","0.15","0.08","0.23"
"","Brennan Riddle","D","LET/VAN","20.137","67","1","3","8","4","12","0.01","0.04","0.12","0.06","0.18"
"","Cole Moberg","D","PG","16.912","64","2","2","7","4","11","0.03","0.03","0.11","0.06","0.17"
"","Roman Kalinichenko","LD","TC","17.194","44","1","3","6","4","10","0.02","0.07","0.14","0.09","0.23"
"","Liam Schioler","D","REG","19.642","65","0","4","5","4","9","0.0","0.06","0.08","0.06","0.14"
"","Cyle McNabb","RW","VAN","17.0","61","1","3","4","4","8","0.02","0.05","0.07","0.07","0.13"
"","Carson Miller","C","PA","17.597","69","1","3","4","4","8","0.01","0.04","0.06","0.06","0.12"
"","Ryley Appelt","LW","KAM","17.632","58","4","0","4","4","8","0.07","0.0","0.07","0.07","0.14"
"","Ethan Regnier","RW","SC","17.019","56","2","2","4","4","8","0.04","0.04","0.07","0.07","0.14"
"","Daniel Bukac","D","BDN","18.382","39","0","4","4","4","8","0.0","0.1","0.1","0.1","0.21"
"","Tarun Fizer","RW","VIC","16.542","45","2","2","3","4","7","0.04","0.04","0.07","0.09","0.16"
"","John Ludvig","D","POR","17.12","51","2","2","3","4","7","0.04","0.04","0.06","0.08","0.14"
"","Ty Ettinger","D","BDN","17.454","45","2","2","3","4","7","0.04","0.04","0.07","0.09","0.16"
"","Cole Clayton","D","MH","17.545","56","2","2","3","4","7","0.04","0.04","0.05","0.07","0.12"
"","Connor Horning","D","SC","16.348","50","3","1","3","4","7","0.06","0.02","0.06","0.08","0.14"
"","Bobby Russell","D","KTN","17.482","41","1","3","3","4","7","0.02","0.07","0.07","0.1","0.17"
"","Akash Bains","LW","RD/EVT","18.579","33","2","2","3","4","7","0.06","0.06","0.09","0.12","0.21"
"","Joel Craven","D","MH","17.219","33","1","3","3","4","7","0.03","0.09","0.09","0.12","0.21"
"","Darian Skeoch","D","VAN","20.485","59","2","2","2","4","6","0.03","0.03","0.03","0.07","0.1"
"","Zachary Patrick","D","KTN","16.189","42","0","4","2","4","6","0.0","0.1","0.05","0.1","0.14"
"","Cole Muir","C","REG/KTN","16.584","51","2","2","2","4","6","0.04","0.04","0.04","0.08","0.12"
"","Loeden Schaufler","D","KTN","17.386","32","0","4","2","4","6","0.0","0.12","0.06","0.12","0.19"
"","Baxter Anderson","LW","MH","17.514","45","1","3","1","4","5","0.02","0.07","0.02","0.09","0.11"
"","Matt Leduc","D","SPO","17.681","51","1","3","1","4","5","0.02","0.06","0.02","0.08","0.1"
"","Wil Kushniryk","LW","KEL","17.635","51","2","2","1","4","5","0.04","0.04","0.02","0.08","0.1"
"","Gianni Fairbrother","D","EVT","16.959","33","2","2","1","4","5","0.06","0.06","0.03","0.12","0.15"
"","Jacson Alexander","D","SC","16.619","32","1","3","1","4","5","0.03","0.09","0.03","0.12","0.16"
"","Dryden Michaud","LW","SAS","19.499","29","2","2","0","4","4","0.07","0.07","0.0","0.14","0.14"
"","Andrei Pavlenko","RW","EDM","17.443","20","3","1","0","4","4","0.15","0.05","0.0","0.2","0.2"
"","Brandson Hein","LW","EVT","18.968","30","2","2","0","4","4","0.07","0.07","0.0","0.13","0.13"
"","Kjell Kjemhus","LW","REG/PG","16.452","28","2","2","0","4","4","0.07","0.07","0.0","0.14","0.14"
"","Paycen Bjorklund","RW","TC","16.761","48","2","2","0","4","4","0.04","0.04","0.0","0.08","0.08"
"","Matthew Benson","D","MJ","16.808","49","0","3","8","3","11","0.0","0.06","0.16","0.06","0.22"
"","Kaleb Bulych","D","VAN","17.64","63","1","2","6","3","9","0.02","0.03","0.1","0.05","0.14"
"","Wyatt McLeod","D","EDM","17.635","49","2","1","5","3","8","0.04","0.02","0.1","0.06","0.16"
"","Nikita Popugaev","LW","PG","18.82","13","2","1","4","3","7","0.15","0.08","0.31","0.23","0.54"
"","Randen Schmidt","D","SAS","17.66","36","0","3","4","3","7","0.0","0.08","0.11","0.08","0.19"
"","Owen Williams","D","REG/SEA","16.97","59","0","3","3","3","6","0.0","0.05","0.05","0.05","0.1"
"","Luke Zazula","D","KAM","17.328","48","3","0","3","3","6","0.06","0.0","0.06","0.06","0.12"
"","Brendan Stafford","RW","LET","17.484","36","1","2","3","3","6","0.03","0.06","0.08","0.08","0.17"
"","Kyle Walker","D","EVT","17.186","50","1","2","3","3","6","0.02","0.04","0.06","0.06","0.12"
"","Rhett Rhinehart","D","PA/PG","15.8","60","3","0","2","3","5","0.05","0.0","0.03","0.05","0.08"
"","Jackson van de Leest","D","CGY","16.252","36","1","2","2","3","5","0.03","0.06","0.06","0.08","0.14"
"","Zach Huber","C","CGY","17.621","56","2","1","2","3","5","0.04","0.02","0.04","0.05","0.09"
"","Tanner Sidaway","RW","REG/KTN","18.382","63","1","2","2","3","5","0.02","0.03","0.03","0.05","0.08"
"","Andrew Viggars","D","CGY","17.701","39","0","3","2","3","5","0.0","0.08","0.05","0.08","0.13"
"","Davis Murray","LW","EDM","17.991","45","1","2","2","3","5","0.02","0.04","0.04","0.07","0.11"
"","Noah King","LD","SC","18.207","65","0","3","2","3","5","0.0","0.05","0.03","0.05","0.08"
"","Jaxan Kaluski","LW","MJ/SEA","18.388","45","3","0","2","3","5","0.07","0.0","0.04","0.07","0.11"
"","Tyler Carpendale","LW","SEA","17.638","19","3","0","2","3","5","0.16","0.0","0.11","0.16","0.26"
"","Brecon Wood","LW","MJ","16.778","27","3","0","1","3","4","0.11","0.0","0.04","0.11","0.15"
"","Cameron MacPhee","D","MH/PG","18.333","47","2","1","1","3","4","0.04","0.02","0.02","0.06","0.09"
"","Justyn Gurney","LW","CGY","16.956","54","1","2","1","3","4","0.02","0.04","0.02","0.06","0.07"
"","Brandon Machado","C","SAS","17.44","60","1","2","1","3","4","0.02","0.03","0.02","0.05","0.07"
"","MacKenzie Wight","RW","SC","18.612","55","1","2","1","3","4","0.02","0.04","0.02","0.05","0.07"
"","Luke Gallagher","D","SPO","17.328","33","1","2","1","3","4","0.03","0.06","0.03","0.09","0.12"
"","Scott Mahovlich","C","REG/KAM","18.407","44","0","3","1","3","4","0.0","0.07","0.02","0.07","0.09"
"","Devan Harrison","D","KAM","17.692","53","1","2","1","3","4","0.02","0.04","0.02","0.06","0.08"
"","Trevor Longo","D","MH","17.397","22","0","3","1","3","4","0.0","0.14","0.05","0.14","0.18"
"","Benjamin Coppinger","RW","PG","17.451","18","0","3","1","3","4","0.0","0.17","0.06","0.17","0.22"
"","Jake Neighbours","LW","EDM","15.466","11","0","3","1","3","4","0.0","0.27","0.09","0.27","0.36"
"","Brayden Gorda","D","EDM","18.421","30","1","2","1","3","4","0.03","0.07","0.03","0.1","0.13"
"","Reid Perepeluk","RW","PG","17.375","10","2","1","0","3","3","0.2","0.1","0.0","0.3","0.3"
"","Jack Sander","D","PG","17.375","62","2","1","0","3","3","0.03","0.02","0.0","0.05","0.05"
"","Austin Schellenberg","C","RD","17.12","46","2","1","0","3","3","0.04","0.02","0.0","0.07","0.07"
"","Brian Harris","C","EDM","18.703","49","2","1","0","3","3","0.04","0.02","0.0","0.06","0.06"
"","Kyle Pow","D","KEL","17.514","36","0","3","0","3","3","0.0","0.08","0.0","0.08","0.08"
"","Dawson Butt","RW","EVT","17.104","45","1","2","0","3","3","0.02","0.04","0.0","0.07","0.07"
"","Logan Foster","RW","SC","18.024","23","2","1","0","3","3","0.09","0.04","0.0","0.13","0.13"
"","Nikita Krivokrasov","RW","PA","16.729","34","3","0","0","3","3","0.09","0.0","0.0","0.09","0.09"
"","Tyler Lees","C","SAS","17.339","32","2","1","0","3","3","0.06","0.03","0.0","0.09","0.09"
"","River Fahey","C","RD","16.321","26","1","2","0","3","3","0.04","0.08","0.0","0.12","0.12"
"","Clay Hanus","D","POR","16.477","56","0","2","4","2","6","0.0","0.04","0.07","0.04","0.11"
"","Jameson Murray","D","CGY/EVT","18.596","35","1","1","4","2","6","0.03","0.03","0.11","0.06","0.17"
"","Marco Creta","D","REG","17.328","33","1","1","3","2","5","0.03","0.03","0.09","0.06","0.15"
"","Mike MacLean","RW","SEA","19.187","38","2","0","2","2","4","0.05","0.0","0.05","0.05","0.11"
"","Connor Bowie","C","PG","16.433","10","2","0","1","2","3","0.2","0.0","0.1","0.2","0.3"
"","Tylor Ludwar","D","KAM","18.01","53","1","1","1","2","3","0.02","0.02","0.02","0.04","0.06"
"","Bronson Sharp","LW","POR/EVT","17.714","49","2","0","1","2","3","0.04","0.0","0.02","0.04","0.06"
"","Rykr Cole","RW","SPO","20.381","8","2","0","1","2","3","0.25","0.0","0.12","0.25","0.38"
"","Jayden Platz","D","EDM","17.361","54","1","1","1","2","3","0.02","0.02","0.02","0.04","0.06"
"","Chance Adrian","LW","PG","17.832","40","1","1","1","2","3","0.03","0.03","0.03","0.05","0.07"
"","Ian Briscoe","C","SEA","18.61","25","0","2","1","2","3","0.0","0.08","0.04","0.08","0.12"
"","Blake Allan","LW","KTN","16.403","4","1","1","0","2","2","0.25","0.25","0.0","0.5","0.5"
"","Brayden Tracey","LW","MJ","16.301","5","0","2","0","2","2","0.0","0.4","0.0","0.4","0.4"
"","Hunor Torzsok","LW","VAN","17.621","25","1","1","0","2","2","0.04","0.04","0.0","0.08","0.08"
"","Carter Chorney","RW","SPO","16.605","41","2","0","0","2","2","0.05","0.0","0.0","0.05","0.05"
"","Colum McGauley","LW","KEL","17.514","47","2","0","0","2","2","0.04","0.0","0.0","0.04","0.04"
"","Pavel Azhgirei","RW","EVT/PG","17.178","19","1","1","0","2","2","0.05","0.05","0.0","0.11","0.11"
"","Arthur Miller","LW","SC","20.302","3","0","2","0","2","2","0.0","0.67","0.0","0.67","0.67"
"","Cole Dubinsky","C","REG","14.782","5","0","2","0","2","2","0.0","0.4","0.0","0.4","0.4"
"","Drea Esposito","D","CGY","17.676","47","1","0","7","1","8","0.02","0.0","0.15","0.02","0.17"
"","Dan Gatenby","LD","TC","18.996","57","0","1","4","1","5","0.0","0.02","0.07","0.02","0.09"
"","Konrad Belcourt","D","KEL/PA","17.367","40","1","0","2","1","3","0.03","0.0","0.05","0.03","0.07"
"","Garrett Sambrook","D","BDN","17.627","13","0","1","1","1","2","0.0","0.08","0.08","0.08","0.15"
"","Holden Katzalay","C","SEA","17.676","59","0","1","1","1","2","0.0","0.02","0.02","0.02","0.03"
"","Daemon Hunt","D","MJ","15.373","9","1","0","1","1","2","0.11","0.0","0.11","0.11","0.22"
"","Seth Jarvis","C","POR","15.62","11","0","1","1","1","2","0.0","0.09","0.09","0.09","0.18"
"","Payton Mount","RW","SEA","15.655","6","0","1","0","1","1","0.0","0.17","0.0","0.17","0.17"
"","Jordan Borysiuk","C","RD","15.636","6","0","1","0","1","1","0.0","0.17","0.0","0.17","0.17"
"","Sean Gulka","LW","SPO","17.583","4","0","1","0","1","1","0.0","0.25","0.0","0.25","0.25"
"","Arjun Atwal","LW","SAS","17.961","16","0","1","0","1","1","0.0","0.06","0.0","0.06","0.06"
"","Duncan Pierce","RW","REG","17.405","17","0","1","0","1","1","0.0","0.06","0.0","0.06","0.06"
"","Brock Sottile","LW","PA","18.117","10","0","1","0","1","1","0.0","0.1","0.0","0.1","0.1"
"","Brenden Kwiatkowski","D","MJ","17.175","22","0","1","0","1","1","0.0","0.05","0.0","0.05","0.05"
"","Shawn Harke","C","LET","17.586","26","1","0","0","1","1","0.04","0.0","0.0","0.04","0.04"
"","D-Jay Jerome","RW","VIC/PA","17.862","44","0","1","0","1","1","0.0","0.02","0.0","0.02","0.02"
"","Jayden Davis","LW","LET","17.837","11","1","0","0","1","1","0.09","0.0","0.0","0.09","0.09"
"","Daniel Baker","D","MH","16.337","11","0","1","0","1","1","0.0","0.09","0.0","0.09","0.09"
"","Mick Kohler","LW","MH","19.56","4","0","1","0","1","1","0.0","0.25","0.0","0.25","0.25"
"","Quinton Waitzner","C","SC","17.67","43","1","0","0","1","1","0.02","0.0","0.0","0.02","0.02"
"","Tristen Robins","C","REG/SAS","15.833","4","0","1","0","1","1","0.0","0.25","0.0","0.25","0.25"
"","Lucas Cullen","C","CGY","18.369","7","0","1","0","1","1","0.0","0.14","0.0","0.14","0.14"
"","Tyson Gruninger","RW","EDM","19.037","8","0","1","0","1","1","0.0","0.12","0.0","0.12","0.12"
"","Landon Fuller","D","TC","18.166","8","0","1","0","1","1","0.0","0.12","0.0","0.12","0.12"
"","Jantzen Leslie","D","SAS/EDM","18.593","24","1","0","0","1","1","0.04","0.0","0.0","0.04","0.04"
"","Graeme Bryks","C","SEA","16.646","10","1","0","0","1","1","0.1","0.0","0.0","0.1","0.1"
"","Fedor Rudakov","D","EDM","19.237","11","0","1","0","1","1","0.0","0.09","0.0","0.09","0.09"
"","Sam Pouliot","D","RD","17.367","16","1","0","0","1","1","0.06","0.0","0.0","0.06","0.06"
"","Bailey Dhaliwal","D","VAN","18.514","7","0","1","0","1","1","0.0","0.14","0.0","0.14","0.14"
"","Tyson Terretta","D","SEA","17.564","42","0","1","0","1","1","0.0","0.02","0.0","0.02","0.02"
"","Ridly Greig","C","BDN","15.105","4","0","1","0","1","1","0.0","0.25","0.0","0.25","0.25"
"","Kaiden Guhle","D","PA","15.658","8","0","1","0","1","1","0.0","0.12","0.0","0.12","0.12"
"","Tyler Jette","D","TC","19.357","5","1","0","0","1","1","0.2","0.0","0.0","0.2","0.2"
"","Ozzy Wiesblatt","RW","PA","15.521","1","1","0","0","1","1","1.0","0.0","0.0","1.0","1.0"
"","Luke Prokop","D","CGY","15.362","14","0","0","2","0","2","0.0","0.0","0.14","0.0","0.14"
"","Zach Russell","LW","BDN","18.27","1","0","0","1","0","1","0.0","0.0","1.0","0.0","1.0"
"","Marcus Kichton","D","VAN","18.683","34","0","0","1","0","1","0.0","0.0","0.03","0.0","0.03"
"","Kyle Yewchuk","D","LET","19.447","8","0","0","1","0","1","0.0","0.0","0.12","0.0","0.12"
"","Erik Miller","RW","KAM","18.525","7","0","0","1","0","1","0.0","0.0","0.14","0.0","0.14"
"","Riley Bruce","D","EVT","18.448","5","0","0","1","0","1","0.0","0.0","0.2","0.0","0.2"
"","Jonas Harkins","D","REG/PG","16.72","21","0","0","1","0","1","0.0","0.0","0.05","0.0","0.05"
"","Peter Kope","D","PG","18.464","5","0","0","1","0","1","0.0","0.0","0.2","0.0","0.2"
"","Nolan Orzeck","D","KTN","16.567","8","0","0","1","0","1","0.0","0.0","0.12","0.0","0.12"
"","Tanner Brown","D","VAN","14.894","6","0","0","1","0","1","0.0","0.0","0.17","0.0","0.17"
"","Liam Belcourt","LD","TC","17.213","16","0","0","1","0","1","0.0","0.0","0.06","0.0","0.06"
"","Tyus Gent","C","VIC","16.655","5","0","0","1","0","1","0.0","0.0","0.2","0.0","0.2"
"","Jack Finley","C","SPO","15.037","7","0","0","1","0","1","0.0","0.0","0.14","0.0","0.14"
"","Nolan Jones","D","LET","16.389","9","0","0","1","0","1","0.0","0.0","0.11","0.0","0.11"
"","Zak Smith","LW","RD","16.31","11","0","0","1","0","1","0.0","0.0","0.09","0.0","0.09"
"","Kaden Reinders","D","VIC","15.622","3","0","0","0","0","0","0.0","0.0","0.0","0.0","0.0"
"","Corson Hopwo","C","MH","16.348","1","0","0","0","0","0","0.0","0.0","0.0","0.0","0.0"
"","Cayde Augustine","D","KEL","15.946","5","0","0","0","0","0","0.0","0.0","0.0","0.0","0.0"
"","Josh Pillar","C","KAM","15.584","1","0","0","0","0","0","0.0","0.0","0.0","0.0","0.0"
"","Cordel Larson","RW","SPO","16.373","4","0","0","0","0","0","0.0","0.0","0.0","0.0","0.0"
"","Brendan Boyle","C","PG","16.447","3","0","0","0","0","0","0.0","0.0","0.0","0.0","0.0"
"","Joel Sexsmith","D","VAN","15.425","4","0","0","0","0","0","0.0","0.0","0.0","0.0","0.0"
"","Ty Yoder","C","VIC","15.242","1","0","0","0","0","0","0.0","0.0","0.0","0.0","0.0"
"","Jonathon Lambos","D","BDN","16.668","1","0","0","0","0","0","0.0","0.0","0.0","0.0","0.0"
"","Tyson Phare","RW","PG","15.491","2","0","0","0","0","0","0.0","0.0","0.0","0.0","0.0"
"","Krz Plummer","LW","VAN","15.587","1","0","0","0","0","0","0.0","0.0","0.0","0.0","0.0"
"","Ethan Rowland","C","RD","14.976","3","0","0","0","0","0","0.0","0.0","0.0","0.0","0.0"
"","Jordan Chudley","D","KTN","16.594","2","0","0","0","0","0","0.0","0.0","0.0","0.0","0.0"
"","Eli Liefers","C","KTN","17.473","2","0","0","0","0","0","0.0","0.0","0.0","0.0","0.0"
"","Zachary Ashton","D","SAS","16.597","2","0","0","0","0","0","0.0","0.0","0.0","0.0","0.0"
"","Dallon Wilton","RW","KEL","16.381","2","0","0","0","0","0","0.0","0.0","0.0","0.0","0.0"
"","Cohner Saleski","RW","PA","15.669","1","0","0","0","0","0","0.0","0.0","0.0","0.0","0.0"
"","Austin King-Cunningham","D","TC/VAN","17.224","7","0","0","0","0","0","0.0","0.0","0.0","0.0","0.0"
"","Lynden McCallum","RW","BDN","17.638","5","0","0","0","0","0","0.0","0.0","0.0","0.0","0.0"
"","Parker Gavlas","D","REG","18.286","8","0","0","0","0","0","0.0","0.0","0.0","0.0","0.0"
"","Cody Paivarinta","D","PA","19.258","14","0","0","0","0","0","0.0","0.0","0.0","0.0","0.0"
"","Drew Warkentine","C","PA","18.979","2","0","0","0","0","0","0.0","0.0","0.0","0.0","0.0"
"","Kolby Johnson","LW","PA","19.346","2","0","0","0","0","0","0.0","0.0","0.0","0.0","0.0"
"","Jakob LaPointe","D","CGY","19.321","1","0","0","0","0","0","0.0","0.0","0.0","0.0","0.0"
"","Shane Collins","D","PG","20.567","4","0","0","0","0","0","0.0","0.0","0.0","0.0","0.0"
"","Adam Beckman","C","SPO","16.351","1","0","0","0","0","0","0.0","0.0","0.0","0.0","0.0"
"","Artyom Baltruk","RW","EDM","18.369","5","0","0","0","0","0","0.0","0.0","0.0","0.0","0.0"
"","Connor Lyons","LW","LET","17.958","1","0","0","0","0","0","0.0","0.0","0.0","0.0","0.0"
"","Quinn Schmiemann","D","KAM","16.148","3","0","0","0","0","0","0.0","0.0","0.0","0.0","0.0"
"","Tyson Feist","D","SPO","16.668","8","0","0","0","0","0","0.0","0.0","0.0","0.0","0.0"
"","Cade McNelly","D","SEA","15.913","15","0","0","0","0","0","0.0","0.0","0.0","0.0","0.0"
"","Mark Liwiski","C","EVT","16.104","10","0","0","0","0","0","0.0","0.0","0.0","0.0","0.0"
"","Jordan Dawson","D","EDM","19.549","2","0","0","0","0","0","0.0","0.0","0.0","0.0","0.0"
"","Jake Hobson","D","SC","18.128","9","0","0","0","0","0","0.0","0.0","0.0","0.0","0.0"
"","Aiden Mucenski","LD","BDN","17.835","1","0","0","0","0","0","0.0","0.0","0.0","0.0","0.0"
"","Chase Lowry","C","RD","17.345","2","0","0","0","0","0","0.0","0.0","0.0","0.0","0.0"
"","Tyler Lowe","D","PA","16.98","1","0","0","0","0","0","0.0","0.0","0.0","0.0","0.0"
"","Jaxon Steele","C","MH","17.148","17","0","0","0","0","0","0.0","0.0","0.0","0.0","0.0"
"","Samuel Stewart","LD","TC","17.216","10","0","0","0","0","0","0.0","0.0","0.0","0.0","0.0"
"","Jake Toporowski","D","SPO","19.571","1","0","0","0","0","0","0.0","0.0","0.0","0.0","0.0"
"","Tanner Mole","RW","SC","18.445","3","0","0","0","0","0","0.0","0.0","0.0","0.0","0.0"
"","Kelvin Hair","D","KEL","17.331","30","0","0","0","0","0","0.0","0.0","0.0","0.0","0.0"
"","Jordan Roy","LW","RD","19.018","1","0","0","0","0","0","0.0","0.0","0.0","0.0","0.0"
"","Kyle Crosbie","C","KEL","16.573","1","0","0","0","0","0","0.0","0.0","0.0","0.0","0.0"
"","Aidan De La Gorgendiere","D","SAS","15.562","1","0","0","0","0","0","0.0","0.0","0.0","0.0","0.0"
"","Nick Cicek","D","POR","17.298","7","0","0","0","0","0","0.0","0.0","0.0","0.0","0.0"
"","Christian Reimer","D","SC","17.627","1","0","0","0","0","0","0.0","0.0","0.0","0.0","0.0"
"","Logan Doust","C","SAS","16.386","3","0","0","0","0","0","0.0","0.0","0.0","0.0","0.0"
"","Tyler Adams","LW","SEA","20.43","1","0","0","0","0","0","0.0","0.0","0.0","0.0","0.0"
"","Tyrel Bauer","D","SEA","15.483","2","0","0","0","0","0","0.0","0.0","0.0","0.0","0.0"
"","Neithan Salame","D","BDN","16.704","3","0","0","0","0","0","0.0","0.0","0.0","0.0","0.0"
"","Parker Hendren","D","VAN","16.482","10","0","0","0","0","0","0.0","0.0","0.0","0.0","0.0"
"","Payton McIsaac","D","SAS","16.72","1","0","0","0","0","0","0.0","0.0","0.0","0.0","0.0"
"","Connor McClennon","LW","KTN","15.226","5","0","0","0","0","0","0.0","0.0","0.0","0.0","0.0"
"","Nick McCarry","C","MH","16.236","2","0","0","0","0","0","0.0","0.0","0.0","0.0","0.0"
"","Dawson Martin","LW","RD","19.623","1","0","0","0","0","0","0.0","0.0","0.0","0.0","0.0"
"","Drae Gardiner","D","MJ","16.6","3","0","0","0","0","0","0.0","0.0","0.0","0.0","0.0"
"","Matthew Sanders","D","MJ","16.674","6","0","0","0","0","0","0.0","0.0","0.0","0.0","0.0"
"","Noah Boyko","C","LET","15.048","3","0","0","0","0","0","0.0","0.0","0.0","0.0","0.0"
"","Justin Sourdif","C","VAN","15.48","4","0","0","0","0","0","0.0","0.0","0.0","0.0","0.0"
"","Remy Aquilon","LD","VIC","16.531","7","0","0","0","0","0","0.0","0.0","0.0","0.0","0.0"
"","Greyson Stewart","C","SC","16.061","2","0","0","0","0","0","0.0","0.0","0.0","0.0","0.0"
"","Justin Svenson","RW","RD","16.422","18","0","0","0","0","0","0.0","0.0","0.0","0.0","0.0"
"","Ben King","RW","SC","15.338","7","0","0","0","0","0","0.0","0.0","0.0","0.0","0.0"
"","Chad Nychuk","D","BDN","16.529","3","0","0","0","0","0","0.0","0.0","0.0","0.0","0.0"
"","Cole  Beamin","D","PG","15.929","2","0","0","0","0","0","0.0","0.0","0.0","0.0","0.0"
"","Adam Herold","D","PA","16.427","3","0","0","0","0","0","0.0","0.0","0.0","0.0","0.0"
"","Evan Patrician","C","VAN","16.422","4","0","0","0","0","0","0.0","0.0","0.0","0.0","0.0"
"","Devan Klassen","D","CGY","16.332","9","0","0","0","0","0","0.0","0.0","0.0","0.0","0.0"
"","Kyle Crnkovic","LW","SAS","15.595","3","0","0","0","0","0","0.0","0.0","0.0","0.0","0.0"
"","Ethan Mack","RW","SAS","16.052","3","0","0","0","0","0","0.0","0.0","0.0","0.0","0.0"
"","Jaydon Dureau","LW","POR","16.652","6","0","0","0","0","0","0.0","0.0","0.0","0.0","0.0"
"","Carter Spenst","D","SC","16.178","4","0","0","0","0","0","0.0","0.0","0.0","0.0","0.0"
"","Cody Savey","RW","SEA","16.145","1","0","0","0","0","0","0.0","0.0","0.0","0.0","0.0"
"","Raphael Pelletier","C","EDM","15.491","5","0","0","0","0","0","0.0","0.0","0.0","0.0","0.0"
"","Jakin Smallwood","C","KTN","16.649","1","0","0","0","0","0","0.0","0.0","0.0","0.0","0.0"
"","Alex Cotton","D","LET","16.345","5","0","0","0","0","0","0.0","0.0","0.0","0.0","0.0"
"","Holden Kodak","LW","KTN","16.381","2","0","0","0","0","0","0.0","0.0","0.0","0.0","0.0"
"","Bryce Bader","LW","CGY","16.384","3","0","0","0","0","0","0.0","0.0","0.0","0.0","0.0"
"","Aidan Lawson","D","EDM","16.403","2","0","0","0","0","0","0.0","0.0","0.0","0.0","0.0"
"","Eric Van Impe","D","MH","15.888","2","0","0","0","0","0","0.0","0.0","0.0","0.0","0.0"
"","Logan Dowhaniuk","D","EDM","15.239","4","0","0","0","0","0","0.0","0.0","0.0","0.0","0.0"
"","Dylan Anderson","D","EVT","14.897","1","0","0","0","0","0","0.0","0.0","0.0","0.0","0.0"
"","Gage Goncalves","C","EVT","16.663","1","0","0","0","0","0","0.0","0.0","0.0","0.0","0.0"
"","Tom Cadieux","RD","TC","15.012","5","0","0","0","0","0","0.0","0.0","0.0","0.0","0.0"
"","Matthew Mosher","RW","SAS/PG","17.386","18","0","0","0","0","0","0.0","0.0","0.0","0.0","0.0"
"","Matthew Culling","C","EDM","16.501","5","0","0","0","0","0","0.0","0.0","0.0","0.0","0.0"
"","Jacob Boucher","LW","LET","15.488","3","0","0","0","0","0","0.0","0.0","0.0","0.0","0.0"
"","Ryder Korczak","C","CGY","14.979","3","0","0","0","0","0","0.0","0.0","0.0","0.0","0.0"
"","Blake Stevenson","RW","TC","16.674","5","0","0","0","0","0","0.0","0.0","0.0","0.0","0.0"
"","Spencer Bast","RW","MJ","20.693","1","0","0","0","0","0","0.0","0.0","0.0","0.0","0.0"
"","Edge Lambert","RW","PG","16.039","2","0","0","0","0","0","0.0","0.0","0.0","0.0","0.0"
"","Keegan Craik","LW","PG","16.31","2","0","0","0","0","0","0.0","0.0","0.0","0.0","0.0"
"","Hayden Clayton","RW","LET","17.503","4","0","0","0","0","0","0.0","0.0","0.0","0.0","0.0"