,Name,Pos,Team,Age,GP,G,A1,A2,P1,P,G/GP,A1/GP,A2/GP,P1/GP,P/GP
0,Tyler  Toffoli,RW,OTT,18.393,68,57,36,15,93,108,0.84,0.53,0.22,1.37,1.59
1,Jason Akeson,RW,KIT,20.285,67,24,53,31,77,108,0.36,0.79,0.46,1.15,1.61
2,Ryan Strome,C,NIAG,17.18,65,33,39,34,72,106,0.51,0.6,0.52,1.11,1.63
3,Nail Yakupov,RW,SAR,16.942,65,49,34,18,83,101,0.75,0.52,0.28,1.28,1.55
4,Ryan Ellis,D,WSR,19.699,58,24,47,30,71,101,0.41,0.81,0.52,1.22,1.74
5,Christian Thomas,RW,OSH,18.306,66,54,27,18,81,99,0.82,0.41,0.27,1.23,1.5
6,Taylor Beck,RW,GUE,19.343,62,42,29,24,71,95,0.68,0.47,0.39,1.15,1.53
7,Greg McKegg,C,ER,18.245,66,49,27,16,76,92,0.74,0.41,0.24,1.15,1.39
8,Michael Latta,C,GUE,19.31,68,34,35,20,69,89,0.5,0.51,0.29,1.01,1.31
9,Shane Prince,LW,OTT,17.829,59,25,38,25,63,88,0.42,0.64,0.42,1.07,1.49
10,Peter Holland,C,GUE,19.669,67,37,32,19,69,88,0.55,0.48,0.28,1.03,1.31
11,Colin Behenna,C,BAR,19.278,67,33,33,22,66,88,0.49,0.49,0.33,0.99,1.31
12,Kale Kerbashian,LW,SAR,20.441,68,37,39,12,76,88,0.54,0.57,0.18,1.12,1.29
13,Joey Hishon,C,OS,18.905,50,37,35,15,72,87,0.74,0.7,0.3,1.44,1.74
14,Justin Shugg,RW,MISS,18.727,66,41,31,14,72,86,0.62,0.47,0.21,1.09,1.3
15,Garrett Wilson,LW,OS,19.502,66,40,27,19,67,86,0.61,0.41,0.29,1.02,1.3
16,Brett  Thompson,C,ER/SSM,19.623,67,44,22,18,66,84,0.66,0.33,0.27,0.99,1.25
17,Freddie Hamilton,RW,NIAG,18.705,68,38,33,12,71,83,0.56,0.49,0.18,1.04,1.22
18,Alex Galchenyuk,C,SAR,16.589,68,31,34,18,65,83,0.46,0.5,0.26,0.96,1.22
19,Ryan Martindale,C,OTT,18.886,65,34,30,19,64,83,0.52,0.46,0.29,0.98,1.28
20,Michael Sgarbossa,C,SBY/SAG,18.141,63,36,31,15,67,82,0.57,0.49,0.24,1.06,1.3
21,Phil Varone,C,ER/LDN,19.781,59,34,30,18,64,82,0.58,0.51,0.31,1.08,1.39
22,Ryan  Spooner,C,PBO/KGN,18.626,64,35,28,18,63,81,0.55,0.44,0.28,0.98,1.27
23,Ryan Murphy,D,KIT,17.46,63,26,25,28,51,79,0.41,0.4,0.44,0.81,1.25
24,Anthony Luciani,RW,ER,20.343,54,29,32,17,61,78,0.54,0.59,0.31,1.13,1.44
25,Shawn Szydlowski,RW,ER,20.113,66,41,15,22,56,78,0.62,0.23,0.33,0.85,1.18
26,Stefan Noesen,LW,PLY,17.588,68,33,25,19,58,77,0.49,0.37,0.28,0.85,1.13
27,Zack Kassian,RW,WSR,19.642,56,26,29,22,55,77,0.46,0.52,0.39,0.98,1.38
28,Robbie Czarnik,C,PLY,20.638,61,33,22,22,55,77,0.54,0.36,0.36,0.9,1.26
29,Alexander Khokhlachev,C,WSR,17.016,67,34,23,19,57,76,0.51,0.34,0.28,0.85,1.13
30,Andy Andreoff,LW,OSH,19.332,66,33,29,13,62,75,0.5,0.44,0.2,0.94,1.14
31,Mark Scheifele,C,BAR,17.503,66,22,30,23,52,75,0.33,0.45,0.35,0.79,1.14
32,Nathan Moon,C,KGN,20.696,65,32,29,13,61,74,0.49,0.45,0.2,0.94,1.14
33,Andrew  Agozzino,LW,NIAG,19.699,68,43,15,16,58,74,0.63,0.22,0.24,0.85,1.09
34,Josh Shalla,LW,SAG,18.974,68,47,11,14,58,72,0.69,0.16,0.21,0.85,1.06
35,Josh McFadden,D,SBY,19.316,67,19,25,28,44,72,0.28,0.37,0.42,0.66,1.07
36,Daniel Catenacci,C,SSM,17.52,67,26,25,20,51,71,0.39,0.37,0.3,0.76,1.06
37,Jared Knight,RW,LDN,18.664,68,25,30,15,55,70,0.37,0.44,0.22,0.81,1.03
38,Taylor  Carnevale,C,WSR/BAR,19.505,63,35,21,14,56,70,0.56,0.33,0.22,0.89,1.11
39,Vladislav Namestnikov,C,LDN,17.813,68,30,19,20,49,69,0.44,0.28,0.29,0.72,1.01
40,Matt Puempel,LW,PBO,17.64,55,34,22,13,56,69,0.62,0.4,0.24,1.02,1.25
41,Tom Kuhnhackl,LW,WSR,18.651,63,39,16,13,55,68,0.62,0.25,0.21,0.87,1.08
42,Nick Cousins,C,SSM,17.156,68,29,26,13,55,68,0.43,0.38,0.19,0.81,1.0
43,Austin Watson,C,PBO,18.673,68,34,22,12,56,68,0.5,0.32,0.18,0.82,1.0
44,Mike Cazzola,C,ER,19.524,50,19,31,17,50,67,0.38,0.62,0.34,1.0,1.34
45,Darren Archibald,LW,NIAG/BAR,20.597,61,41,17,8,58,66,0.67,0.28,0.13,0.95,1.08
46,Jordan Szwarz,RW,SAG,19.341,65,27,28,11,55,66,0.42,0.43,0.17,0.85,1.02
47,Gabriel Landeskog,RW,KIT,17.81,53,36,17,13,53,66,0.68,0.32,0.25,1.0,1.25
48,Alex Friesen,C,NIAG,19.625,60,26,27,13,53,66,0.43,0.45,0.22,0.88,1.1
49,Devante Smith-Pelly,LW,MISS,18.254,67,36,20,10,56,66,0.54,0.3,0.15,0.84,0.99
50,Boone Jenner,C,OSH,17.252,63,25,25,16,50,66,0.4,0.4,0.25,0.79,1.05
51,Steven Beyers,RW,BAR,18.259,66,23,27,15,50,65,0.35,0.41,0.23,0.76,0.98
52,Thomas Nesbitt,RW,OTT,20.239,65,32,23,10,55,65,0.49,0.35,0.15,0.85,1.0
53,Casey Cizikas,C,MISS,19.549,52,29,23,12,52,64,0.56,0.44,0.23,1.0,1.23
54,Daniel Erlich,LW,GUE/LDN,19.51,61,20,25,19,45,64,0.33,0.41,0.31,0.74,1.05
55,Andrew Fritsch,RW,OS/NIAG,17.479,60,28,23,12,51,63,0.47,0.38,0.2,0.85,1.05
56,Vincent Trocheck,C,SAG,17.18,68,26,28,8,54,62,0.38,0.41,0.12,0.79,0.91
57,David Pacan,RW,NIAG,19.461,65,20,27,15,47,62,0.31,0.42,0.23,0.72,0.95
58,Seth Griffith,RW,LDN,17.695,68,22,24,16,46,62,0.32,0.35,0.24,0.68,0.91
59,Tyler Peters,LW,SAR,20.638,68,21,18,22,39,61,0.31,0.26,0.32,0.57,0.9
60,Robby Mignardi,RW,OS,20.217,68,30,22,9,52,61,0.44,0.32,0.13,0.76,0.9
61,Ivan Telegin,C,SAG,18.547,59,20,25,16,45,61,0.34,0.42,0.27,0.76,1.03
62,Vern Cooper,LW,SSM,19.71,56,25,25,10,50,60,0.45,0.45,0.18,0.89,1.07
63,Matthew Tipoff,LW,KIT,19.948,66,25,16,19,41,60,0.38,0.24,0.29,0.62,0.91
64,Andy Bathgate,C,BELV,19.551,64,25,19,16,44,60,0.39,0.3,0.25,0.69,0.94
65,Tyler G. Brown,LW,PLY,20.603,67,25,17,17,42,59,0.37,0.25,0.25,0.63,0.88
66,Marcus Foligno,LW,SBY,19.1,47,23,24,12,47,59,0.49,0.51,0.26,1.0,1.26
67,Nicklas  Jensen,RW,OSH,17.528,61,29,14,15,43,58,0.48,0.23,0.25,0.7,0.95
68,Lino Martschini,RW,PBO,17.649,61,20,23,15,43,58,0.33,0.38,0.25,0.7,0.95
69,Kenny Ryan,RW,WSR,19.185,63,21,18,19,39,58,0.33,0.29,0.3,0.62,0.92
70,Dougie  Hamilton,D,NIAG,17.246,67,12,20,26,32,58,0.18,0.3,0.39,0.48,0.87
71,Rob Flick,C,MISS,19.469,68,27,16,14,43,57,0.4,0.24,0.21,0.63,0.84
72,Mike Lomas,LW,SBY,20.083,56,23,19,15,42,57,0.41,0.34,0.27,0.75,1.02
73,Richard Panik,RW,GUE/BELV,19.603,51,27,18,11,45,56,0.53,0.35,0.22,0.88,1.1
74,Luke Judson,RW,BELV,19.584,67,28,18,10,46,56,0.42,0.27,0.15,0.69,0.84
75,Brandon Saad,LW,SAG,17.884,59,27,21,7,48,55,0.46,0.36,0.12,0.81,0.93
76,Michael Catenacci,C,KIT,19.59,58,17,26,12,43,55,0.29,0.45,0.21,0.74,0.95
77,Michael Fine,RW,KGN,19.352,63,20,17,17,37,54,0.32,0.27,0.27,0.59,0.86
78,Jesse Blacker,D,OS,19.409,62,10,17,27,27,54,0.16,0.27,0.44,0.44,0.87
79,Cody Lindsay,C,OTT,20.299,65,27,18,9,45,54,0.42,0.28,0.14,0.69,0.83
80,Eric Locke,C,WSR/BAR,16.816,65,26,15,13,41,54,0.4,0.23,0.2,0.63,0.83
81,Lucas  Lessio,LW,OSH,17.643,66,27,15,12,42,54,0.41,0.23,0.18,0.64,0.82
82,Andrew  Shaw,C,OS,19.157,66,22,21,11,43,54,0.33,0.32,0.17,0.65,0.82
83,Alan Quine,C,PBO/KGN,17.553,69,26,15,12,41,53,0.38,0.22,0.17,0.59,0.77
84,Taylor Doherty,D,KGN,19.54,68,14,25,14,39,53,0.21,0.37,0.21,0.57,0.78
85,Liam Heelis,RW,OS,19.965,68,20,17,16,37,53,0.29,0.25,0.24,0.54,0.78
86,Alain Berger,LW,OSH,19.718,65,29,13,10,42,52,0.45,0.2,0.15,0.65,0.8
87,Ethan Werek,C,KGN,19.275,47,24,14,14,38,52,0.51,0.3,0.3,0.81,1.11
88,Mitchell Heard,C,PLY,18.511,66,20,20,10,40,50,0.3,0.3,0.15,0.61,0.76
89,Stephen Johnston,C,WSR,20.556,63,21,17,12,38,50,0.33,0.27,0.19,0.6,0.79
90,Steven Shipley,LW,NIAG,18.399,65,18,20,12,38,50,0.28,0.31,0.18,0.58,0.77
91,Chris DeSousa,LW,MISS/LDN,19.907,61,22,16,12,38,50,0.36,0.26,0.2,0.62,0.82
92,Tobias  Rieder,RW,KIT,17.679,65,23,16,10,39,49,0.35,0.25,0.15,0.6,0.75
93,James Livingston,RW,PLY,20.523,62,22,15,12,37,49,0.35,0.24,0.19,0.6,0.79
94,Calvin  de Haan,LD,OSH,19.354,55,6,27,15,33,48,0.11,0.49,0.27,0.6,0.87
95,Jamie Doornbosch,D,KIT,20.619,68,19,12,17,31,48,0.28,0.18,0.25,0.46,0.71
96,Sean Jones,LW,KGN/BRA,20.332,67,22,16,10,38,48,0.33,0.24,0.15,0.57,0.72
97,Scott Tanski,RW,BRA,20.408,67,18,19,10,37,47,0.27,0.28,0.15,0.55,0.7
98,Andrey Kuchin,LW,SBY,19.592,64,15,19,13,34,47,0.23,0.3,0.2,0.53,0.73
99,Sean Monahan,C,OTT,15.926,65,20,18,9,38,47,0.31,0.28,0.14,0.58,0.72
100,Rickard Rakell,C,PLY,17.364,49,20,15,10,35,45,0.41,0.31,0.2,0.71,0.92
101,Jake Carrick,RW,WSR/SSM,20.011,58,23,18,4,41,45,0.4,0.31,0.07,0.71,0.78
102,Brett  Findlay,C,SSM,17.922,57,20,16,8,36,44,0.35,0.28,0.14,0.63,0.77
103,Eric O'Dell,C,SBY,20.236,39,20,16,8,36,44,0.51,0.41,0.21,0.92,1.13
104,Zack MacQueen,C,WSR,19.048,68,15,20,9,35,44,0.22,0.29,0.13,0.51,0.65
105,Stephen Sanza,RW,LDN,20.523,65,24,7,13,31,44,0.37,0.11,0.2,0.48,0.68
106,Brett Flemming,D,MISS,19.551,68,4,18,21,22,43,0.06,0.26,0.31,0.32,0.63
107,Kalle Ekelund,RD,PBO,20.143,68,8,15,20,23,43,0.12,0.22,0.29,0.34,0.63
108,Matt Stanisz,D,OS,20.326,61,12,14,17,26,43,0.2,0.23,0.28,0.43,0.7
109,Jason Wilson,LW,NIAG,20.419,64,18,16,9,34,43,0.28,0.25,0.14,0.53,0.67
110,Mike Halmo,LW,OS,19.338,59,20,16,7,36,43,0.34,0.27,0.12,0.61,0.73
111,Ian Watters,LW,BRA,18.719,68,20,9,13,29,42,0.29,0.13,0.19,0.43,0.62
112,Tanner Pearson,LW,BAR,18.098,66,15,17,10,32,42,0.23,0.26,0.15,0.48,0.64
113,Michael D'Orazio,D,MISS/LDN,20.083,63,13,13,16,26,42,0.21,0.21,0.25,0.41,0.67
114,Mathew  Sisca,C,SAG/GUE,19.877,58,12,16,14,28,42,0.21,0.28,0.24,0.48,0.72
115,Ryan O'Connor,D,SAG,18.675,53,9,14,18,23,41,0.17,0.26,0.34,0.43,0.77
116,Garrett Meurs,RW,PLY,17.673,68,10,19,12,29,41,0.15,0.28,0.18,0.43,0.6
117,Nick Ebert,D,WSR,16.348,64,11,17,13,28,41,0.17,0.27,0.2,0.44,0.64
118,Colin Martin,LW,LDN,19.261,65,18,13,10,31,41,0.28,0.2,0.15,0.48,0.63
119,Marc Cantin,D,MISS,20.471,61,10,15,16,25,41,0.16,0.25,0.26,0.41,0.67
120,Brett Ritchie,RW,SAR,17.208,49,21,11,9,32,41,0.43,0.22,0.18,0.65,0.84
121,Carson Dubchak,C,SSM,19.543,67,18,13,9,31,40,0.27,0.19,0.13,0.46,0.6
122,Derek Holden,D,ER,19.65,68,4,15,20,19,39,0.06,0.22,0.29,0.28,0.57
123,Barclay Goodrow,RW,BRA,17.55,65,24,9,6,33,39,0.37,0.14,0.09,0.51,0.6
124,Alex Aleardi,RW,PLY,18.128,57,20,14,5,34,39,0.35,0.25,0.09,0.6,0.68
125,Sam Carrick,C,BRA,18.612,59,16,11,12,27,39,0.27,0.19,0.2,0.46,0.66
126,John McFarland,RW,SBY/SAG,18.453,49,25,10,3,35,38,0.51,0.2,0.06,0.71,0.78
127,Jamie Devane,LW,PLY,19.568,63,18,7,13,25,38,0.29,0.11,0.21,0.4,0.6
128,Charles Sarault,C,KGN,18.568,67,13,11,14,24,38,0.19,0.16,0.21,0.36,0.57
129,Jordan Mayer,C,MISS,19.061,64,19,14,5,33,38,0.3,0.22,0.08,0.52,0.59
130,Travis Gibbons,D,OTT,20.545,66,6,13,18,19,37,0.09,0.2,0.27,0.29,0.56
131,Matt  Petgrave,D,OS,18.629,61,8,12,17,20,37,0.13,0.2,0.28,0.33,0.61
132,Michael MacDonald,C,SBY/LDN,19.319,48,18,8,11,26,37,0.38,0.17,0.23,0.54,0.77
133,Ben Chiarot,D,SBY/SAG,19.354,64,10,7,20,17,37,0.16,0.11,0.31,0.27,0.58
134,Corey Durocher,LW,KGN,18.295,63,14,15,8,29,37,0.22,0.24,0.13,0.46,0.59
135,Marc Zanetti,D,OTT,19.324,55,7,10,20,17,37,0.13,0.18,0.36,0.31,0.67
136,Scott Valentine,D,OSH,19.373,62,4,16,16,20,36,0.06,0.26,0.26,0.32,0.58
137,Stephen Silas,D,BELV,18.221,68,2,15,19,17,36,0.03,0.22,0.28,0.25,0.53
138,Michael Santini,RW,BRA,19.562,56,19,14,3,33,36,0.34,0.25,0.05,0.59,0.64
139,Sam Lofquist,D,GUE,20.518,62,8,18,10,26,36,0.13,0.29,0.16,0.42,0.58
140,Cody McNaughton,RW,GUE,17.914,68,15,15,6,30,36,0.22,0.22,0.09,0.44,0.53
141,Brendan Gaunce,C,BELV,16.477,65,11,17,8,28,36,0.17,0.26,0.12,0.43,0.55
142,Mitch Lebar,RW,KGN,19.628,61,14,11,10,25,35,0.23,0.18,0.16,0.41,0.57
143,Tyler Carroll,LW,GUE,20.595,56,23,6,6,29,35,0.41,0.11,0.11,0.52,0.62
144,Philip Lane,RW,BRA,18.297,54,17,9,8,26,34,0.31,0.17,0.15,0.48,0.63
145,Erik Gudbranson,D,KGN,18.689,44,12,12,10,24,34,0.27,0.27,0.23,0.55,0.77
146,Stuart Percy,D,MISS,17.328,64,4,11,19,15,34,0.06,0.17,0.3,0.23,0.53
147,Austen Brassard,RW,BELV,17.668,67,19,8,7,27,34,0.28,0.12,0.1,0.4,0.51
148,Cody Ceci,RD,OTT,16.734,68,9,9,16,18,34,0.13,0.13,0.24,0.26,0.5
149,David Broll,LW,ER/SSM,17.695,65,13,13,8,26,34,0.2,0.2,0.12,0.4,0.52
150,Ryan Sproul,D,SSM,17.67,61,14,7,12,21,33,0.23,0.11,0.2,0.34,0.54
151,Tyler J. Brown,LW,KGN/LDN,19.45,67,10,12,11,22,33,0.15,0.18,0.16,0.33,0.49
152,Jeff Brown,RW,OSH/WSR,20.288,56,15,10,8,25,33,0.27,0.18,0.14,0.45,0.59
153,Joe Rogalski,D,SAR,18.796,63,7,11,14,18,32,0.11,0.17,0.22,0.29,0.51
154,Joseph Cramarossa,C,MISS,17.887,59,12,18,2,30,32,0.2,0.31,0.03,0.51,0.54
155,Tyler Randell,RW,KIT,19.253,68,20,5,7,25,32,0.29,0.07,0.1,0.37,0.47
156,Kristoff Kontos,C,SBY,16.775,67,10,15,7,25,32,0.15,0.22,0.1,0.37,0.48
157,Dylan Smoskowitz,RW,BAR,17.591,67,21,6,4,27,31,0.31,0.09,0.06,0.4,0.46
158,Spencer Abraham,D,BRA,17.495,67,6,13,12,19,31,0.09,0.19,0.18,0.28,0.46
159,Joey  West,C,PBO,19.579,68,12,15,4,27,31,0.18,0.22,0.06,0.4,0.46
160,Francis Menard,C,GUE,18.538,66,11,9,11,20,31,0.17,0.14,0.17,0.3,0.47
161,Dalton Prout,D,SAG/BAR,20.51,52,9,7,15,16,31,0.17,0.13,0.29,0.31,0.6
162,Riley Brace,LW,MISS,18.525,58,15,10,6,25,31,0.26,0.17,0.1,0.43,0.53
163,Tony DeHart,D,OSH,20.49,58,4,14,12,18,30,0.07,0.24,0.21,0.31,0.52
164,Frank Corrado,D,SBY,17.473,67,4,11,15,15,30,0.06,0.16,0.22,0.22,0.45
165,Brandon Alderson,RW,SAR,18.648,68,11,13,6,24,30,0.16,0.19,0.09,0.35,0.44
166,Joshua Leivo,LW,SBY,17.306,64,13,11,6,24,30,0.2,0.17,0.09,0.38,0.47
167,Beau Schmitz,D,PLY,19.475,48,7,9,14,16,30,0.15,0.19,0.29,0.33,0.62
168,Brandon Francisco,LW,SAR,17.591,61,14,8,8,22,30,0.23,0.13,0.13,0.36,0.49
169,Adam Payerl,C,BELV,19.535,63,10,14,5,24,29,0.16,0.22,0.08,0.38,0.46
170,Dalton Smith,LW,OTT,18.21,64,12,12,5,24,29,0.19,0.19,0.08,0.38,0.45
171,Conor Stokes,LW,KGN,19.272,64,7,12,10,19,29,0.11,0.19,0.16,0.3,0.45
172,Gregg  Sutch,RW,MISS,18.599,53,8,14,6,22,28,0.15,0.26,0.11,0.42,0.53
173,Jerry D'Amigo,LW,KIT,19.571,21,12,11,5,23,28,0.57,0.52,0.24,1.1,1.33
174,Dylan DeMelo,D,MISS,17.375,67,3,14,10,17,27,0.04,0.21,0.15,0.25,0.4
175,Ryan Rupert,C,LDN,16.288,39,9,14,4,23,27,0.23,0.36,0.1,0.59,0.69
176,Justin Larson,C,PBO,20.482,61,10,9,8,19,27,0.16,0.15,0.13,0.31,0.44
177,Matia Marcantuoni,C,KIT,16.562,42,11,11,5,22,27,0.26,0.26,0.12,0.52,0.64
178,David Shields,D,ER,19.634,61,6,15,6,21,27,0.1,0.25,0.1,0.34,0.44
179,Matt Ashman,D,SAG/BAR,20.354,61,3,13,10,16,26,0.05,0.21,0.16,0.26,0.43
180,Adrian Robertson,D,WSR/PBO,19.294,55,5,12,9,17,26,0.09,0.22,0.16,0.31,0.47
181,Gianluca Curcuruto,D,SSM,16.553,56,1,15,10,16,26,0.02,0.27,0.18,0.29,0.46
182,Dylan Blujus,D,BRA,16.646,67,4,12,10,16,26,0.06,0.18,0.15,0.24,0.39
183,Maxim Kitsyn,LW,MISS,18.727,32,9,12,5,21,26,0.28,0.38,0.16,0.66,0.81
184,Petr Beranek,RW,BAR,17.189,54,11,8,7,19,26,0.2,0.15,0.13,0.35,0.48
185,Tim Campbell,D,GUE,19.582,54,6,8,11,14,25,0.11,0.15,0.2,0.26,0.46
186,Austin Levi,D,PLY,18.579,66,6,14,5,20,25,0.09,0.21,0.08,0.3,0.38
187,Brad Walch,D,SAG,19.642,68,4,10,11,14,25,0.06,0.15,0.16,0.21,0.37
188,Craig Hottot,RW,SAR,18.582,63,14,8,3,22,25,0.22,0.13,0.05,0.35,0.4
189,Mathew Campagna,C,SBY,16.521,58,7,12,6,19,25,0.12,0.21,0.1,0.33,0.43
190,Andrew  Crescenzi,C,KIT,18.13,55,12,6,5,18,23,0.22,0.11,0.09,0.33,0.42
191,Carter Sandlak,LW,GUE/BELV,17.328,56,13,5,5,18,23,0.23,0.09,0.09,0.32,0.41
192,Scott Laughton,C,OSH,16.296,63,12,5,6,17,23,0.19,0.08,0.1,0.27,0.37
193,Tyler Hostetter,D,ER,19.625,36,6,11,6,17,23,0.17,0.31,0.17,0.47,0.64
194,Slater Koekkoek,D,PBO,16.573,65,7,9,7,16,23,0.11,0.14,0.11,0.25,0.35
195,Kyle Pereira,D,GUE/BRA,19.617,67,6,12,5,18,23,0.09,0.18,0.07,0.27,0.34
196,Scott Harrington,D,LDN,17.517,67,6,9,7,15,22,0.09,0.13,0.1,0.22,0.33
197,Colin  Miller,D,SSM,17.879,66,3,12,7,15,22,0.05,0.18,0.11,0.23,0.33
198,Myles Doan,C,NIAG,18.328,68,8,8,6,16,22,0.12,0.12,0.09,0.24,0.32
199,Joe Underwood,D,SAG/BELV,20.666,50,4,6,12,10,22,0.08,0.12,0.24,0.2,0.44
200,Dane Fox,LW,LDN,16.923,51,11,7,4,18,22,0.22,0.14,0.08,0.35,0.43
201,John  Padulo,C,BAR,18.36,64,9,5,8,14,22,0.14,0.08,0.12,0.22,0.34
202,Craig Duininck,D,WSR,17.38,66,7,6,9,13,22,0.11,0.09,0.14,0.2,0.33
203,Peter Hermenegildo,D,SAG,19.582,63,4,9,9,13,22,0.06,0.14,0.14,0.21,0.35
204,Brandon Archibald,D,SAG/SSM,18.459,66,2,9,11,11,22,0.03,0.14,0.17,0.17,0.33
205,Stephon Thorne,LW,BRA,20.343,61,11,6,5,17,22,0.18,0.1,0.08,0.28,0.36
206,Andreas Athanasiou,LW,LDN,16.11,57,11,7,4,18,22,0.19,0.12,0.07,0.32,0.39
207,J.P. Labardo,C,OSH,18.558,60,10,8,4,18,22,0.17,0.13,0.07,0.3,0.37
208,Alex Basso,D,BELV,17.252,57,5,7,9,12,21,0.09,0.12,0.16,0.21,0.37
209,Dylan  King,LD,SSM,20.198,68,4,5,12,9,21,0.06,0.07,0.18,0.13,0.31
210,Tyler Graovac,C,OTT,17.386,66,10,5,6,15,21,0.15,0.08,0.09,0.23,0.32
211,Matt Finn,D,GUE,16.556,60,3,8,10,11,21,0.05,0.13,0.17,0.18,0.35
212,Stephen Gaskin,D,GUE/BAR,19.592,68,5,5,11,10,21,0.07,0.07,0.16,0.15,0.31
213,Kerby Rychel,LW,MISS/WSR,15.94,62,7,10,4,17,21,0.11,0.16,0.06,0.27,0.34
214,David Quesnele,LW,SSM,18.259,63,9,7,5,16,21,0.14,0.11,0.08,0.25,0.33
215,Scott Kosmachuk,RW,GUE,16.641,68,6,11,4,17,21,0.09,0.16,0.06,0.25,0.31
216,Jonathan Johansson,C,BRA,19.212,46,7,10,4,17,21,0.15,0.22,0.09,0.37,0.46
217,Derek  Schoenmakers,RW,MISS,18.412,57,10,6,5,16,21,0.18,0.11,0.09,0.28,0.37
218,Jarrod Maidens,C,OS,16.534,47,10,7,4,17,21,0.21,0.15,0.09,0.36,0.45
219,Rudy Sulmonte,RW,SSM,18.577,49,12,3,5,15,20,0.24,0.06,0.1,0.31,0.41
220,Brett Cook,D,ER,19.488,61,8,7,5,15,20,0.13,0.11,0.08,0.25,0.33
221,Michael Kantor,RW,SAG/SSM,18.618,52,11,7,2,18,20,0.21,0.13,0.04,0.35,0.38
222,Mitchell Theoret,C,NIAG,17.271,66,9,8,3,17,20,0.14,0.12,0.05,0.26,0.3
223,Mitch Gaulton,D,ER/KGN,20.392,55,8,4,8,12,20,0.15,0.07,0.15,0.22,0.36
224,Trevor Morbeck,RW,SSM,16.816,57,10,8,2,18,20,0.18,0.14,0.04,0.32,0.35
225,Brett Mackie,LW,BELV,19.31,68,12,4,4,16,20,0.18,0.06,0.06,0.24,0.29
226,Jake Cardwell,D,SBY/OTT,18.311,56,5,11,4,16,20,0.09,0.2,0.07,0.29,0.36
227,Geoffrey Schemitsch,D,OS,18.456,45,1,9,10,10,20,0.02,0.2,0.22,0.22,0.44
228,Domenic Alberga,C,BRA,18.133,67,8,6,6,14,20,0.12,0.09,0.09,0.21,0.3
229,Nathan Chiarlitti,LD,SAR,18.612,65,2,5,12,7,19,0.03,0.08,0.18,0.11,0.29
230,Dario Trutmann,D,PLY,17.994,62,6,7,6,13,19,0.1,0.11,0.1,0.21,0.31
231,Daniel Broussard,D,SAR,19.683,68,2,9,8,11,19,0.03,0.13,0.12,0.16,0.28
232,Julian Melchiori,D,KIT,18.777,63,1,9,9,10,19,0.02,0.14,0.14,0.16,0.3
233,Ben  Thomson,LW,KIT,17.662,68,6,5,8,11,19,0.09,0.07,0.12,0.16,0.28
234,Jay  Gilbert,D,OS/PLY,19.086,68,6,10,3,16,19,0.09,0.15,0.04,0.24,0.28
235,Matthew Paton,RW,ER,19.256,67,7,7,5,14,19,0.1,0.1,0.07,0.21,0.28
236,Jack Walchessen,RW,PBO,20.43,63,8,8,3,16,19,0.13,0.13,0.05,0.25,0.3
237,RJ Mahalak,LW,PLY,18.73,56,7,8,4,15,19,0.12,0.14,0.07,0.27,0.34
238,Zack Mitchell,RW,GUE,17.687,61,9,6,4,15,19,0.15,0.1,0.07,0.25,0.31
239,Mika  Partanen,LW,MISS,17.909,54,10,7,2,17,19,0.19,0.13,0.04,0.31,0.35
240,Jesse Graham,D,NIAG,16.343,63,1,5,12,6,18,0.02,0.08,0.19,0.1,0.29
241,Mac McDonnell,RW,ER,18.015,62,8,7,3,15,18,0.13,0.11,0.05,0.24,0.29
242,Michael Curtis,LW,BELV,17.635,58,9,8,1,17,18,0.16,0.14,0.02,0.29,0.31
243,Brett Appio,LW,ER,19.39,55,12,4,2,16,18,0.22,0.07,0.04,0.29,0.33
244,Nick Quinn,D,OSH,18.259,49,1,7,10,8,18,0.02,0.14,0.2,0.16,0.37
245,Luke Cairns,LW,ER,16.299,60,6,8,4,14,18,0.1,0.13,0.07,0.23,0.3
246,Mike Mascioli,RW,BELV,20.496,60,8,5,5,13,18,0.13,0.08,0.08,0.22,0.3
247,Jeff Braithwaite,D,PBO/KGN,18.538,46,4,4,9,8,17,0.09,0.09,0.2,0.17,0.37
248,Jordan Auld,D,BRA,17.662,62,1,6,10,7,17,0.02,0.1,0.16,0.11,0.27
249,Gregory Jambrosich,C,SBY,17.093,68,10,2,5,12,17,0.15,0.03,0.07,0.18,0.25
250,Steven Trojanovic,D,WSR/PBO,17.115,54,2,4,11,6,17,0.04,0.07,0.2,0.11,0.31
251,Cameron Brace,C,OS,17.438,61,11,4,2,15,17,0.18,0.07,0.03,0.25,0.28
252,Anthony Camara,LW,SAG,17.03,64,8,6,3,14,17,0.12,0.09,0.05,0.22,0.27
253,Samuel Schutt,LW,SBY,16.425,65,8,2,7,10,17,0.12,0.03,0.11,0.15,0.26
254,Derek Lanoue,RW,WSR,19.447,55,6,7,4,13,17,0.11,0.13,0.07,0.24,0.31
255,Corey Bureau,RW,MISS,19.398,55,8,8,1,16,17,0.15,0.15,0.02,0.29,0.31
256,Derek Hartwick,D,SSM,18.426,68,1,7,8,8,16,0.01,0.1,0.12,0.12,0.24
257,Keevin Cutting,LD,OS,17.98,68,2,7,7,9,16,0.03,0.1,0.1,0.13,0.24
258,Simon Gronvaldt,RD,NIAG,19.625,57,1,6,9,7,16,0.02,0.11,0.16,0.12,0.28
259,Jeremy Gottzmann,C,ER/PBO,17.454,60,3,7,6,10,16,0.05,0.12,0.1,0.17,0.27
260,Cody Sol,D,KIT,19.592,60,4,7,5,11,16,0.07,0.12,0.08,0.18,0.27
261,Alex Racino,LW,SBY/SAG,17.282,46,10,2,4,12,16,0.22,0.04,0.09,0.26,0.35
262,Gemel Smith,LW,OS,16.416,66,8,4,4,12,16,0.12,0.06,0.06,0.18,0.24
263,Nickolas Latta,C,SAR,16.945,61,9,6,0,15,15,0.15,0.1,0.0,0.25,0.25
264,Cameron Wind,D,BRA,18.64,64,1,4,10,5,15,0.02,0.06,0.16,0.08,0.23
265,David Corrente,D,MISS,19.371,57,3,5,7,8,15,0.05,0.09,0.12,0.14,0.26
266,Michal Cajkovsky,D,KGN,18.36,67,4,8,3,12,15,0.06,0.12,0.04,0.18,0.22
267,Zach Tatrn,LW,PBO,19.584,62,6,3,6,9,15,0.1,0.05,0.1,0.15,0.24
268,Trent Hawke,RW,BAR,19.083,65,9,5,1,14,15,0.14,0.08,0.02,0.22,0.23
269,Garret Ross,LW,SAG,18.306,53,6,6,3,12,15,0.11,0.11,0.06,0.23,0.28
270,JC Campagna,LW,SAR,17.263,51,8,4,3,12,15,0.16,0.08,0.06,0.24,0.29
271,Craig Moore,C,BRA,19.584,60,6,5,4,11,15,0.1,0.08,0.07,0.18,0.25
272,Braeden Corbeth,C,BELV,18.254,60,6,5,4,11,15,0.1,0.08,0.07,0.18,0.25
273,Charlie Dodero,D,SBY/KIT,17.955,67,2,8,5,10,15,0.03,0.12,0.07,0.15,0.22
274,Josh Graves,LW,OSH,17.969,52,5,5,5,10,15,0.1,0.1,0.1,0.19,0.29
275,Colin MacDonald,D,PLY,18.415,68,1,10,4,11,15,0.01,0.15,0.06,0.16,0.22
276,Dylan MacEachern,LW,NIAG/LDN,20.452,68,8,3,4,11,15,0.12,0.04,0.06,0.16,0.22
277,Brock McGinn,LW,GUE,16.616,68,10,2,2,12,14,0.15,0.03,0.03,0.18,0.21
278,Adam Pelech,D,ER,16.082,65,1,2,11,3,14,0.02,0.03,0.17,0.05,0.22
279,Marcus McIvor,D,BRA,16.323,62,1,7,6,8,14,0.02,0.11,0.1,0.13,0.23
280,Alex Gudbranson,D,KGN,16.033,62,3,5,6,8,14,0.05,0.08,0.1,0.13,0.23
281,Ryan Hanes,D,SBY/OTT,18.629,67,3,5,6,8,14,0.04,0.07,0.09,0.12,0.21
282,Chris  Doyle,C,MISS,20.485,20,6,4,4,10,14,0.3,0.2,0.2,0.5,0.7
283,Daniel  Maggio,D,OSH/GUE,19.535,44,2,3,9,5,14,0.05,0.07,0.2,0.11,0.32
284,Colin Suellentrop,D,OSH,17.265,59,0,7,7,7,14,0.0,0.12,0.12,0.12,0.24
285,Jarred Tinordi,D,LDN,18.568,63,1,3,10,4,14,0.02,0.05,0.16,0.06,0.22
286,Kyle  Hope,LW,OSH,17.405,55,2,5,6,7,13,0.04,0.09,0.11,0.13,0.24
287,Saverio Posa,D,WSR,18.694,59,2,4,7,6,13,0.03,0.07,0.12,0.1,0.22
288,Roman Berdnikov,RW,OS,18.161,25,7,4,2,11,13,0.28,0.16,0.08,0.44,0.52
289,Brady Austin,D,ER,17.249,59,1,5,7,6,13,0.02,0.08,0.12,0.1,0.22
290,Brendan  Childerley,RW,OS,18.232,52,5,6,2,11,13,0.1,0.12,0.04,0.21,0.25
291,Matt MacLeod,RW,BRA,17.175,52,5,7,1,12,13,0.1,0.13,0.02,0.23,0.25
292,Cody Payne,RW,OSH,16.668,50,1,8,4,9,13,0.02,0.16,0.08,0.18,0.26
293,Chris  Van Laren,D,GUE,20.282,62,3,6,4,9,13,0.05,0.1,0.06,0.15,0.21
294,Ryan Davidson,C,KGN,17.665,53,6,4,3,10,13,0.11,0.08,0.06,0.19,0.25
295,Johnson Andrews,RW,NIAG,19.582,35,6,6,0,12,12,0.17,0.17,0.0,0.34,0.34
296,Adam Sedlak,RD,OTT,18.985,59,2,5,5,7,12,0.03,0.08,0.08,0.12,0.2
297,Zach Bell,D,BRA,17.586,63,3,6,3,9,12,0.05,0.1,0.05,0.14,0.19
298,Nicholas Foglia,C,OTT,17.468,67,4,5,3,9,12,0.06,0.07,0.04,0.13,0.18
299,Brandon Devlin,D,BAR,16.386,64,3,4,5,7,12,0.05,0.06,0.08,0.11,0.19
300,Tim Billingsley,D,NIAG,20.66,43,3,3,6,6,12,0.07,0.07,0.14,0.14,0.28
301,Michael MacIntyre,D,WSR,19.212,58,6,4,2,10,12,0.1,0.07,0.03,0.17,0.21
302,Andreas Tsogkas,RW,BRA,17.09,52,2,6,4,8,12,0.04,0.12,0.08,0.15,0.23
303,Mackenzie Braid,D,BAR,17.662,59,5,3,4,8,12,0.08,0.05,0.07,0.14,0.2
304,Andrey Pedan,D,GUE,17.202,51,2,6,4,8,12,0.04,0.12,0.08,0.16,0.24
305,Jamie Wise,LW,MISS/PBO,19.447,40,4,1,7,5,12,0.1,0.03,0.17,0.12,0.3
306,Zach Hall,LW,BAR,17.38,38,8,4,0,12,12,0.21,0.11,0.0,0.32,0.32
307,Justin Sefton,D,SBY,17.421,66,5,5,1,10,11,0.08,0.08,0.02,0.15,0.17
308,Garrett  Hooey,C,SAR,16.288,62,8,3,0,11,11,0.13,0.05,0.0,0.18,0.18
309,Julian Luciani,D,OTT/BELV,18.593,56,3,3,5,6,11,0.05,0.05,0.09,0.11,0.2
310,Jonathan Jasper,D,KIT,18.941,62,1,5,5,6,11,0.02,0.08,0.08,0.1,0.18
311,Mike Schwindt,D,NIAG,18.913,68,0,1,10,1,11,0.0,0.01,0.15,0.01,0.16
312,Anthony Donati,D,SAR,18.99,35,4,3,4,7,11,0.11,0.09,0.11,0.2,0.31
313,Jimmy McDowell,D,OSH,17.397,60,3,4,4,7,11,0.05,0.07,0.07,0.12,0.18
314,Norm Ezekiel,RW,BAR,19.499,58,4,4,3,8,11,0.07,0.07,0.05,0.14,0.19
315,Bjorn Krupp,LD,BELV,19.529,61,1,7,3,8,11,0.02,0.11,0.05,0.13,0.18
316,Chris Tierney,C,LDN,16.208,47,3,6,2,9,11,0.06,0.13,0.04,0.19,0.23
317,Chad Lowry,D,KIT,19.642,51,2,4,4,6,10,0.04,0.08,0.08,0.12,0.2
318,Luke  Hietkamp,RW,PBO,17.085,55,6,2,2,8,10,0.11,0.04,0.04,0.15,0.18
319,Steven Strong,D,BELV,17.577,63,1,6,3,7,10,0.02,0.1,0.05,0.11,0.16
320,Scott Sabourin,RW,OSH,18.128,42,6,4,0,10,10,0.14,0.1,0.0,0.24,0.24
321,Brady Vail,C,WSR,16.515,61,3,4,3,7,10,0.05,0.07,0.05,0.11,0.16
322,Chris Marchese,RW,ER,16.559,40,3,4,3,7,10,0.07,0.1,0.07,0.17,0.25
323,Chris Buonomo,D,BAR/PBO,18.396,55,1,3,6,4,10,0.02,0.05,0.11,0.07,0.18
324,Ben Dubois,LW,OS/OTT,19.499,53,5,4,1,9,10,0.09,0.08,0.02,0.17,0.19
325,Cody Donnay,RW,LDN,18.407,41,5,2,2,7,9,0.12,0.05,0.05,0.17,0.22
326,Kurt Gowdy,RW,PBO,17.465,55,3,2,4,5,9,0.05,0.04,0.07,0.09,0.16
327,Michael Moffat,D,LDN,17.26,47,2,3,4,5,9,0.04,0.06,0.09,0.11,0.19
328,Jon Carnevale,RW,OTT,19.237,37,5,4,0,9,9,0.14,0.11,0.0,0.24,0.24
329,Emerson Clark,LW,OSH,17.744,46,6,3,0,9,9,0.13,0.07,0.0,0.2,0.2
330,Nick Malysa,D,PLY,17.43,65,1,5,3,6,9,0.02,0.08,0.05,0.09,0.14
331,Jordan Coccimiglio,C,ER/BAR,17.547,54,5,3,1,8,9,0.09,0.06,0.02,0.15,0.17
332,Zach Lorentz,C,KIT,17.654,53,6,1,2,7,9,0.11,0.02,0.04,0.13,0.17
333,Scott Simmonds,LW,BELV,17.046,55,2,5,2,7,9,0.04,0.09,0.04,0.13,0.16
334,Mitch Bennett,RW,BAR,18.697,61,2,4,3,6,9,0.03,0.07,0.05,0.1,0.15
335,Brody Silk,LW,SBY,15.792,57,4,2,3,6,9,0.07,0.04,0.05,0.11,0.16
336,Brayden Rose,RD,OS,17.627,45,2,2,4,4,8,0.04,0.04,0.09,0.09,0.18
337,Kyle DeCoste,RW,LDN/BELV,20.211,21,3,2,3,5,8,0.14,0.1,0.14,0.24,0.38
338,Michael Farrell,RW,KGN,20.397,17,2,3,3,5,8,0.12,0.18,0.18,0.29,0.47
339,Kris Grant,D,ER,17.309,52,1,4,3,5,8,0.02,0.08,0.06,0.1,0.15
340,Branden Morris,D,BELV,18.459,53,2,1,5,3,8,0.04,0.02,0.09,0.06,0.15
341,Brent Sullivan,D,WSR/SAR,20.685,33,0,1,7,1,8,0.0,0.03,0.21,0.03,0.24
342,Eric Ming,RW,KIT,17.46,65,3,3,2,6,8,0.05,0.05,0.03,0.09,0.12
343,Victor Terreri,C,NIAG/LDN,18.938,59,4,2,2,6,8,0.07,0.03,0.03,0.1,0.14
344,Brock Beukeboom,D,SSM,18.456,44,1,3,4,4,8,0.02,0.07,0.09,0.09,0.18
345,Brett Gustavsen,LW,OTT,16.51,19,2,2,4,4,8,0.11,0.11,0.21,0.21,0.42
346,Nathan Cull,LW,KGN,16.688,51,2,4,2,6,8,0.04,0.08,0.04,0.12,0.16
347,Matt  Rupert,LW,LDN,16.288,22,4,2,2,6,8,0.18,0.09,0.09,0.27,0.36
348,Nick Trecapelli,D,SBY/PBO,18.971,59,0,4,3,4,7,0.0,0.07,0.05,0.07,0.12
349,Connor Boland,D,PBO,15.795,55,0,4,3,4,7,0.0,0.07,0.05,0.07,0.13
350,Kyler Nixon,D,BAR,17.457,45,0,4,3,4,7,0.0,0.09,0.07,0.09,0.16
351,Grant Webermin,D,WSR,16.556,55,0,2,5,2,7,0.0,0.04,0.09,0.04,0.13
352,Clark Seymour,D,PBO/KGN,17.328,58,3,3,1,6,7,0.05,0.05,0.02,0.1,0.12
353,Alex O'Neil,LW,BRA,18.281,62,4,2,1,6,7,0.06,0.03,0.02,0.1,0.11
354,Max Iafrate,D,PLY,16.469,62,5,2,0,7,7,0.08,0.03,0.0,0.11,0.11
355,Justin  Thomas,LW,SSM,17.638,11,4,3,0,7,7,0.36,0.27,0.0,0.64,0.64
356,Peter Neal,C,PLY,18.955,43,5,1,1,6,7,0.12,0.02,0.02,0.14,0.16
357,Brett Morgan,LW,KGN,17.093,38,4,1,2,5,7,0.11,0.03,0.05,0.13,0.18
358,Mark Petaccio,RW,OSH,16.474,44,4,1,2,5,7,0.09,0.02,0.05,0.11,0.16
359,Michael Whaley,C,WSR/PLY,17.43,48,2,2,2,4,6,0.04,0.04,0.04,0.08,0.12
360,Reid McNeill,D,LDN,18.38,62,2,1,3,3,6,0.03,0.02,0.05,0.05,0.1
361,Sacha Guimond,LD,LDN,19.469,34,1,2,3,3,6,0.03,0.06,0.09,0.09,0.18
362,Dylan Staples,RW,KGN,16.458,37,2,1,3,3,6,0.05,0.03,0.08,0.08,0.16
363,Riley Sonnenburg,C,GUE,19.705,68,0,2,4,2,6,0.0,0.03,0.06,0.03,0.09
364,Alex Lepkowski,D,SAG/BAR,17.438,39,0,2,4,2,6,0.0,0.05,0.1,0.05,0.15
365,Egor  Omelyanenko,LW,SSM,17.183,58,4,0,2,4,6,0.07,0.0,0.03,0.07,0.1
366,Micky Sartoretto,RW,SAG,19.527,58,2,2,2,4,6,0.03,0.03,0.03,0.07,0.1
367,Tommy Hughes,D,LDN,18.44,39,0,5,1,5,6,0.0,0.13,0.03,0.13,0.15
368,Frank Schumacher,D,SBY/SAG,16.926,30,4,1,1,5,6,0.13,0.03,0.03,0.17,0.2
369,Steven Broek,LW,KGN/BELV,17.679,29,2,4,0,6,6,0.07,0.14,0.0,0.21,0.21
370,Justin Kea,C,SAG,16.603,62,4,2,0,6,6,0.06,0.03,0.0,0.1,0.1
371,Steven  Janes,LW,OTT,17.555,17,4,2,0,6,6,0.24,0.12,0.0,0.35,0.35
372,Ryan Lopes,C,SBY/KIT/MISS,19.554,57,4,2,0,6,6,0.07,0.04,0.0,0.11,0.11
373,Tom Wilson,RW,PLY,16.466,28,3,2,1,5,6,0.11,0.07,0.04,0.18,0.21
374,Dean Pawlaczyk,LW,BAR/SAR,18.612,48,1,1,4,2,6,0.02,0.02,0.08,0.04,0.12
375,Shayne Rover,D,NIAG,18.673,57,0,2,4,2,6,0.0,0.04,0.07,0.04,0.11
376,Geoff Bezruchko,LW,PBO,17.545,56,5,0,1,5,6,0.09,0.0,0.02,0.09,0.11
377,Daniel Zweep,LW,OS,18.399,48,2,3,1,5,6,0.04,0.06,0.02,0.1,0.12
378,Jack Kuzmyk,D,OS/SAR,16.964,41,1,2,3,3,6,0.02,0.05,0.07,0.07,0.15
379,Tyler Mort,D,BAR,18.541,56,1,2,2,3,5,0.02,0.04,0.04,0.05,0.09
380,Cole Murduff,D,PBO,17.0,45,0,2,3,2,5,0.0,0.04,0.07,0.04,0.11
381,Danny Elser,LW,LDN,17.495,34,1,2,2,3,5,0.03,0.06,0.06,0.09,0.15
382,Adam Chapman,C,SSM,16.685,42,2,2,1,4,5,0.05,0.05,0.02,0.1,0.12
383,David Searle,D,GUE,18.224,33,1,3,1,4,5,0.03,0.09,0.03,0.12,0.15
384,Ryan MacLean,C,KIT,18.585,39,2,2,1,4,5,0.05,0.05,0.03,0.1,0.13
385,Derek Mathers,RW,PBO,17.115,55,1,4,0,5,5,0.02,0.07,0.0,0.09,0.09
386,Luke  Mercer,D,NIAG,16.378,35,2,3,0,5,5,0.06,0.09,0.0,0.14,0.14
387,Jesse Stoughton,C,SAR,19.404,21,0,5,0,5,5,0.0,0.24,0.0,0.24,0.24
388,Connor Crisp,C,ER,16.438,48,5,0,0,5,5,0.1,0.0,0.0,0.1,0.1
389,Rob Visca,LW,SBY,19.442,26,1,3,1,4,5,0.04,0.12,0.04,0.15,0.19
390,Derek Froats,LW,KGN,18.319,13,4,1,0,5,5,0.31,0.08,0.0,0.38,0.38
391,Chad Thibodeau,LW,SSM,17.503,30,3,1,0,4,4,0.1,0.03,0.0,0.13,0.13
392,Evan McEneny,D,KIT,16.318,44,0,2,2,2,4,0.0,0.05,0.05,0.05,0.09
393,Anton Zupancic,D,OSH,18.845,17,0,2,2,2,4,0.0,0.12,0.12,0.12,0.24
394,Andrew Yogan,C,ER,18.782,10,3,1,0,4,4,0.3,0.1,0.0,0.4,0.4
395,Dalton Young,D,SAG,17.172,46,0,1,3,1,4,0.0,0.02,0.07,0.02,0.09
396,Tyler Ferry,D,LDN,17.766,5,0,3,1,3,4,0.0,0.6,0.2,0.6,0.8
397,Michael  Hasson,C,NIAG/KIT,18.881,35,2,1,1,3,4,0.06,0.03,0.03,0.09,0.11
398,Kurtis Gabriel,RW,OS,17.405,40,1,2,1,3,4,0.03,0.05,0.03,0.07,0.1
399,Alex Cord,D,MISS,18.412,54,2,2,0,4,4,0.04,0.04,0.0,0.07,0.07
400,Cameron Odam,D,KGN,20.222,20,1,1,1,2,3,0.05,0.05,0.05,0.1,0.15
401,Patrick Harrison,D,KGN,18.626,56,1,0,2,1,3,0.02,0.0,0.04,0.02,0.05
402,Dylan Corson,C,BELV,16.542,51,1,0,2,1,3,0.02,0.0,0.04,0.02,0.06
403,Taylor Fielding,RW,OTT,16.704,59,1,1,1,2,3,0.02,0.02,0.02,0.03,0.05
404,Curtis Crombeen,D,OS/PLY,17.588,20,0,2,1,2,3,0.0,0.1,0.05,0.1,0.15
405,Connor Tresham,RW,GUE,19.045,44,0,2,1,2,3,0.0,0.05,0.02,0.05,0.07
406,Brendan McCann,LW,WSR,17.558,15,1,1,1,2,3,0.07,0.07,0.07,0.13,0.2
407,Joel Wigle,RW,NIAG,16.584,38,2,0,1,2,3,0.05,0.0,0.03,0.05,0.08
408,Remy  Giftopoulos,C,OTT,17.67,28,3,0,0,3,3,0.11,0.0,0.0,0.11,0.11
409,Kyle  Shaw,RW,SBY,17.607,34,3,0,0,3,3,0.09,0.0,0.0,0.09,0.09
410,Nick Czinder,RW,WSR,18.259,50,2,1,0,3,3,0.04,0.02,0.0,0.06,0.06
411,Greg Staeger,D,OS,17.402,35,0,1,2,1,3,0.0,0.03,0.06,0.03,0.09
412,Dylan MacDonald,D,PLY,17.531,26,0,0,2,0,2,0.0,0.0,0.08,0.0,0.08
413,Patrick McEachen,D,MISS,19.603,7,0,0,2,0,2,0.0,0.0,0.29,0.0,0.29
414,Ryan Zupancic,D,SAR,16.803,49,0,0,2,0,2,0.0,0.0,0.04,0.0,0.04
415,Jeff Corbett,D,SBY,15.987,12,1,0,1,1,2,0.08,0.0,0.08,0.08,0.17
416,Mitchell Bursey,D,BAR,17.394,30,1,0,1,1,2,0.03,0.0,0.03,0.03,0.07
417,Billy  Jenkins,LW,NIAG,16.019,40,1,0,1,1,2,0.03,0.0,0.03,0.03,0.05
418,Myles McCauley,RW,PBO/SSM,19.439,21,0,1,1,1,2,0.0,0.05,0.05,0.05,0.1
419,Kevin Raine,D,LDN,17.301,10,1,0,1,1,2,0.1,0.0,0.1,0.1,0.2
420,Austin  Mattson,RW,PLY,19.62,7,0,1,1,1,2,0.0,0.14,0.14,0.14,0.29
421,Aaron Taylor,RW,BAR,17.487,22,1,1,0,2,2,0.05,0.05,0.0,0.09,0.09
422,Jan Kaminsky,RW,BELV,17.944,21,0,1,1,1,2,0.0,0.05,0.05,0.05,0.1
423,Jacob Ringuette,D,SAG,16.285,15,0,2,0,2,2,0.0,0.13,0.0,0.13,0.13
424,Adam Bignell,D,BELV,16.479,53,0,2,0,2,2,0.0,0.04,0.0,0.04,0.04
425,Dominic DeSando,C,SSM,19.918,10,2,0,0,2,2,0.2,0.0,0.0,0.2,0.2
426,Terry Trafford,C,SAG,16.584,42,1,1,0,2,2,0.02,0.02,0.0,0.05,0.05
427,Kyle Flemington,D,SAR,18.473,55,0,2,0,2,2,0.0,0.04,0.0,0.04,0.04
428,Kyle Tarini,RW,WSR,20.663,28,2,0,0,2,2,0.07,0.0,0.0,0.07,0.07
429,Justin Rasmussen,C,MISS,17.52,14,1,1,0,2,2,0.07,0.07,0.0,0.14,0.14
430,Holden Cook,C,OS,16.134,5,2,0,0,2,2,0.4,0.0,0.0,0.4,0.4
431,Barron Smith,RD,PBO,19.456,16,0,0,1,0,1,0.0,0.0,0.06,0.0,0.06
432,Jake Worrad,D,LDN,17.679,4,0,1,0,1,1,0.0,0.25,0.0,0.25,0.25
433,Ron Soucie,D,SAR,19.204,30,0,0,1,0,1,0.0,0.0,0.03,0.0,0.03
434,Peter Angelopoulos,LW,SSM,16.381,10,0,0,1,0,1,0.0,0.0,0.1,0.0,0.1
435,Nik Knezic,D,NIAG,18.599,15,0,0,1,0,1,0.0,0.0,0.07,0.0,0.07
436,Andrew Clouthier,LW,WSR,20.37,23,0,0,1,0,1,0.0,0.0,0.04,0.0,0.04
437,Joshua Chapman,D,SAR,15.828,16,0,0,1,0,1,0.0,0.0,0.06,0.0,0.06
438,Chris Albertini,D,PLY,17.662,8,0,0,1,0,1,0.0,0.0,0.12,0.0,0.12
439,Scott Coghlin,RD,PBO,16.537,3,0,0,1,0,1,0.0,0.0,0.33,0.0,0.33
440,Jordan McNaughton,D,BRA,16.512,7,0,0,1,0,1,0.0,0.0,0.14,0.0,0.14
441,Greg  Milner,C,LDN,17.555,1,0,0,1,0,1,0.0,0.0,1.0,0.0,1.0
442,Brett Welychka,RW,LDN,16.537,5,1,0,0,1,1,0.2,0.0,0.0,0.2,0.2
443,Ryan Tuffin,LW,SAG,16.334,3,0,1,0,1,1,0.0,0.33,0.0,0.33,0.33
444,Nick Romano,C,SSM,18.601,7,0,1,0,1,1,0.0,0.14,0.0,0.14,0.14
445,Johnny McGuire,RW,ER,17.049,10,1,0,0,1,1,0.1,0.0,0.0,0.1,0.1
446,Spencer Green,LW,KGN,16.63,10,0,1,0,1,1,0.0,0.1,0.0,0.1,0.1
447,Ray Huether,C,SAG,16.501,7,0,1,0,1,1,0.0,0.14,0.0,0.14,0.14
448,Mark Gazdic,D,ER,17.221,18,0,1,0,1,1,0.0,0.06,0.0,0.06,0.06
449,Scott Mitchell,RW,ER,18.273,5,0,1,0,1,1,0.0,0.2,0.0,0.2,0.2
450,Jesse Drydak,RW,SAR,19.143,3,0,1,0,1,1,0.0,0.33,0.0,0.33,0.33
451,Jeff Swift,RW,PBO,18.191,13,0,1,0,1,1,0.0,0.08,0.0,0.08,0.08
452,Andrew Wilson,D,OSH,19.464,3,0,1,0,1,1,0.0,0.33,0.0,0.33,0.33
453,Jesse  Young,D,KIT,16.545,9,1,0,0,1,1,0.11,0.0,0.0,0.11,0.11
454,Cosimo Fontana,RW,OTT,16.019,14,0,1,0,1,1,0.0,0.07,0.0,0.07,0.07
455,Ryan Shipley,D,OTT,16.537,55,1,0,0,1,1,0.02,0.0,0.0,0.02,0.02
456,Adam Restoule,LW,PLY,17.564,30,1,0,0,1,1,0.03,0.0,0.0,0.03,0.03
457,Chris Wiggin,D,BAR,20.408,5,0,1,0,1,1,0.0,0.2,0.0,0.2,0.2
458,Troy Donnay,D,LDN,16.573,25,0,1,0,1,1,0.0,0.04,0.0,0.04,0.04
459,Reid Jackman,LW,PBO,17.498,15,0,1,0,1,1,0.0,0.07,0.0,0.07,0.07
460,Taylor Clements,C,BAR,18.013,5,0,1,0,1,1,0.0,0.2,0.0,0.2,0.2
461,Jared  Dennis,LW,PLY,16.663,4,0,0,0,0,0,0.0,0.0,0.0,0.0,0.0
462,Michael Mastrangelo,LW,BRA,17.473,4,0,0,0,0,0,0.0,0.0,0.0,0.0,0.0
463,Andre Comtois,RW,SBY,17.701,9,0,0,0,0,0,0.0,0.0,0.0,0.0,0.0
464,Warren Steele,D,KGN,16.334,7,0,0,0,0,0,0.0,0.0,0.0,0.0,0.0
465,Brandon Scott,D,SBY,17.372,6,0,0,0,0,0,0.0,0.0,0.0,0.0,0.0
466,Braden Kavaratzis,LW,SAR,17.356,6,0,0,0,0,0,0.0,0.0,0.0,0.0,0.0
467,Ricky Buehler,LW,PBO,18.985,4,0,0,0,0,0,0.0,0.0,0.0,0.0,0.0
468,Joey Sullivan,LW,PBO,16.603,13,0,0,0,0,0,0.0,0.0,0.0,0.0,0.0
469,Michael Clarke,C,WSR,16.381,8,0,0,0,0,0,0.0,0.0,0.0,0.0,0.0
470,Matt Braun,D,KIT,18.196,4,0,0,0,0,0,0.0,0.0,0.0,0.0,0.0
471,Brandon Stewart,RW,GUE,18.204,1,0,0,0,0,0,0.0,0.0,0.0,0.0,0.0
472,Aaron Scott,RW,SBY,18.511,2,0,0,0,0,0,0.0,0.0,0.0,0.0,0.0
473,Mitchell Eisenberg,LW,ER,16.575,2,0,0,0,0,0,0.0,0.0,0.0,0.0,0.0
474,Connor Jarvis,LW,BRA,16.052,7,0,0,0,0,0,0.0,0.0,0.0,0.0,0.0
475,Cody Mintz,D,SBY,16.162,8,0,0,0,0,0,0.0,0.0,0.0,0.0,0.0
476,Sloan Stewart,RW,SAG,19.417,13,0,0,0,0,0,0.0,0.0,0.0,0.0,0.0
477,Erik Bradford,C,BAR,15.907,5,0,0,0,0,0,0.0,0.0,0.0,0.0,0.0
478,Tyler Prong,D,SBY,16.208,2,0,0,0,0,0,0.0,0.0,0.0,0.0,0.0
479,Anthony Cortellessa,LW,WSR,16.581,4,0,0,0,0,0,0.0,0.0,0.0,0.0,0.0
480,Mark Zagordo,RW,SBY,18.777,1,0,0,0,0,0,0.0,0.0,0.0,0.0,0.0
481,Peter Poulin Roy,RW,SBY,16.682,5,0,0,0,0,0,0.0,0.0,0.0,0.0,0.0
482,Patrick Watling,LW,GUE,16.97,2,0,0,0,0,0,0.0,0.0,0.0,0.0,0.0
483,Brenden Miller,D,BRA,16.466,2,0,0,0,0,0,0.0,0.0,0.0,0.0,0.0
484,Brian  Hughes,C,OSH,17.553,2,0,0,0,0,0,0.0,0.0,0.0,0.0,0.0
485,Milan Doudera,D,NIAG,17.703,7,0,0,0,0,0,0.0,0.0,0.0,0.0,0.0
486,Vojtech Butor,C,BELV,17.676,5,0,0,0,0,0,0.0,0.0,0.0,0.0,0.0
487,Darryl Snelling,LD,BELV,16.51,6,0,0,0,0,0,0.0,0.0,0.0,0.0,0.0
488,Ben Holtom,LW,PLY,18.541,2,0,0,0,0,0,0.0,0.0,0.0,0.0,0.0
489,Adam Nanji,RW,PLY,17.673,4,0,0,0,0,0,0.0,0.0,0.0,0.0,0.0
490,Blake Thomas,LW,SAR,17.706,4,0,0,0,0,0,0.0,0.0,0.0,0.0,0.0
491,Jimmy Sheehan,D,SBY,17.591,4,0,0,0,0,0,0.0,0.0,0.0,0.0,0.0
492,Greg Trichilo,RW,SBY,18.703,1,0,0,0,0,0,0.0,0.0,0.0,0.0,0.0
493,Keli Grant,RW,KIT,17.309,4,0,0,0,0,0,0.0,0.0,0.0,0.0,0.0
494,Jason Lacroix,LW,SBY,17.46,4,0,0,0,0,0,0.0,0.0,0.0,0.0,0.0
495,Michael Hennessey,RW,PBO,19.083,2,0,0,0,0,0,0.0,0.0,0.0,0.0,0.0
496,Bryan Deeley,D,WSR,16.636,1,0,0,0,0,0,0.0,0.0,0.0,0.0,0.0
497,Pieter Schinkelshoek,RW,LDN,18.306,3,0,0,0,0,0,0.0,0.0,0.0,0.0,0.0
498,Tim Tankeev,C,ER,17.575,3,0,0,0,0,0,0.0,0.0,0.0,0.0,0.0
499,Mac Nichol,D,GUE,17.536,12,0,0,0,0,0,0.0,0.0,0.0,0.0,0.0
500,Ryan Horvat,C,GUE,17.597,9,0,0,0,0,0,0.0,0.0,0.0,0.0,0.0
501,David  Mead,LD,SSM,18.059,2,0,0,0,0,0,0.0,0.0,0.0,0.0,0.0
502,Evan Accettura,D,OTT,18.259,2,0,0,0,0,0,0.0,0.0,0.0,0.0,0.0
503,Markus Poeck,RW,SBY,18.169,3,0,0,0,0,0,0.0,0.0,0.0,0.0,0.0
504,Dylan Wood,LW,NIAG,18.445,2,0,0,0,0,0,0.0,0.0,0.0,0.0,0.0
505,Mitch Fillman,RW,SAG,20.28,4,0,0,0,0,0,0.0,0.0,0.0,0.0,0.0
506,Robert Farmer,LW,OTT,19.488,1,0,0,0,0,0,0.0,0.0,0.0,0.0,0.0
507,Patrick  Volpe,LD,SSM,17.367,32,0,0,0,0,0,0.0,0.0,0.0,0.0,0.0
508,Barry Sanderson,RW,SAG,20.4,1,0,0,0,0,0,0.0,0.0,0.0,0.0,0.0
509,Adam Lloyd,LW,BRA,16.586,1,0,0,0,0,0,0.0,0.0,0.0,0.0,0.0
