,Stat 1,Stat 2,Stat 3,Stat 4,Cluster,Slope,R-Squared
2072,G,A2,HD G,FOW,0,-0.638,0.755
2073,G,A2,HD G,FOW,1,-0.638,0.755
2074,G,A2,HD G,FOW,2,-0.638,0.755
2075,G,A2,HD G,FOW,3,-0.638,0.755
2112,G,A2,HD Sh,FOW,0,-0.638,0.755
2113,G,A2,HD Sh,FOW,1,-0.638,0.755
2114,G,A2,HD Sh,FOW,2,-0.638,0.755
2115,G,A2,HD Sh,FOW,3,-0.638,0.755
2180,G,A2,MD G,FOW,0,-0.638,0.755
2181,G,A2,MD G,FOW,1,-0.638,0.755
2182,G,A2,MD G,FOW,2,-0.638,0.755
2183,G,A2,MD G,FOW,3,-0.638,0.755
2208,G,A2,MD Sh,FOW,0,-0.638,0.755
2209,G,A2,MD Sh,FOW,1,-0.638,0.755
2210,G,A2,MD Sh,FOW,2,-0.638,0.755
2211,G,A2,MD Sh,FOW,3,-0.638,0.755
2252,G,A2,LD G,FOW,0,-0.638,0.755
2253,G,A2,LD G,FOW,1,-0.638,0.755
2254,G,A2,LD G,FOW,2,-0.638,0.755
2255,G,A2,LD G,FOW,3,-0.638,0.755
2268,G,A2,LD Sh,FOW,0,-0.638,0.755
2269,G,A2,LD Sh,FOW,1,-0.638,0.755
2270,G,A2,LD Sh,FOW,2,-0.638,0.755
2271,G,A2,LD Sh,FOW,3,-0.638,0.755
1712,G,A2,A2/GP,HD G,0,-0.446,0.658
1713,G,A2,A2/GP,HD G,1,-0.446,0.658
1714,G,A2,A2/GP,HD G,2,-0.446,0.658
1715,G,A2,A2/GP,HD G,3,-0.446,0.658
1716,G,A2,A2/GP,HD Sh,0,-0.446,0.658
1717,G,A2,A2/GP,HD Sh,1,-0.446,0.658
1718,G,A2,A2/GP,HD Sh,2,-0.446,0.658
1719,G,A2,A2/GP,HD Sh,3,-0.446,0.658
1724,G,A2,A2/GP,MD G,0,-0.446,0.658
1725,G,A2,A2/GP,MD G,1,-0.446,0.658
1726,G,A2,A2/GP,MD G,2,-0.446,0.658
1727,G,A2,A2/GP,MD G,3,-0.446,0.658
1728,G,A2,A2/GP,MD Sh,0,-0.446,0.658
1729,G,A2,A2/GP,MD Sh,1,-0.446,0.658
1730,G,A2,A2/GP,MD Sh,2,-0.446,0.658
1731,G,A2,A2/GP,MD Sh,3,-0.446,0.658
1736,G,A2,A2/GP,LD G,0,-0.446,0.658
1737,G,A2,A2/GP,LD G,1,-0.446,0.658
1738,G,A2,A2/GP,LD G,2,-0.446,0.658
1739,G,A2,A2/GP,LD G,3,-0.446,0.658
1740,G,A2,A2/GP,LD Sh,0,-0.446,0.658
1741,G,A2,A2/GP,LD Sh,1,-0.446,0.658
1742,G,A2,A2/GP,LD Sh,2,-0.446,0.658
1743,G,A2,A2/GP,LD Sh,3,-0.446,0.658
1620,G,A2,A1/GP,A2/GP,0,-0.457,0.648
1621,G,A2,A1/GP,A2/GP,1,-0.457,0.648
1622,G,A2,A1/GP,A2/GP,2,-0.457,0.648
1623,G,A2,A1/GP,A2/GP,3,-0.457,0.648
2068,G,A2,HD G,LD Sh%,0,-0.483,0.633
2069,G,A2,HD G,LD Sh%,1,-0.483,0.633
2070,G,A2,HD G,LD Sh%,2,-0.483,0.633
2071,G,A2,HD G,LD Sh%,3,-0.483,0.633
2108,G,A2,HD Sh,LD Sh%,0,-0.483,0.633
2109,G,A2,HD Sh,LD Sh%,1,-0.483,0.633
2110,G,A2,HD Sh,LD Sh%,2,-0.483,0.633
2111,G,A2,HD Sh,LD Sh%,3,-0.483,0.633
2176,G,A2,MD G,LD Sh%,0,-0.483,0.633
2177,G,A2,MD G,LD Sh%,1,-0.483,0.633
2178,G,A2,MD G,LD Sh%,2,-0.483,0.633
2179,G,A2,MD G,LD Sh%,3,-0.483,0.633
2204,G,A2,MD Sh,LD Sh%,0,-0.483,0.633
2205,G,A2,MD Sh,LD Sh%,1,-0.483,0.633
2206,G,A2,MD Sh,LD Sh%,2,-0.483,0.633
2207,G,A2,MD Sh,LD Sh%,3,-0.483,0.633
2248,G,A2,LD G,LD Sh%,0,-0.483,0.633
2249,G,A2,LD G,LD Sh%,1,-0.483,0.633
2250,G,A2,LD G,LD Sh%,2,-0.483,0.633
2251,G,A2,LD G,LD Sh%,3,-0.483,0.633
2264,G,A2,LD Sh,LD Sh%,0,-0.483,0.633
2265,G,A2,LD Sh,LD Sh%,1,-0.483,0.633
2266,G,A2,LD Sh,LD Sh%,2,-0.483,0.633
2267,G,A2,LD Sh,LD Sh%,3,-0.483,0.633
1448,G,A2,Sh,LD Sh%,0,-0.451,0.632
1449,G,A2,Sh,LD Sh%,1,-0.451,0.632
1450,G,A2,Sh,LD Sh%,2,-0.451,0.632
1451,G,A2,Sh,LD Sh%,3,-0.451,0.632
976,G,A1,HD G,FOW%,0,-0.497,0.581
977,G,A1,HD G,FOW%,1,-0.497,0.581
978,G,A1,HD G,FOW%,2,-0.497,0.581
979,G,A1,HD G,FOW%,3,-0.497,0.581
1016,G,A1,HD Sh,FOW%,0,-0.497,0.581
1017,G,A1,HD Sh,FOW%,1,-0.497,0.581
1018,G,A1,HD Sh,FOW%,2,-0.497,0.581
1019,G,A1,HD Sh,FOW%,3,-0.497,0.581
1084,G,A1,MD G,FOW%,0,-0.497,0.581
1085,G,A1,MD G,FOW%,1,-0.497,0.581
1086,G,A1,MD G,FOW%,2,-0.497,0.581
1087,G,A1,MD G,FOW%,3,-0.497,0.581
1112,G,A1,MD Sh,FOW%,0,-0.497,0.581
1113,G,A1,MD Sh,FOW%,1,-0.497,0.581
1114,G,A1,MD Sh,FOW%,2,-0.497,0.581
1115,G,A1,MD Sh,FOW%,3,-0.497,0.581
1156,G,A1,LD G,FOW%,0,-0.497,0.581
1157,G,A1,LD G,FOW%,1,-0.497,0.581
1158,G,A1,LD G,FOW%,2,-0.497,0.581
1159,G,A1,LD G,FOW%,3,-0.497,0.581
1172,G,A1,LD Sh,FOW%,0,-0.497,0.581
1173,G,A1,LD Sh,FOW%,1,-0.497,0.581
1174,G,A1,LD Sh,FOW%,2,-0.497,0.581
1175,G,A1,LD Sh,FOW%,3,-0.497,0.581
448,G,A1,G/GP,P1/GP,0,-0.407,0.563
449,G,A1,G/GP,P1/GP,1,-0.407,0.563
450,G,A1,G/GP,P1/GP,2,-0.407,0.563
451,G,A1,G/GP,P1/GP,3,-0.407,0.563
1280,G,A2,P1,FOW,0,-0.47,0.559
1281,G,A2,P1,FOW,1,-0.47,0.559
1282,G,A2,P1,FOW,2,-0.47,0.559
1283,G,A2,P1,FOW,3,-0.47,0.559
1372,G,A2,P,FOT,0,-0.47,0.559
1373,G,A2,P,FOT,1,-0.47,0.559
1374,G,A2,P,FOT,2,-0.47,0.559
1375,G,A2,P,FOT,3,-0.47,0.559
1556,G,A2,G/GP,P/GP,0,-0.501,0.559
1557,G,A2,G/GP,P/GP,1,-0.501,0.559
1558,G,A2,G/GP,P/GP,2,-0.501,0.559
1559,G,A2,G/GP,P/GP,3,-0.501,0.559
1692,G,A2,A2/GP,P1/GP,0,-0.423,0.546
1693,G,A2,A2/GP,P1/GP,1,-0.423,0.546
1694,G,A2,A2/GP,P1/GP,2,-0.423,0.546
1695,G,A2,A2/GP,P1/GP,3,-0.423,0.546
200,G,A1,P,A1/GP,0,-0.425,0.546
201,G,A1,P,A1/GP,1,-0.425,0.546
202,G,A1,P,A1/GP,2,-0.425,0.546
203,G,A1,P,A1/GP,3,-0.425,0.546
204,G,A1,P,A2/GP,0,-0.425,0.546
205,G,A1,P,A2/GP,1,-0.425,0.546
206,G,A1,P,A2/GP,2,-0.425,0.546
207,G,A1,P,A2/GP,3,-0.425,0.546
1708,G,A2,A2/GP,xG/GP,0,-0.437,0.545
1709,G,A2,A2/GP,xG/GP,1,-0.437,0.545
1710,G,A2,A2/GP,xG/GP,2,-0.437,0.545
1711,G,A2,A2/GP,xG/GP,3,-0.437,0.545
440,G,A1,G/GP,A1/GP,0,-0.413,0.542
441,G,A1,G/GP,A1/GP,1,-0.413,0.542
442,G,A1,G/GP,A1/GP,2,-0.413,0.542
443,G,A1,G/GP,A1/GP,3,-0.413,0.542
820,G,A1,Sh/GP,LD Sh%,0,-0.386,0.541
821,G,A1,Sh/GP,LD Sh%,1,-0.386,0.541
822,G,A1,Sh/GP,LD Sh%,2,-0.386,0.541
823,G,A1,Sh/GP,LD Sh%,3,-0.386,0.541
588,G,A1,A2/GP,P1/GP,0,-0.425,0.536
589,G,A1,A2/GP,P1/GP,1,-0.425,0.536
590,G,A1,A2/GP,P1/GP,2,-0.425,0.536
591,G,A1,A2/GP,P1/GP,3,-0.425,0.536
1616,G,A2,G/GP,FOW%,0,-0.441,0.535
1617,G,A2,G/GP,FOW%,1,-0.441,0.535
1618,G,A2,G/GP,FOW%,2,-0.441,0.535
1619,G,A2,G/GP,FOW%,3,-0.441,0.535
1664,G,A2,A1/GP,MD Sh%,0,0.478,0.529
1665,G,A2,A1/GP,MD Sh%,1,0.478,0.529
1666,G,A2,A1/GP,MD Sh%,2,0.478,0.529
1667,G,A2,A1/GP,MD Sh%,3,0.478,0.529
1472,G,A2,Sh%,A2/GP,0,-0.414,0.527
1473,G,A2,Sh%,A2/GP,1,-0.414,0.527
1474,G,A2,Sh%,A2/GP,2,-0.414,0.527
1475,G,A2,Sh%,A2/GP,3,-0.414,0.527
928,G,A1,xG/GP,FOT,0,-0.463,0.523
929,G,A1,xG/GP,FOT,1,-0.463,0.523
930,G,A1,xG/GP,FOT,2,-0.463,0.523
931,G,A1,xG/GP,FOT,3,-0.463,0.523
964,G,A1,HD G,LD Sh%,0,-0.395,0.521
965,G,A1,HD G,LD Sh%,1,-0.395,0.521
966,G,A1,HD G,LD Sh%,2,-0.395,0.521
967,G,A1,HD G,LD Sh%,3,-0.395,0.521
1004,G,A1,HD Sh,LD Sh%,0,-0.395,0.521
1005,G,A1,HD Sh,LD Sh%,1,-0.395,0.521
1006,G,A1,HD Sh,LD Sh%,2,-0.395,0.521
1007,G,A1,HD Sh,LD Sh%,3,-0.395,0.521
1072,G,A1,MD G,LD Sh%,0,-0.395,0.521
1073,G,A1,MD G,LD Sh%,1,-0.395,0.521
1074,G,A1,MD G,LD Sh%,2,-0.395,0.521
1075,G,A1,MD G,LD Sh%,3,-0.395,0.521
1100,G,A1,MD Sh,LD Sh%,0,-0.395,0.521
1101,G,A1,MD Sh,LD Sh%,1,-0.395,0.521
1102,G,A1,MD Sh,LD Sh%,2,-0.395,0.521
1103,G,A1,MD Sh,LD Sh%,3,-0.395,0.521
1144,G,A1,LD G,LD Sh%,0,-0.395,0.521
1145,G,A1,LD G,LD Sh%,1,-0.395,0.521
1146,G,A1,LD G,LD Sh%,2,-0.395,0.521
1147,G,A1,LD G,LD Sh%,3,-0.395,0.521
1160,G,A1,LD Sh,LD Sh%,0,-0.395,0.521
1161,G,A1,LD Sh,LD Sh%,1,-0.395,0.521
1162,G,A1,LD Sh,LD Sh%,2,-0.395,0.521
1163,G,A1,LD Sh,LD Sh%,3,-0.395,0.521
1720,G,A2,A2/GP,HD Sh%,0,0.539,0.514
1721,G,A2,A2/GP,HD Sh%,1,0.539,0.514
1722,G,A2,A2/GP,HD Sh%,2,0.539,0.514
1723,G,A2,A2/GP,HD Sh%,3,0.539,0.514
716,G,A1,P1/GP,FOW%,0,-0.477,0.506
717,G,A1,P1/GP,FOW%,1,-0.477,0.506
718,G,A1,P1/GP,FOW%,2,-0.477,0.506
719,G,A1,P1/GP,FOW%,3,-0.477,0.506
1548,G,A2,G/GP,A2/GP,0,-0.396,0.505
1549,G,A2,G/GP,A2/GP,1,-0.396,0.505
1550,G,A2,G/GP,A2/GP,2,-0.396,0.505
1551,G,A2,G/GP,A2/GP,3,-0.396,0.505
824,G,A1,Sh/GP,FOW,0,-0.413,0.504
825,G,A1,Sh/GP,FOW,1,-0.413,0.504
826,G,A1,Sh/GP,FOW,2,-0.413,0.504
827,G,A1,Sh/GP,FOW,3,-0.413,0.504
260,G,A1,P,LD Sh%,0,-0.398,0.5
261,G,A1,P,LD Sh%,1,-0.398,0.5
262,G,A1,P,LD Sh%,2,-0.398,0.5
263,G,A1,P,LD Sh%,3,-0.398,0.5
2280,G,A2,LD Sh%,FOW,0,0.63,0.494
2281,G,A2,LD Sh%,FOW,1,0.63,0.494
2282,G,A2,LD Sh%,FOW,2,0.63,0.494
2283,G,A2,LD Sh%,FOW,3,0.63,0.494
704,G,A1,P1/GP,LD Sh%,0,-0.393,0.494
705,G,A1,P1/GP,LD Sh%,1,-0.393,0.494
706,G,A1,P1/GP,LD Sh%,2,-0.393,0.494
707,G,A1,P1/GP,LD Sh%,3,-0.393,0.494
768,G,A1,P/GP,FOW,0,-0.414,0.491
769,G,A1,P/GP,FOW,1,-0.414,0.491
770,G,A1,P/GP,FOW,2,-0.414,0.491
771,G,A1,P/GP,FOW,3,-0.414,0.491
772,G,A1,P/GP,FOT,0,-0.414,0.491
773,G,A1,P/GP,FOT,1,-0.414,0.491
774,G,A1,P/GP,FOT,2,-0.414,0.491
775,G,A1,P/GP,FOT,3,-0.414,0.491
592,G,A1,A2/GP,P/GP,0,-0.406,0.49
593,G,A1,A2/GP,P/GP,1,-0.406,0.49
594,G,A1,A2/GP,P/GP,2,-0.406,0.49
595,G,A1,A2/GP,P/GP,3,-0.406,0.49
616,G,A1,A2/GP,HD Sh%,0,0.464,0.487
617,G,A1,A2/GP,HD Sh%,1,0.464,0.487
618,G,A1,A2/GP,HD Sh%,2,0.464,0.487
619,G,A1,A2/GP,HD Sh%,3,0.464,0.487
1936,G,A2,Sh/GP,FOW%,0,-0.406,0.483
1937,G,A2,Sh/GP,FOW%,1,-0.406,0.483
1938,G,A2,Sh/GP,FOW%,2,-0.406,0.483
1939,G,A2,Sh/GP,FOW%,3,-0.406,0.483
1536,G,A2,Sh%,FOT,0,0.676,0.481
1537,G,A2,Sh%,FOT,1,0.676,0.481
1538,G,A2,Sh%,FOT,2,0.676,0.481
1539,G,A2,Sh%,FOT,3,0.676,0.481
828,G,A1,Sh/GP,FOT,0,-0.429,0.48
829,G,A1,Sh/GP,FOT,1,-0.429,0.48
830,G,A1,Sh/GP,FOT,2,-0.429,0.48
831,G,A1,Sh/GP,FOT,3,-0.429,0.48
140,G,A1,P1,HD G,0,-0.435,0.48
141,G,A1,P1,HD G,1,-0.435,0.48
142,G,A1,P1,HD G,2,-0.435,0.48
143,G,A1,P1,HD G,3,-0.435,0.48
572,G,A1,A1/GP,LD Sh%,0,-0.387,0.479
573,G,A1,A1/GP,LD Sh%,1,-0.387,0.479
574,G,A1,A1/GP,LD Sh%,2,-0.387,0.479
575,G,A1,A1/GP,LD Sh%,3,-0.387,0.479
1872,G,A2,P/GP,FOW,0,-0.405,0.478
1873,G,A2,P/GP,FOW,1,-0.405,0.478
1874,G,A2,P/GP,FOW,2,-0.405,0.478
1875,G,A2,P/GP,FOW,3,-0.405,0.478
1876,G,A2,P/GP,FOT,0,-0.405,0.478
1877,G,A2,P/GP,FOT,1,-0.405,0.478
1878,G,A2,P/GP,FOT,2,-0.405,0.478
1879,G,A2,P/GP,FOT,3,-0.405,0.478
2284,G,A2,LD Sh%,FOT,0,0.62,0.473
2285,G,A2,LD Sh%,FOT,1,0.62,0.473
2286,G,A2,LD Sh%,FOT,2,0.62,0.473
2287,G,A2,LD Sh%,FOT,3,0.62,0.473
172,G,A1,P1,LD Sh%,0,-0.377,0.473
173,G,A1,P1,LD Sh%,1,-0.377,0.473
174,G,A1,P1,LD Sh%,2,-0.377,0.473
175,G,A1,P1,LD Sh%,3,-0.377,0.473
648,G,A1,A2/GP,FOT,0,-0.396,0.472
649,G,A1,A2/GP,FOT,1,-0.396,0.472
650,G,A1,A2/GP,FOT,2,-0.396,0.472
651,G,A1,A2/GP,FOT,3,-0.396,0.472
920,G,A1,xG/GP,LD Sh%,0,-0.358,0.471
921,G,A1,xG/GP,LD Sh%,1,-0.358,0.471
922,G,A1,xG/GP,LD Sh%,2,-0.358,0.471
923,G,A1,xG/GP,LD Sh%,3,-0.358,0.471
672,G,A1,P1/GP,HD G,0,-0.392,0.471
673,G,A1,P1/GP,HD G,1,-0.392,0.471
674,G,A1,P1/GP,HD G,2,-0.392,0.471
675,G,A1,P1/GP,HD G,3,-0.392,0.471
676,G,A1,P1/GP,HD Sh,0,-0.392,0.471
677,G,A1,P1/GP,HD Sh,1,-0.392,0.471
678,G,A1,P1/GP,HD Sh,2,-0.392,0.471
679,G,A1,P1/GP,HD Sh,3,-0.392,0.471
684,G,A1,P1/GP,MD G,0,-0.392,0.471
685,G,A1,P1/GP,MD G,1,-0.392,0.471
686,G,A1,P1/GP,MD G,2,-0.392,0.471
687,G,A1,P1/GP,MD G,3,-0.392,0.471
688,G,A1,P1/GP,MD Sh,0,-0.392,0.471
689,G,A1,P1/GP,MD Sh,1,-0.392,0.471
690,G,A1,P1/GP,MD Sh,2,-0.392,0.471
691,G,A1,P1/GP,MD Sh,3,-0.392,0.471
696,G,A1,P1/GP,LD G,0,-0.392,0.471
697,G,A1,P1/GP,LD G,1,-0.392,0.471
698,G,A1,P1/GP,LD G,2,-0.392,0.471
699,G,A1,P1/GP,LD G,3,-0.392,0.471
700,G,A1,P1/GP,LD Sh,0,-0.392,0.471
701,G,A1,P1/GP,LD Sh,1,-0.392,0.471
702,G,A1,P1/GP,LD Sh,2,-0.392,0.471
703,G,A1,P1/GP,LD Sh,3,-0.392,0.471
640,G,A1,A2/GP,LD Sh%,0,0.448,0.469
641,G,A1,A2/GP,LD Sh%,1,0.448,0.469
642,G,A1,A2/GP,LD Sh%,2,0.448,0.469
643,G,A1,A2/GP,LD Sh%,3,0.448,0.469
2036,G,A2,xG/GP,FOW%,0,-0.397,0.468
2037,G,A2,xG/GP,FOW%,1,-0.397,0.468
2038,G,A2,xG/GP,FOW%,2,-0.397,0.468
2039,G,A2,xG/GP,FOW%,3,-0.397,0.468
196,G,A1,P,G/GP,0,-0.387,0.467
197,G,A1,P,G/GP,1,-0.387,0.467
198,G,A1,P,G/GP,2,-0.387,0.467
199,G,A1,P,G/GP,3,-0.387,0.467
1532,G,A2,Sh%,FOW,0,0.628,0.463
1533,G,A2,Sh%,FOW,1,0.628,0.463
1534,G,A2,Sh%,FOW,2,0.628,0.463
1535,G,A2,Sh%,FOW,3,0.628,0.463
576,G,A1,A1/GP,FOW,0,-0.42,0.463
577,G,A1,A1/GP,FOW,1,-0.42,0.463
578,G,A1,A1/GP,FOW,2,-0.42,0.463
579,G,A1,A1/GP,FOW,3,-0.42,0.463
1480,G,A2,Sh%,P/GP,0,0.44,0.462
1481,G,A2,Sh%,P/GP,1,0.44,0.462
1482,G,A2,Sh%,P/GP,2,0.44,0.462
1483,G,A2,Sh%,P/GP,3,0.44,0.462
880,G,A1,xG,FOT,0,-0.407,0.461
881,G,A1,xG,FOT,1,-0.407,0.461
882,G,A1,xG,FOT,2,-0.407,0.461
883,G,A1,xG,FOT,3,-0.407,0.461
48,G,A1,A2,HD G,0,-0.42,0.461
49,G,A1,A2,HD G,1,-0.42,0.461
50,G,A1,A2,HD G,2,-0.42,0.461
51,G,A1,A2,HD G,3,-0.42,0.461
224,G,A1,P,xG/GP,0,-0.407,0.46
225,G,A1,P,xG/GP,1,-0.407,0.46
226,G,A1,P,xG/GP,2,-0.407,0.46
227,G,A1,P,xG/GP,3,-0.407,0.46
20,G,A1,A2,A1/GP,0,-0.399,0.459
21,G,A1,A2,A1/GP,1,-0.399,0.459
22,G,A1,A2,A1/GP,2,-0.399,0.459
23,G,A1,A2,A1/GP,3,-0.399,0.459
32,G,A1,A2,P/GP,0,-0.419,0.455
33,G,A1,A2,P/GP,1,-0.419,0.455
34,G,A1,A2,P/GP,2,-0.419,0.455
35,G,A1,A2,P/GP,3,-0.419,0.455
1684,G,A2,A1/GP,FOT,0,-0.375,0.452
1685,G,A2,A1/GP,FOT,1,-0.375,0.452
1686,G,A2,A1/GP,FOT,2,-0.375,0.452
1687,G,A2,A1/GP,FOT,3,-0.375,0.452
604,G,A1,A2/GP,xG/GP,0,-0.405,0.452
605,G,A1,A2/GP,xG/GP,1,-0.405,0.452
606,G,A1,A2/GP,xG/GP,2,-0.405,0.452
607,G,A1,A2/GP,xG/GP,3,-0.405,0.452
536,G,A1,A1/GP,xG/GP,0,-0.369,0.451
537,G,A1,A1/GP,xG/GP,1,-0.369,0.451
538,G,A1,A1/GP,xG/GP,2,-0.369,0.451
539,G,A1,A1/GP,xG/GP,3,-0.369,0.451
0,G,A1,A2,P1,0,-0.411,0.45
1,G,A1,A2,P1,1,-0.411,0.45
2,G,A1,A2,P1,2,-0.411,0.45
3,G,A1,A2,P1,3,-0.411,0.45
644,G,A1,A2/GP,FOW,0,0.718,0.449
645,G,A1,A2/GP,FOW,1,0.718,0.449
646,G,A1,A2/GP,FOW,2,0.718,0.449
647,G,A1,A2/GP,FOW,3,0.718,0.449
1680,G,A2,A1/GP,FOW,0,0.718,0.449
1681,G,A2,A1/GP,FOW,1,0.718,0.449
1682,G,A2,A1/GP,FOW,2,0.718,0.449
1683,G,A2,A1/GP,FOW,3,0.718,0.449
228,G,A1,P,HD G,0,-0.38,0.449
229,G,A1,P,HD G,1,-0.38,0.449
230,G,A1,P,HD G,2,-0.38,0.449
231,G,A1,P,HD G,3,-0.38,0.449
4,G,A1,A2,P,0,-0.396,0.446
5,G,A1,A2,P,1,-0.396,0.446
6,G,A1,A2,P,2,-0.396,0.446
7,G,A1,A2,P,3,-0.396,0.446
524,G,A1,A1/GP,P/GP,0,-0.369,0.445
525,G,A1,A1/GP,P/GP,1,-0.369,0.445
526,G,A1,A1/GP,P/GP,2,-0.369,0.445
527,G,A1,A1/GP,P/GP,3,-0.369,0.445
84,G,A1,A2,FOW,0,-0.403,0.445
85,G,A1,A2,FOW,1,-0.403,0.445
86,G,A1,A2,FOW,2,-0.403,0.445
87,G,A1,A2,FOW,3,-0.403,0.445
1856,G,A2,P/GP,MD Sh%,0,0.415,0.444
1857,G,A2,P/GP,MD Sh%,1,0.415,0.444
1858,G,A2,P/GP,MD Sh%,2,0.415,0.444
1859,G,A2,P/GP,MD Sh%,3,0.415,0.444
1328,G,A2,P,xG/GP,0,-0.463,0.444
1329,G,A2,P,xG/GP,1,-0.463,0.444
1330,G,A2,P,xG/GP,2,-0.463,0.444
1331,G,A2,P,xG/GP,3,-0.463,0.444
136,G,A1,P1,xG/GP,0,-0.397,0.442
137,G,A1,P1,xG/GP,1,-0.397,0.442
138,G,A1,P1,xG/GP,2,-0.397,0.442
139,G,A1,P1,xG/GP,3,-0.397,0.442
664,G,A1,P1/GP,xG,0,-0.397,0.442
665,G,A1,P1/GP,xG,1,-0.397,0.442
666,G,A1,P1/GP,xG,2,-0.397,0.442
667,G,A1,P1/GP,xG,3,-0.397,0.442
120,G,A1,P1,P1/GP,0,-0.408,0.442
121,G,A1,P1,P1/GP,1,-0.408,0.442
122,G,A1,P1,P1/GP,2,-0.408,0.442
123,G,A1,P1,P1/GP,3,-0.408,0.442
532,G,A1,A1/GP,xG,0,-0.426,0.439
533,G,A1,A1/GP,xG,1,-0.426,0.439
534,G,A1,A1/GP,xG,2,-0.426,0.439
535,G,A1,A1/GP,xG,3,-0.426,0.439
232,G,A1,P,HD Sh,0,-0.361,0.438
233,G,A1,P,HD Sh,1,-0.361,0.438
234,G,A1,P,HD Sh,2,-0.361,0.438
235,G,A1,P,HD Sh,3,-0.361,0.438
240,G,A1,P,MD G,0,-0.361,0.438
241,G,A1,P,MD G,1,-0.361,0.438
242,G,A1,P,MD G,2,-0.361,0.438
243,G,A1,P,MD G,3,-0.361,0.438
584,G,A1,A1/GP,FOW%,0,-0.384,0.436
585,G,A1,A1/GP,FOW%,1,-0.384,0.436
586,G,A1,A1/GP,FOW%,2,-0.384,0.436
587,G,A1,A1/GP,FOW%,3,-0.384,0.436
436,G,A1,Sh%,FOW%,0,-0.344,0.435
437,G,A1,Sh%,FOW%,1,-0.344,0.435
438,G,A1,Sh%,FOW%,2,-0.344,0.435
439,G,A1,Sh%,FOW%,3,-0.344,0.435
52,G,A1,A2,HD Sh,0,-0.382,0.433
53,G,A1,A2,HD Sh,1,-0.382,0.433
54,G,A1,A2,HD Sh,2,-0.382,0.433
55,G,A1,A2,HD Sh,3,-0.382,0.433
264,G,A1,P,FOW,0,-0.384,0.433
265,G,A1,P,FOW,1,-0.384,0.433
266,G,A1,P,FOW,2,-0.384,0.433
267,G,A1,P,FOW,3,-0.384,0.433
268,G,A1,P,FOT,0,-0.384,0.433
269,G,A1,P,FOT,1,-0.384,0.433
270,G,A1,P,FOT,2,-0.384,0.433
271,G,A1,P,FOT,3,-0.384,0.433
1192,G,A1,FOW,FOW%,0,-0.464,0.433
1193,G,A1,FOW,FOW%,1,-0.464,0.433
1194,G,A1,FOW,FOW%,2,-0.464,0.433
1195,G,A1,FOW,FOW%,3,-0.464,0.433
1688,G,A2,A1/GP,FOW%,0,0.44,0.432
1689,G,A2,A1/GP,FOW%,1,0.44,0.432
1690,G,A2,A1/GP,FOW%,2,0.44,0.432
1691,G,A2,A1/GP,FOW%,3,0.44,0.432
1756,G,A2,A2/GP,FOW%,0,0.454,0.431
1757,G,A2,A2/GP,FOW%,1,0.454,0.431
1758,G,A2,A2/GP,FOW%,2,0.454,0.431
1759,G,A2,A2/GP,FOW%,3,0.454,0.431
1552,G,A2,G/GP,P1/GP,0,-0.445,0.43
1553,G,A2,G/GP,P1/GP,1,-0.445,0.43
1554,G,A2,G/GP,P1/GP,2,-0.445,0.43
1555,G,A2,G/GP,P1/GP,3,-0.445,0.43
2044,G,A2,HD G,HD Sh%,0,0.429,0.429
2045,G,A2,HD G,HD Sh%,1,0.429,0.429
2046,G,A2,HD G,HD Sh%,2,0.429,0.429
2047,G,A2,HD G,HD Sh%,3,0.429,0.429
2084,G,A2,HD Sh,HD Sh%,0,0.429,0.429
2085,G,A2,HD Sh,HD Sh%,1,0.429,0.429
2086,G,A2,HD Sh,HD Sh%,2,0.429,0.429
2087,G,A2,HD Sh,HD Sh%,3,0.429,0.429
2124,G,A2,HD Sh%,MD G,0,0.429,0.429
2125,G,A2,HD Sh%,MD G,1,0.429,0.429
2126,G,A2,HD Sh%,MD G,2,0.429,0.429
2127,G,A2,HD Sh%,MD G,3,0.429,0.429
2128,G,A2,HD Sh%,MD Sh,0,0.429,0.429
2129,G,A2,HD Sh%,MD Sh,1,0.429,0.429
2130,G,A2,HD Sh%,MD Sh,2,0.429,0.429
2131,G,A2,HD Sh%,MD Sh,3,0.429,0.429
2136,G,A2,HD Sh%,LD G,0,0.429,0.429
2137,G,A2,HD Sh%,LD G,1,0.429,0.429
2138,G,A2,HD Sh%,LD G,2,0.429,0.429
2139,G,A2,HD Sh%,LD G,3,0.429,0.429
2140,G,A2,HD Sh%,LD Sh,0,0.429,0.429
2141,G,A2,HD Sh%,LD Sh,1,0.429,0.429
2142,G,A2,HD Sh%,LD Sh,2,0.429,0.429
2143,G,A2,HD Sh%,LD Sh,3,0.429,0.429
1492,G,A2,Sh%,xG/GP,0,0.424,0.428
1493,G,A2,Sh%,xG/GP,1,0.424,0.428
1494,G,A2,Sh%,xG/GP,2,0.424,0.428
1495,G,A2,Sh%,xG/GP,3,0.424,0.428
252,G,A1,P,LD G,0,-0.387,0.428
253,G,A1,P,LD G,1,-0.387,0.428
254,G,A1,P,LD G,2,-0.387,0.428
255,G,A1,P,LD G,3,-0.387,0.428
60,G,A1,A2,MD G,0,-0.395,0.427
61,G,A1,A2,MD G,1,-0.395,0.427
62,G,A1,A2,MD G,2,-0.395,0.427
63,G,A1,A2,MD G,3,-0.395,0.427
1816,G,A2,P1/GP,FOT,0,0.447,0.426
1817,G,A2,P1/GP,FOT,1,0.447,0.426
1818,G,A2,P1/GP,FOT,2,0.447,0.426
1819,G,A2,P1/GP,FOT,3,0.447,0.426
256,G,A1,P,LD Sh,0,-0.373,0.425
257,G,A1,P,LD Sh,1,-0.373,0.425
258,G,A1,P,LD Sh,2,-0.373,0.425
259,G,A1,P,LD Sh,3,-0.373,0.425
312,G,A1,Sh,HD G,0,-0.375,0.425
313,G,A1,Sh,HD G,1,-0.375,0.425
314,G,A1,Sh,HD G,2,-0.375,0.425
315,G,A1,Sh,HD G,3,-0.375,0.425
124,G,A1,P1,P/GP,0,-0.398,0.425
125,G,A1,P1,P/GP,1,-0.398,0.425
126,G,A1,P1,P/GP,2,-0.398,0.425
127,G,A1,P1,P/GP,3,-0.398,0.425
1296,G,A2,P,Sh%,0,0.387,0.422
1297,G,A2,P,Sh%,1,0.387,0.422
1298,G,A2,P,Sh%,2,0.387,0.422
1299,G,A2,P,Sh%,3,0.387,0.422
888,G,A1,xG/GP,HD G,0,-0.4,0.421
889,G,A1,xG/GP,HD G,1,-0.4,0.421
890,G,A1,xG/GP,HD G,2,-0.4,0.421
891,G,A1,xG/GP,HD G,3,-0.4,0.421
892,G,A1,xG/GP,HD Sh,0,-0.4,0.421
893,G,A1,xG/GP,HD Sh,1,-0.4,0.421
894,G,A1,xG/GP,HD Sh,2,-0.4,0.421
895,G,A1,xG/GP,HD Sh,3,-0.4,0.421
900,G,A1,xG/GP,MD G,0,-0.4,0.421
901,G,A1,xG/GP,MD G,1,-0.4,0.421
902,G,A1,xG/GP,MD G,2,-0.4,0.421
903,G,A1,xG/GP,MD G,3,-0.4,0.421
904,G,A1,xG/GP,MD Sh,0,-0.4,0.421
905,G,A1,xG/GP,MD Sh,1,-0.4,0.421
906,G,A1,xG/GP,MD Sh,2,-0.4,0.421
907,G,A1,xG/GP,MD Sh,3,-0.4,0.421
912,G,A1,xG/GP,LD G,0,-0.4,0.421
913,G,A1,xG/GP,LD G,1,-0.4,0.421
914,G,A1,xG/GP,LD G,2,-0.4,0.421
915,G,A1,xG/GP,LD G,3,-0.4,0.421
916,G,A1,xG/GP,LD Sh,0,-0.4,0.421
917,G,A1,xG/GP,LD Sh,1,-0.4,0.421
918,G,A1,xG/GP,LD Sh,2,-0.4,0.421
919,G,A1,xG/GP,LD Sh,3,-0.4,0.421
316,G,A1,Sh,HD Sh,0,-0.359,0.42
317,G,A1,Sh,HD Sh,1,-0.359,0.42
318,G,A1,Sh,HD Sh,2,-0.359,0.42
319,G,A1,Sh,HD Sh,3,-0.359,0.42
324,G,A1,Sh,MD G,0,-0.359,0.42
325,G,A1,Sh,MD G,1,-0.359,0.42
326,G,A1,Sh,MD G,2,-0.359,0.42
327,G,A1,Sh,MD G,3,-0.359,0.42
2012,G,A2,xG/GP,MD Sh%,0,0.421,0.417
2013,G,A2,xG/GP,MD Sh%,1,0.421,0.417
2014,G,A2,xG/GP,MD Sh%,2,0.421,0.417
2015,G,A2,xG/GP,MD Sh%,3,0.421,0.417
2040,G,A2,HD G,HD Sh,0,0.483,0.415
2041,G,A2,HD G,HD Sh,1,0.483,0.415
2042,G,A2,HD G,HD Sh,2,0.483,0.415
2043,G,A2,HD G,HD Sh,3,0.483,0.415
2048,G,A2,HD G,MD G,0,0.483,0.415
2049,G,A2,HD G,MD G,1,0.483,0.415
2050,G,A2,HD G,MD G,2,0.483,0.415
2051,G,A2,HD G,MD G,3,0.483,0.415
2052,G,A2,HD G,MD Sh,0,0.483,0.415
2053,G,A2,HD G,MD Sh,1,0.483,0.415
2054,G,A2,HD G,MD Sh,2,0.483,0.415
2055,G,A2,HD G,MD Sh,3,0.483,0.415
2060,G,A2,HD G,LD G,0,0.483,0.415
2061,G,A2,HD G,LD G,1,0.483,0.415
2062,G,A2,HD G,LD G,2,0.483,0.415
2063,G,A2,HD G,LD G,3,0.483,0.415
2064,G,A2,HD G,LD Sh,0,0.483,0.415
2065,G,A2,HD G,LD Sh,1,0.483,0.415
2066,G,A2,HD G,LD Sh,2,0.483,0.415
2067,G,A2,HD G,LD Sh,3,0.483,0.415
2088,G,A2,HD Sh,MD G,0,0.483,0.415
2089,G,A2,HD Sh,MD G,1,0.483,0.415
2090,G,A2,HD Sh,MD G,2,0.483,0.415
2091,G,A2,HD Sh,MD G,3,0.483,0.415
2092,G,A2,HD Sh,MD Sh,0,0.483,0.415
2093,G,A2,HD Sh,MD Sh,1,0.483,0.415
2094,G,A2,HD Sh,MD Sh,2,0.483,0.415
2095,G,A2,HD Sh,MD Sh,3,0.483,0.415
2100,G,A2,HD Sh,LD G,0,0.483,0.415
2101,G,A2,HD Sh,LD G,1,0.483,0.415
2102,G,A2,HD Sh,LD G,2,0.483,0.415
2103,G,A2,HD Sh,LD G,3,0.483,0.415
2104,G,A2,HD Sh,LD Sh,0,0.483,0.415
2105,G,A2,HD Sh,LD Sh,1,0.483,0.415
2106,G,A2,HD Sh,LD Sh,2,0.483,0.415
2107,G,A2,HD Sh,LD Sh,3,0.483,0.415
2160,G,A2,MD G,MD Sh,0,0.483,0.415
2161,G,A2,MD G,MD Sh,1,0.483,0.415
2162,G,A2,MD G,MD Sh,2,0.483,0.415
2163,G,A2,MD G,MD Sh,3,0.483,0.415
2168,G,A2,MD G,LD G,0,0.483,0.415
2169,G,A2,MD G,LD G,1,0.483,0.415
2170,G,A2,MD G,LD G,2,0.483,0.415
2171,G,A2,MD G,LD G,3,0.483,0.415
2172,G,A2,MD G,LD Sh,0,0.483,0.415
2173,G,A2,MD G,LD Sh,1,0.483,0.415
2174,G,A2,MD G,LD Sh,2,0.483,0.415
2175,G,A2,MD G,LD Sh,3,0.483,0.415
2196,G,A2,MD Sh,LD G,0,0.483,0.415
2197,G,A2,MD Sh,LD G,1,0.483,0.415
2198,G,A2,MD Sh,LD G,2,0.483,0.415
2199,G,A2,MD Sh,LD G,3,0.483,0.415
2200,G,A2,MD Sh,LD Sh,0,0.483,0.415
2201,G,A2,MD Sh,LD Sh,1,0.483,0.415
2202,G,A2,MD Sh,LD Sh,2,0.483,0.415
2203,G,A2,MD Sh,LD Sh,3,0.483,0.415
2244,G,A2,LD G,LD Sh,0,0.483,0.415
2245,G,A2,LD G,LD Sh,1,0.483,0.415
2246,G,A2,LD G,LD Sh,2,0.483,0.415
2247,G,A2,LD G,LD Sh,3,0.483,0.415
1844,G,A2,P/GP,HD Sh%,0,0.437,0.415
1845,G,A2,P/GP,HD Sh%,1,0.437,0.415
1846,G,A2,P/GP,HD Sh%,2,0.437,0.415
1847,G,A2,P/GP,HD Sh%,3,0.437,0.415
132,G,A1,P1,xG,0,-0.376,0.414
133,G,A1,P1,xG,1,-0.376,0.414
134,G,A1,P1,xG,2,-0.376,0.414
135,G,A1,P1,xG,3,-0.376,0.414
72,G,A1,A2,LD G,0,-0.39,0.414
73,G,A1,A2,LD G,1,-0.39,0.414
74,G,A1,A2,LD G,2,-0.39,0.414
75,G,A1,A2,LD G,3,-0.39,0.414
376,G,A1,Sh%,P/GP,0,-0.336,0.413
377,G,A1,Sh%,P/GP,1,-0.336,0.413
378,G,A1,Sh%,P/GP,2,-0.336,0.413
379,G,A1,Sh%,P/GP,3,-0.336,0.413
1476,G,A2,Sh%,P1/GP,0,-0.347,0.409
1477,G,A2,Sh%,P1/GP,1,-0.347,0.409
1478,G,A2,Sh%,P1/GP,2,-0.347,0.409
1479,G,A2,Sh%,P1/GP,3,-0.347,0.409
144,G,A1,P1,HD Sh,0,-0.377,0.407
145,G,A1,P1,HD Sh,1,-0.377,0.407
146,G,A1,P1,HD Sh,2,-0.377,0.407
147,G,A1,P1,HD Sh,3,-0.377,0.407
212,G,A1,P,P/GP,0,-0.361,0.406
213,G,A1,P,P/GP,1,-0.361,0.406
214,G,A1,P,P/GP,2,-0.361,0.406
215,G,A1,P,P/GP,3,-0.361,0.406
580,G,A1,A1/GP,FOT,0,-0.432,0.405
581,G,A1,A1/GP,FOT,1,-0.432,0.405
582,G,A1,A1/GP,FOT,2,-0.432,0.405
583,G,A1,A1/GP,FOT,3,-0.432,0.405
340,G,A1,Sh,LD Sh,0,-0.367,0.403
341,G,A1,Sh,LD Sh,1,-0.367,0.403
342,G,A1,Sh,LD Sh,2,-0.367,0.403
343,G,A1,Sh,LD Sh,3,-0.367,0.403
596,G,A1,A2/GP,Sh/GP,0,-0.435,0.403
597,G,A1,A2/GP,Sh/GP,1,-0.435,0.403
598,G,A1,A2/GP,Sh/GP,2,-0.435,0.403
599,G,A1,A2/GP,Sh/GP,3,-0.435,0.403
1540,G,A2,Sh%,FOW%,0,-0.347,0.402
1541,G,A2,Sh%,FOW%,1,-0.347,0.402
1542,G,A2,Sh%,FOW%,2,-0.347,0.402
1543,G,A2,Sh%,FOW%,3,-0.347,0.402
336,G,A1,Sh,LD G,0,-0.377,0.401
337,G,A1,Sh,LD G,1,-0.377,0.401
338,G,A1,Sh,LD G,2,-0.377,0.401
339,G,A1,Sh,LD G,3,-0.377,0.401
1592,G,A2,G/GP,MD Sh%,0,0.402,0.398
1593,G,A2,G/GP,MD Sh%,1,0.402,0.398
1594,G,A2,G/GP,MD Sh%,2,0.402,0.398
1595,G,A2,G/GP,MD Sh%,3,0.402,0.398
152,G,A1,P1,MD G,0,-0.364,0.398
153,G,A1,P1,MD G,1,-0.364,0.398
154,G,A1,P1,MD G,2,-0.364,0.398
155,G,A1,P1,MD G,3,-0.364,0.398
1340,G,A2,P,HD Sh%,0,0.41,0.397
1341,G,A2,P,HD Sh%,1,0.41,0.397
1342,G,A2,P,HD Sh%,2,0.41,0.397
1343,G,A2,P,HD Sh%,3,0.41,0.397
1376,G,A2,P,FOW%,0,0.41,0.397
1377,G,A2,P,FOW%,1,0.41,0.397
1378,G,A2,P,FOW%,2,0.41,0.397
1379,G,A2,P,FOW%,3,0.41,0.397
1808,G,A2,P1/GP,LD Sh%,0,0.41,0.397
1809,G,A2,P1/GP,LD Sh%,1,0.41,0.397
1810,G,A2,P1/GP,LD Sh%,2,0.41,0.397
1811,G,A2,P1/GP,LD Sh%,3,0.41,0.397
1820,G,A2,P1/GP,FOW%,0,0.41,0.397
1821,G,A2,P1/GP,FOW%,1,0.41,0.397
1822,G,A2,P1/GP,FOW%,2,0.41,0.397
1823,G,A2,P1/GP,FOW%,3,0.41,0.397
1880,G,A2,P/GP,FOW%,0,0.41,0.397
1881,G,A2,P/GP,FOW%,1,0.41,0.397
1882,G,A2,P/GP,FOW%,2,0.41,0.397
1883,G,A2,P/GP,FOW%,3,0.41,0.397
1380,G,A2,Sh,Sh%,0,0.411,0.396
1381,G,A2,Sh,Sh%,1,0.411,0.396
1382,G,A2,Sh,Sh%,2,0.411,0.396
1383,G,A2,Sh,Sh%,3,0.411,0.396
1208,G,A2,P1,Sh%,0,-0.363,0.395
1209,G,A2,P1,Sh%,1,-0.363,0.395
1210,G,A2,P1,Sh%,2,-0.363,0.395
1211,G,A2,P1,Sh%,3,-0.363,0.395
840,G,A1,xG,HD G,0,-0.38,0.395
841,G,A1,xG,HD G,1,-0.38,0.395
842,G,A1,xG,HD G,2,-0.38,0.395
843,G,A1,xG,HD G,3,-0.38,0.395
844,G,A1,xG,HD Sh,0,-0.38,0.395
845,G,A1,xG,HD Sh,1,-0.38,0.395
846,G,A1,xG,HD Sh,2,-0.38,0.395
847,G,A1,xG,HD Sh,3,-0.38,0.395
852,G,A1,xG,MD G,0,-0.38,0.395
853,G,A1,xG,MD G,1,-0.38,0.395
854,G,A1,xG,MD G,2,-0.38,0.395
855,G,A1,xG,MD G,3,-0.38,0.395
856,G,A1,xG,MD Sh,0,-0.38,0.395
857,G,A1,xG,MD Sh,1,-0.38,0.395
858,G,A1,xG,MD Sh,2,-0.38,0.395
859,G,A1,xG,MD Sh,3,-0.38,0.395
864,G,A1,xG,LD G,0,-0.38,0.395
865,G,A1,xG,LD G,1,-0.38,0.395
866,G,A1,xG,LD G,2,-0.38,0.395
867,G,A1,xG,LD G,3,-0.38,0.395
868,G,A1,xG,LD Sh,0,-0.38,0.395
869,G,A1,xG,LD Sh,1,-0.38,0.395
870,G,A1,xG,LD Sh,2,-0.38,0.395
871,G,A1,xG,LD Sh,3,-0.38,0.395
428,G,A1,Sh%,FOW,0,-0.314,0.391
429,G,A1,Sh%,FOW,1,-0.314,0.391
430,G,A1,Sh%,FOW,2,-0.314,0.391
431,G,A1,Sh%,FOW,3,-0.314,0.391
836,G,A1,xG,xG/GP,0,-0.357,0.391
837,G,A1,xG,xG/GP,1,-0.357,0.391
838,G,A1,xG,xG/GP,2,-0.357,0.391
839,G,A1,xG,xG/GP,3,-0.357,0.391
404,G,A1,Sh%,MD G,0,-0.299,0.39
405,G,A1,Sh%,MD G,1,-0.299,0.39
406,G,A1,Sh%,MD G,2,-0.299,0.39
407,G,A1,Sh%,MD G,3,-0.299,0.39
208,G,A1,P,P1/GP,0,-0.345,0.389
209,G,A1,P,P1/GP,1,-0.345,0.389
210,G,A1,P,P1/GP,2,-0.345,0.389
211,G,A1,P,P1/GP,3,-0.345,0.389
732,G,A1,P/GP,HD G,0,-0.345,0.389
733,G,A1,P/GP,HD G,1,-0.345,0.389
734,G,A1,P/GP,HD G,2,-0.345,0.389
735,G,A1,P/GP,HD G,3,-0.345,0.389
736,G,A1,P/GP,HD Sh,0,-0.345,0.389
737,G,A1,P/GP,HD Sh,1,-0.345,0.389
738,G,A1,P/GP,HD Sh,2,-0.345,0.389
739,G,A1,P/GP,HD Sh,3,-0.345,0.389
744,G,A1,P/GP,MD G,0,-0.345,0.389
745,G,A1,P/GP,MD G,1,-0.345,0.389
746,G,A1,P/GP,MD G,2,-0.345,0.389
747,G,A1,P/GP,MD G,3,-0.345,0.389
748,G,A1,P/GP,MD Sh,0,-0.345,0.389
749,G,A1,P/GP,MD Sh,1,-0.345,0.389
750,G,A1,P/GP,MD Sh,2,-0.345,0.389
751,G,A1,P/GP,MD Sh,3,-0.345,0.389
756,G,A1,P/GP,LD G,0,-0.345,0.389
757,G,A1,P/GP,LD G,1,-0.345,0.389
758,G,A1,P/GP,LD G,2,-0.345,0.389
759,G,A1,P/GP,LD G,3,-0.345,0.389
760,G,A1,P/GP,LD Sh,0,-0.345,0.389
761,G,A1,P/GP,LD Sh,1,-0.345,0.389
762,G,A1,P/GP,LD Sh,2,-0.345,0.389
763,G,A1,P/GP,LD Sh,3,-0.345,0.389
96,G,A1,P1,P,0,-0.387,0.385
97,G,A1,P1,P,1,-0.387,0.385
98,G,A1,P1,P,2,-0.387,0.385
99,G,A1,P1,P,3,-0.387,0.385
548,G,A1,A1/GP,HD Sh%,0,-0.408,0.384
549,G,A1,A1/GP,HD Sh%,1,-0.408,0.384
550,G,A1,A1/GP,HD Sh%,2,-0.408,0.384
551,G,A1,A1/GP,HD Sh%,3,-0.408,0.384
180,G,A1,P1,FOT,0,-0.352,0.382
181,G,A1,P1,FOT,1,-0.352,0.382
182,G,A1,P1,FOT,2,-0.352,0.382
183,G,A1,P1,FOT,3,-0.352,0.382
1912,G,A2,Sh/GP,MD Sh%,0,0.419,0.381
1913,G,A2,Sh/GP,MD Sh%,1,0.419,0.381
1914,G,A2,Sh/GP,MD Sh%,2,0.419,0.381
1915,G,A2,Sh/GP,MD Sh%,3,0.419,0.381
76,G,A1,A2,LD Sh,0,-0.38,0.381
77,G,A1,A2,LD Sh,1,-0.38,0.381
78,G,A1,A2,LD Sh,2,-0.38,0.381
79,G,A1,A2,LD Sh,3,-0.38,0.381
464,G,A1,G/GP,xG/GP,0,-0.368,0.38
465,G,A1,G/GP,xG/GP,1,-0.368,0.38
466,G,A1,G/GP,xG/GP,2,-0.368,0.38
467,G,A1,G/GP,xG/GP,3,-0.368,0.38
164,G,A1,P1,LD G,0,-0.385,0.38
165,G,A1,P1,LD G,1,-0.385,0.38
166,G,A1,P1,LD G,2,-0.385,0.38
167,G,A1,P1,LD G,3,-0.385,0.38
1224,G,A2,P1,P1/GP,0,0.402,0.378
1225,G,A2,P1,P1/GP,1,0.402,0.378
1226,G,A2,P1,P1/GP,2,0.402,0.378
1227,G,A2,P1,P1/GP,3,0.402,0.378
380,G,A1,Sh%,Sh/GP,0,-0.347,0.378
381,G,A1,Sh%,Sh/GP,1,-0.347,0.378
382,G,A1,Sh%,Sh/GP,2,-0.347,0.378
383,G,A1,Sh%,Sh/GP,3,-0.347,0.378
1364,G,A2,P,LD Sh%,0,0.381,0.377
1365,G,A2,P,LD Sh%,1,0.381,0.377
1366,G,A2,P,LD Sh%,2,0.381,0.377
1367,G,A2,P,LD Sh%,3,0.381,0.377
420,G,A1,Sh%,LD Sh,0,-0.306,0.377
421,G,A1,Sh%,LD Sh,1,-0.306,0.377
422,G,A1,Sh%,LD Sh,2,-0.306,0.377
423,G,A1,Sh%,LD Sh,3,-0.306,0.377
192,G,A1,P,Sh%,0,-0.32,0.377
193,G,A1,P,Sh%,1,-0.32,0.377
194,G,A1,P,Sh%,2,-0.32,0.377
195,G,A1,P,Sh%,3,-0.32,0.377
1212,G,A2,P1,G/GP,0,0.406,0.376
1213,G,A2,P1,G/GP,1,0.406,0.376
1214,G,A2,P1,G/GP,2,0.406,0.376
1215,G,A2,P1,G/GP,3,0.406,0.376
1228,G,A2,P1,P/GP,0,0.431,0.375
1229,G,A2,P1,P/GP,1,0.431,0.375
1230,G,A2,P1,P/GP,2,0.431,0.375
1231,G,A2,P1,P/GP,3,0.431,0.375
1760,G,A2,P1/GP,P/GP,0,0.431,0.375
1761,G,A2,P1/GP,P/GP,1,0.431,0.375
1762,G,A2,P1/GP,P/GP,2,0.431,0.375
1763,G,A2,P1/GP,P/GP,3,0.431,0.375
1836,G,A2,P/GP,HD G,0,0.431,0.375
1837,G,A2,P/GP,HD G,1,0.431,0.375
1838,G,A2,P/GP,HD G,2,0.431,0.375
1839,G,A2,P/GP,HD G,3,0.431,0.375
1840,G,A2,P/GP,HD Sh,0,0.431,0.375
1841,G,A2,P/GP,HD Sh,1,0.431,0.375
1842,G,A2,P/GP,HD Sh,2,0.431,0.375
1843,G,A2,P/GP,HD Sh,3,0.431,0.375
1848,G,A2,P/GP,MD G,0,0.431,0.375
1849,G,A2,P/GP,MD G,1,0.431,0.375
1850,G,A2,P/GP,MD G,2,0.431,0.375
1851,G,A2,P/GP,MD G,3,0.431,0.375
1852,G,A2,P/GP,MD Sh,0,0.431,0.375
1853,G,A2,P/GP,MD Sh,1,0.431,0.375
1854,G,A2,P/GP,MD Sh,2,0.431,0.375
1855,G,A2,P/GP,MD Sh,3,0.431,0.375
1860,G,A2,P/GP,LD G,0,0.431,0.375
1861,G,A2,P/GP,LD G,1,0.431,0.375
1862,G,A2,P/GP,LD G,2,0.431,0.375
1863,G,A2,P/GP,LD G,3,0.431,0.375
1864,G,A2,P/GP,LD Sh,0,0.431,0.375
1865,G,A2,P/GP,LD Sh,1,0.431,0.375
1866,G,A2,P/GP,LD Sh,2,0.431,0.375
1867,G,A2,P/GP,LD Sh,3,0.431,0.375
1464,G,A2,Sh%,G/GP,0,-0.347,0.375
1465,G,A2,Sh%,G/GP,1,-0.347,0.375
1466,G,A2,Sh%,G/GP,2,-0.347,0.375
1467,G,A2,Sh%,G/GP,3,-0.347,0.375
64,G,A1,A2,MD Sh,0,-0.387,0.375
65,G,A1,A2,MD Sh,1,-0.387,0.375
66,G,A1,A2,MD Sh,2,-0.387,0.375
67,G,A1,A2,MD Sh,3,-0.387,0.375
1824,G,A2,P/GP,Sh/GP,0,0.433,0.374
1825,G,A2,P/GP,Sh/GP,1,0.433,0.374
1826,G,A2,P/GP,Sh/GP,2,0.433,0.374
1827,G,A2,P/GP,Sh/GP,3,0.433,0.374
352,G,A1,Sh,FOT,0,-0.37,0.374
353,G,A1,Sh,FOT,1,-0.37,0.374
354,G,A1,Sh,FOT,2,-0.37,0.374
355,G,A1,Sh,FOT,3,-0.37,0.374
1264,G,A2,P1,MD Sh%,0,0.397,0.372
1265,G,A2,P1,MD Sh%,1,0.397,0.372
1266,G,A2,P1,MD Sh%,2,0.397,0.372
1267,G,A2,P1,MD Sh%,3,0.397,0.372
1796,G,A2,P1/GP,MD Sh%,0,0.397,0.372
1797,G,A2,P1/GP,MD Sh%,1,0.397,0.372
1798,G,A2,P1/GP,MD Sh%,2,0.397,0.372
1799,G,A2,P1/GP,MD Sh%,3,0.397,0.372
1528,G,A2,Sh%,LD Sh%,0,0.555,0.368
1529,G,A2,Sh%,LD Sh%,1,0.555,0.368
1530,G,A2,Sh%,LD Sh%,2,0.555,0.368
1531,G,A2,Sh%,LD Sh%,3,0.555,0.368
1748,G,A2,A2/GP,FOW,0,0.618,0.367
1749,G,A2,A2/GP,FOW,1,0.618,0.367
1750,G,A2,A2/GP,FOW,2,0.618,0.367
1751,G,A2,A2/GP,FOW,3,0.618,0.367
1288,G,A2,P1,FOW%,0,0.394,0.366
1289,G,A2,P1,FOW%,1,0.394,0.366
1290,G,A2,P1,FOW%,2,0.394,0.366
1291,G,A2,P1,FOW%,3,0.394,0.366
1496,G,A2,Sh%,HD G,0,0.394,0.366
1497,G,A2,Sh%,HD G,1,0.394,0.366
1498,G,A2,Sh%,HD G,2,0.394,0.366
1499,G,A2,Sh%,HD G,3,0.394,0.366
1500,G,A2,Sh%,HD Sh,0,0.394,0.366
1501,G,A2,Sh%,HD Sh,1,0.394,0.366
1502,G,A2,Sh%,HD Sh,2,0.394,0.366
1503,G,A2,Sh%,HD Sh,3,0.394,0.366
1508,G,A2,Sh%,MD G,0,0.394,0.366
1509,G,A2,Sh%,MD G,1,0.394,0.366
1510,G,A2,Sh%,MD G,2,0.394,0.366
1511,G,A2,Sh%,MD G,3,0.394,0.366
1512,G,A2,Sh%,MD Sh,0,0.394,0.366
1513,G,A2,Sh%,MD Sh,1,0.394,0.366
1514,G,A2,Sh%,MD Sh,2,0.394,0.366
1515,G,A2,Sh%,MD Sh,3,0.394,0.366
1520,G,A2,Sh%,LD G,0,0.394,0.366
1521,G,A2,Sh%,LD G,1,0.394,0.366
1522,G,A2,Sh%,LD G,2,0.394,0.366
1523,G,A2,Sh%,LD G,3,0.394,0.366
1524,G,A2,Sh%,LD Sh,0,0.394,0.366
1525,G,A2,Sh%,LD Sh,1,0.394,0.366
1526,G,A2,Sh%,LD Sh,2,0.394,0.366
1527,G,A2,Sh%,LD Sh,3,0.394,0.366
2148,G,A2,HD Sh%,FOW,0,0.777,0.36
2149,G,A2,HD Sh%,FOW,1,0.777,0.36
2150,G,A2,HD Sh%,FOW,2,0.777,0.36
2151,G,A2,HD Sh%,FOW,3,0.777,0.36
2156,G,A2,HD Sh%,FOW%,0,0.389,0.357
2157,G,A2,HD Sh%,FOW%,1,0.389,0.357
2158,G,A2,HD Sh%,FOW%,2,0.389,0.357
2159,G,A2,HD Sh%,FOW%,3,0.389,0.357
364,G,A1,Sh%,A1/GP,0,-0.305,0.357
365,G,A1,Sh%,A1/GP,1,-0.305,0.357
366,G,A1,Sh%,A1/GP,2,-0.305,0.357
367,G,A1,Sh%,A1/GP,3,-0.305,0.357
280,G,A1,Sh,G/GP,0,-0.402,0.357
281,G,A1,Sh,G/GP,1,-0.402,0.357
282,G,A1,Sh,G/GP,2,-0.402,0.357
283,G,A1,Sh,G/GP,3,-0.402,0.357
1952,G,A2,xG,HD Sh%,0,0.44,0.353
1953,G,A2,xG,HD Sh%,1,0.44,0.353
1954,G,A2,xG,HD Sh%,2,0.44,0.353
1955,G,A2,xG,HD Sh%,3,0.44,0.353
1928,G,A2,Sh/GP,FOW,0,-0.443,0.351
1929,G,A2,Sh/GP,FOW,1,-0.443,0.351
1930,G,A2,Sh/GP,FOW,2,-0.443,0.351
1931,G,A2,Sh/GP,FOW,3,-0.443,0.351
1468,G,A2,Sh%,A1/GP,0,-0.323,0.35
1469,G,A2,Sh%,A1/GP,1,-0.323,0.35
1470,G,A2,Sh%,A1/GP,2,-0.323,0.35
1471,G,A2,Sh%,A1/GP,3,-0.323,0.35
504,G,A1,G/GP,FOW,0,-0.362,0.35
505,G,A1,G/GP,FOW,1,-0.362,0.35
506,G,A1,G/GP,FOW,2,-0.362,0.35
507,G,A1,G/GP,FOW,3,-0.362,0.35
296,G,A1,Sh,P/GP,0,-0.366,0.343
297,G,A1,Sh,P/GP,1,-0.366,0.343
298,G,A1,Sh,P/GP,2,-0.366,0.343
299,G,A1,Sh,P/GP,3,-0.366,0.343
2028,G,A2,xG/GP,FOW,0,0.613,0.341
2029,G,A2,xG/GP,FOW,1,0.613,0.341
2030,G,A2,xG/GP,FOW,2,0.613,0.341
2031,G,A2,xG/GP,FOW,3,0.613,0.341
2032,G,A2,xG/GP,FOT,0,0.613,0.341
2033,G,A2,xG/GP,FOT,1,0.613,0.341
2034,G,A2,xG/GP,FOT,2,0.613,0.341
2035,G,A2,xG/GP,FOT,3,0.613,0.341
1784,G,A2,P1/GP,HD Sh%,0,0.4,0.341
1785,G,A2,P1/GP,HD Sh%,1,0.4,0.341
1786,G,A2,P1/GP,HD Sh%,2,0.4,0.341
1787,G,A2,P1/GP,HD Sh%,3,0.4,0.341
1900,G,A2,Sh/GP,HD Sh%,0,0.4,0.341
1901,G,A2,Sh/GP,HD Sh%,1,0.4,0.341
1902,G,A2,Sh/GP,HD Sh%,2,0.4,0.341
1903,G,A2,Sh/GP,HD Sh%,3,0.4,0.341
388,G,A1,Sh%,xG/GP,0,-0.342,0.341
389,G,A1,Sh%,xG/GP,1,-0.342,0.341
390,G,A1,Sh%,xG/GP,2,-0.342,0.341
391,G,A1,Sh%,xG/GP,3,-0.342,0.341
396,G,A1,Sh%,HD Sh,0,-0.288,0.34
397,G,A1,Sh%,HD Sh,1,-0.288,0.34
398,G,A1,Sh%,HD Sh,2,-0.288,0.34
399,G,A1,Sh%,HD Sh,3,-0.288,0.34
156,G,A1,P1,MD Sh,0,-0.363,0.34
157,G,A1,P1,MD Sh,1,-0.363,0.34
158,G,A1,P1,MD Sh,2,-0.363,0.34
159,G,A1,P1,MD Sh,3,-0.363,0.34
1964,G,A2,xG,MD Sh%,0,0.416,0.335
1965,G,A2,xG,MD Sh%,1,0.416,0.335
1966,G,A2,xG,MD Sh%,2,0.416,0.335
1967,G,A2,xG,MD Sh%,3,0.416,0.335
1704,G,A2,A2/GP,xG,0,0.441,0.334
1705,G,A2,A2/GP,xG,1,0.441,0.334
1706,G,A2,A2/GP,xG,2,0.441,0.334
1707,G,A2,A2/GP,xG,3,0.441,0.334
104,G,A1,P1,Sh%,0,-0.295,0.333
105,G,A1,P1,Sh%,1,-0.295,0.333
106,G,A1,P1,Sh%,2,-0.295,0.333
107,G,A1,P1,Sh%,3,-0.295,0.333
128,G,A1,P1,Sh/GP,0,-0.36,0.333
129,G,A1,P1,Sh/GP,1,-0.36,0.333
130,G,A1,P1,Sh/GP,2,-0.36,0.333
131,G,A1,P1,Sh/GP,3,-0.36,0.333
460,G,A1,G/GP,xG,0,-0.387,0.333
461,G,A1,G/GP,xG,1,-0.387,0.333
462,G,A1,G/GP,xG,2,-0.387,0.333
463,G,A1,G/GP,xG,3,-0.387,0.333
1632,G,A2,A1/GP,Sh/GP,0,0.406,0.332
1633,G,A2,A1/GP,Sh/GP,1,0.406,0.332
1634,G,A2,A1/GP,Sh/GP,2,0.406,0.332
1635,G,A2,A1/GP,Sh/GP,3,0.406,0.332
1832,G,A2,P/GP,xG/GP,0,0.406,0.332
1833,G,A2,P/GP,xG/GP,1,0.406,0.332
1834,G,A2,P/GP,xG/GP,2,0.406,0.332
1835,G,A2,P/GP,xG/GP,3,0.406,0.332
1940,G,A2,xG,xG/GP,0,-0.381,0.332
1941,G,A2,xG,xG/GP,1,-0.381,0.332
1942,G,A2,xG,xG/GP,2,-0.381,0.332
1943,G,A2,xG,xG/GP,3,-0.381,0.332
424,G,A1,Sh%,LD Sh%,0,-0.293,0.331
425,G,A1,Sh%,LD Sh%,1,-0.293,0.331
426,G,A1,Sh%,LD Sh%,2,-0.293,0.331
427,G,A1,Sh%,LD Sh%,3,-0.293,0.331
2076,G,A2,HD G,FOT,0,0.604,0.33
2077,G,A2,HD G,FOT,1,0.604,0.33
2078,G,A2,HD G,FOT,2,0.604,0.33
2079,G,A2,HD G,FOT,3,0.604,0.33
2116,G,A2,HD Sh,FOT,0,0.604,0.33
2117,G,A2,HD Sh,FOT,1,0.604,0.33
2118,G,A2,HD Sh,FOT,2,0.604,0.33
2119,G,A2,HD Sh,FOT,3,0.604,0.33
2184,G,A2,MD G,FOT,0,0.604,0.33
2185,G,A2,MD G,FOT,1,0.604,0.33
2186,G,A2,MD G,FOT,2,0.604,0.33
2187,G,A2,MD G,FOT,3,0.604,0.33
2212,G,A2,MD Sh,FOT,0,0.604,0.33
2213,G,A2,MD Sh,FOT,1,0.604,0.33
2214,G,A2,MD Sh,FOT,2,0.604,0.33
2215,G,A2,MD Sh,FOT,3,0.604,0.33
2256,G,A2,LD G,FOT,0,0.604,0.33
2257,G,A2,LD G,FOT,1,0.604,0.33
2258,G,A2,LD G,FOT,2,0.604,0.33
2259,G,A2,LD G,FOT,3,0.604,0.33
2272,G,A2,LD Sh,FOT,0,0.604,0.33
2273,G,A2,LD Sh,FOT,1,0.604,0.33
2274,G,A2,LD Sh,FOT,2,0.604,0.33
2275,G,A2,LD Sh,FOT,3,0.604,0.33
1436,G,A2,Sh,MD Sh%,0,0.377,0.329
1437,G,A2,Sh,MD Sh%,1,0.377,0.329
1438,G,A2,Sh,MD Sh%,2,0.377,0.329
1439,G,A2,Sh,MD Sh%,3,0.377,0.329
292,G,A1,Sh,P1/GP,0,-0.364,0.329
293,G,A1,Sh,P1/GP,1,-0.364,0.329
294,G,A1,Sh,P1/GP,2,-0.364,0.329
295,G,A1,Sh,P1/GP,3,-0.364,0.329
1932,G,A2,Sh/GP,FOT,0,-0.417,0.327
1933,G,A2,Sh/GP,FOT,1,-0.417,0.327
1934,G,A2,Sh/GP,FOT,2,-0.417,0.327
1935,G,A2,Sh/GP,FOT,3,-0.417,0.327
456,G,A1,G/GP,Sh/GP,0,-0.365,0.325
457,G,A1,G/GP,Sh/GP,1,-0.365,0.325
458,G,A1,G/GP,Sh/GP,2,-0.365,0.325
459,G,A1,G/GP,Sh/GP,3,-0.365,0.325
100,G,A1,P1,Sh,0,-0.359,0.323
101,G,A1,P1,Sh,1,-0.359,0.323
102,G,A1,P1,Sh,2,-0.359,0.323
103,G,A1,P1,Sh,3,-0.359,0.323
1608,G,A2,G/GP,FOW,0,-0.325,0.322
1609,G,A2,G/GP,FOW,1,-0.325,0.322
1610,G,A2,G/GP,FOW,2,-0.325,0.322
1611,G,A2,G/GP,FOW,3,-0.325,0.322
392,G,A1,Sh%,HD G,0,-0.279,0.32
393,G,A1,Sh%,HD G,1,-0.279,0.32
394,G,A1,Sh%,HD G,2,-0.279,0.32
395,G,A1,Sh%,HD G,3,-0.279,0.32
788,G,A1,Sh/GP,HD G,0,-0.345,0.319
789,G,A1,Sh/GP,HD G,1,-0.345,0.319
790,G,A1,Sh/GP,HD G,2,-0.345,0.319
791,G,A1,Sh/GP,HD G,3,-0.345,0.319
792,G,A1,Sh/GP,HD Sh,0,-0.345,0.319
793,G,A1,Sh/GP,HD Sh,1,-0.345,0.319
794,G,A1,Sh/GP,HD Sh,2,-0.345,0.319
795,G,A1,Sh/GP,HD Sh,3,-0.345,0.319
800,G,A1,Sh/GP,MD G,0,-0.345,0.319
801,G,A1,Sh/GP,MD G,1,-0.345,0.319
802,G,A1,Sh/GP,MD G,2,-0.345,0.319
803,G,A1,Sh/GP,MD G,3,-0.345,0.319
804,G,A1,Sh/GP,MD Sh,0,-0.345,0.319
805,G,A1,Sh/GP,MD Sh,1,-0.345,0.319
806,G,A1,Sh/GP,MD Sh,2,-0.345,0.319
807,G,A1,Sh/GP,MD Sh,3,-0.345,0.319
812,G,A1,Sh/GP,LD G,0,-0.345,0.319
813,G,A1,Sh/GP,LD G,1,-0.345,0.319
814,G,A1,Sh/GP,LD G,2,-0.345,0.319
815,G,A1,Sh/GP,LD G,3,-0.345,0.319
816,G,A1,Sh/GP,LD Sh,0,-0.345,0.319
817,G,A1,Sh/GP,LD Sh,1,-0.345,0.319
818,G,A1,Sh/GP,LD Sh,2,-0.345,0.319
819,G,A1,Sh/GP,LD Sh,3,-0.345,0.319
1180,G,A1,LD Sh%,FOT,0,0.627,0.317
1181,G,A1,LD Sh%,FOT,1,0.627,0.317
1182,G,A1,LD Sh%,FOT,2,0.627,0.317
1183,G,A1,LD Sh%,FOT,3,0.627,0.317
1572,G,A2,G/GP,HD G,0,0.372,0.316
1573,G,A2,G/GP,HD G,1,0.372,0.316
1574,G,A2,G/GP,HD G,2,0.372,0.316
1575,G,A2,G/GP,HD G,3,0.372,0.316
1576,G,A2,G/GP,HD Sh,0,0.372,0.316
1577,G,A2,G/GP,HD Sh,1,0.372,0.316
1578,G,A2,G/GP,HD Sh,2,0.372,0.316
1579,G,A2,G/GP,HD Sh,3,0.372,0.316
1584,G,A2,G/GP,MD G,0,0.372,0.316
1585,G,A2,G/GP,MD G,1,0.372,0.316
1586,G,A2,G/GP,MD G,2,0.372,0.316
1587,G,A2,G/GP,MD G,3,0.372,0.316
1588,G,A2,G/GP,MD Sh,0,0.372,0.316
1589,G,A2,G/GP,MD Sh,1,0.372,0.316
1590,G,A2,G/GP,MD Sh,2,0.372,0.316
1591,G,A2,G/GP,MD Sh,3,0.372,0.316
1596,G,A2,G/GP,LD G,0,0.372,0.316
1597,G,A2,G/GP,LD G,1,0.372,0.316
1598,G,A2,G/GP,LD G,2,0.372,0.316
1599,G,A2,G/GP,LD G,3,0.372,0.316
1600,G,A2,G/GP,LD Sh,0,0.372,0.316
1601,G,A2,G/GP,LD Sh,1,0.372,0.316
1602,G,A2,G/GP,LD Sh,2,0.372,0.316
1603,G,A2,G/GP,LD Sh,3,0.372,0.316
2228,G,A2,MD Sh%,LD Sh%,0,-0.354,0.316
2229,G,A2,MD Sh%,LD Sh%,1,-0.354,0.316
2230,G,A2,MD Sh%,LD Sh%,2,-0.354,0.316
2231,G,A2,MD Sh%,LD Sh%,3,-0.354,0.316
796,G,A1,Sh/GP,HD Sh%,0,-0.398,0.316
797,G,A1,Sh/GP,HD Sh%,1,-0.398,0.316
798,G,A1,Sh/GP,HD Sh%,2,-0.398,0.316
799,G,A1,Sh/GP,HD Sh%,3,-0.398,0.316
1188,G,A1,FOW,FOT,0,-0.436,0.315
1189,G,A1,FOW,FOT,1,-0.436,0.315
1190,G,A1,FOW,FOT,2,-0.436,0.315
1191,G,A1,FOW,FOT,3,-0.436,0.315
1452,G,A2,Sh,FOW,0,-0.37,0.313
1453,G,A2,Sh,FOW,1,-0.37,0.313
1454,G,A2,Sh,FOW,2,-0.37,0.313
1455,G,A2,Sh,FOW,3,-0.37,0.313
1980,G,A2,xG,FOW,0,0.607,0.311
1981,G,A2,xG,FOW,1,0.607,0.311
1982,G,A2,xG,FOW,2,0.607,0.311
1983,G,A2,xG,FOW,3,0.607,0.311
408,G,A1,Sh%,MD Sh,0,-0.289,0.311
409,G,A1,Sh%,MD Sh,1,-0.289,0.311
410,G,A1,Sh%,MD Sh,2,-0.289,0.311
411,G,A1,Sh%,MD Sh,3,-0.289,0.311
1040,G,A1,HD Sh%,LD Sh%,0,-0.38,0.311
1041,G,A1,HD Sh%,LD Sh%,1,-0.38,0.311
1042,G,A1,HD Sh%,LD Sh%,2,-0.38,0.311
1043,G,A1,HD Sh%,LD Sh%,3,-0.38,0.311
1308,G,A2,P,A2/GP,0,0.427,0.307
1309,G,A2,P,A2/GP,1,0.427,0.307
1310,G,A2,P,A2/GP,2,0.427,0.307
1311,G,A2,P,A2/GP,3,0.427,0.307
1772,G,A2,P1/GP,xG/GP,0,0.369,0.307
1773,G,A2,P1/GP,xG/GP,1,0.369,0.307
1774,G,A2,P1/GP,xG/GP,2,0.369,0.307
1775,G,A2,P1/GP,xG/GP,3,0.369,0.307
1700,G,A2,A2/GP,Sh/GP,0,0.477,0.305
1701,G,A2,A2/GP,Sh/GP,1,0.477,0.305
1702,G,A2,A2/GP,Sh/GP,2,0.477,0.305
1703,G,A2,A2/GP,Sh/GP,3,0.477,0.305
1220,G,A2,P1,A2/GP,0,0.429,0.3
1221,G,A2,P1,A2/GP,1,0.429,0.3
1222,G,A2,P1,A2/GP,2,0.429,0.3
1223,G,A2,P1,A2/GP,3,0.429,0.3
1412,G,A2,Sh,xG/GP,0,-0.369,0.294
1413,G,A2,Sh,xG/GP,1,-0.369,0.294
1414,G,A2,Sh,xG/GP,2,-0.369,0.294
1415,G,A2,Sh,xG/GP,3,-0.369,0.294
972,G,A1,HD G,FOT,0,-0.385,0.293
973,G,A1,HD G,FOT,1,-0.385,0.293
974,G,A1,HD G,FOT,2,-0.385,0.293
975,G,A1,HD G,FOT,3,-0.385,0.293
1012,G,A1,HD Sh,FOT,0,-0.385,0.293
1013,G,A1,HD Sh,FOT,1,-0.385,0.293
1014,G,A1,HD Sh,FOT,2,-0.385,0.293
1015,G,A1,HD Sh,FOT,3,-0.385,0.293
1080,G,A1,MD G,FOT,0,-0.385,0.293
1081,G,A1,MD G,FOT,1,-0.385,0.293
1082,G,A1,MD G,FOT,2,-0.385,0.293
1083,G,A1,MD G,FOT,3,-0.385,0.293
1108,G,A1,MD Sh,FOT,0,-0.385,0.293
1109,G,A1,MD Sh,FOT,1,-0.385,0.293
1110,G,A1,MD Sh,FOT,2,-0.385,0.293
1111,G,A1,MD Sh,FOT,3,-0.385,0.293
1152,G,A1,LD G,FOT,0,-0.385,0.293
1153,G,A1,LD G,FOT,1,-0.385,0.293
1154,G,A1,LD G,FOT,2,-0.385,0.293
1155,G,A1,LD G,FOT,3,-0.385,0.293
1168,G,A1,LD Sh,FOT,0,-0.385,0.293
1169,G,A1,LD Sh,FOT,1,-0.385,0.293
1170,G,A1,LD Sh,FOT,2,-0.385,0.293
1171,G,A1,LD Sh,FOT,3,-0.385,0.293
1400,G,A2,Sh,P/GP,0,0.365,0.292
1401,G,A2,Sh,P/GP,1,0.365,0.292
1402,G,A2,Sh,P/GP,2,0.365,0.292
1403,G,A2,Sh,P/GP,3,0.365,0.292
452,G,A1,G/GP,P/GP,0,-0.33,0.292
453,G,A1,G/GP,P/GP,1,-0.33,0.292
454,G,A1,G/GP,P/GP,2,-0.33,0.292
455,G,A1,G/GP,P/GP,3,-0.33,0.292
1456,G,A2,Sh,FOT,0,0.696,0.291
1457,G,A2,Sh,FOT,1,0.696,0.291
1458,G,A2,Sh,FOT,2,0.696,0.291
1459,G,A2,Sh,FOT,3,0.696,0.291
680,G,A1,P1/GP,HD Sh%,0,-0.428,0.288
681,G,A1,P1/GP,HD Sh%,1,-0.428,0.288
682,G,A1,P1/GP,HD Sh%,2,-0.428,0.288
683,G,A1,P1/GP,HD Sh%,3,-0.428,0.288
1516,G,A2,Sh%,MD Sh%,0,-0.303,0.286
1517,G,A2,Sh%,MD Sh%,1,-0.303,0.286
1518,G,A2,Sh%,MD Sh%,2,-0.303,0.286
1519,G,A2,Sh%,MD Sh%,3,-0.303,0.286
284,G,A1,Sh,A1/GP,0,-0.358,0.285
285,G,A1,Sh,A1/GP,1,-0.358,0.285
286,G,A1,Sh,A1/GP,2,-0.358,0.285
287,G,A1,Sh,A1/GP,3,-0.358,0.285
1368,G,A2,P,FOW,0,0.643,0.279
1369,G,A2,P,FOW,1,0.643,0.279
1370,G,A2,P,FOW,2,0.643,0.279
1371,G,A2,P,FOW,3,0.643,0.279
1812,G,A2,P1/GP,FOW,0,0.643,0.279
1813,G,A2,P1/GP,FOW,1,0.643,0.279
1814,G,A2,P1/GP,FOW,2,0.643,0.279
1815,G,A2,P1/GP,FOW,3,0.643,0.279
1044,G,A1,HD Sh%,FOW,0,-0.398,0.279
1045,G,A1,HD Sh%,FOW,1,-0.398,0.279
1046,G,A1,HD Sh%,FOW,2,-0.398,0.279
1047,G,A1,HD Sh%,FOW,3,-0.398,0.279
1892,G,A2,Sh/GP,HD G,0,0.359,0.277
1893,G,A2,Sh/GP,HD G,1,0.359,0.277
1894,G,A2,Sh/GP,HD G,2,0.359,0.277
1895,G,A2,Sh/GP,HD G,3,0.359,0.277
1896,G,A2,Sh/GP,HD Sh,0,0.359,0.277
1897,G,A2,Sh/GP,HD Sh,1,0.359,0.277
1898,G,A2,Sh/GP,HD Sh,2,0.359,0.277
1899,G,A2,Sh/GP,HD Sh,3,0.359,0.277
1904,G,A2,Sh/GP,MD G,0,0.359,0.277
1905,G,A2,Sh/GP,MD G,1,0.359,0.277
1906,G,A2,Sh/GP,MD G,2,0.359,0.277
1907,G,A2,Sh/GP,MD G,3,0.359,0.277
1908,G,A2,Sh/GP,MD Sh,0,0.359,0.277
1909,G,A2,Sh/GP,MD Sh,1,0.359,0.277
1910,G,A2,Sh/GP,MD Sh,2,0.359,0.277
1911,G,A2,Sh/GP,MD Sh,3,0.359,0.277
1916,G,A2,Sh/GP,LD G,0,0.359,0.277
1917,G,A2,Sh/GP,LD G,1,0.359,0.277
1918,G,A2,Sh/GP,LD G,2,0.359,0.277
1919,G,A2,Sh/GP,LD G,3,0.359,0.277
1920,G,A2,Sh/GP,LD Sh,0,0.359,0.277
1921,G,A2,Sh/GP,LD Sh,1,0.359,0.277
1922,G,A2,Sh/GP,LD Sh,2,0.359,0.277
1923,G,A2,Sh/GP,LD Sh,3,0.359,0.277
1048,G,A1,HD Sh%,FOT,0,-0.401,0.274
1049,G,A1,HD Sh%,FOT,1,-0.401,0.274
1050,G,A1,HD Sh%,FOT,2,-0.401,0.274
1051,G,A1,HD Sh%,FOT,3,-0.401,0.274
560,G,A1,A1/GP,MD Sh%,0,-0.294,0.272
561,G,A1,A1/GP,MD Sh%,1,-0.294,0.272
562,G,A1,A1/GP,MD Sh%,2,-0.294,0.272
563,G,A1,A1/GP,MD Sh%,3,-0.294,0.272
1396,G,A2,Sh,P1/GP,0,0.359,0.271
1397,G,A2,Sh,P1/GP,1,0.359,0.271
1398,G,A2,Sh,P1/GP,2,0.359,0.271
1399,G,A2,Sh,P1/GP,3,0.359,0.271
1320,G,A2,P,Sh/GP,0,0.371,0.264
1321,G,A2,P,Sh/GP,1,0.371,0.264
1322,G,A2,P,Sh/GP,2,0.371,0.264
1323,G,A2,P,Sh/GP,3,0.371,0.264
1828,G,A2,P/GP,xG,0,0.371,0.264
1829,G,A2,P/GP,xG,1,0.371,0.264
1830,G,A2,P/GP,xG,2,0.371,0.264
1831,G,A2,P/GP,xG,3,0.371,0.264
288,G,A1,Sh,A2/GP,0,-0.388,0.263
289,G,A1,Sh,A2/GP,1,-0.388,0.263
290,G,A1,Sh,A2/GP,2,-0.388,0.263
291,G,A1,Sh,A2/GP,3,-0.388,0.263
752,G,A1,P/GP,MD Sh%,0,-0.283,0.262
753,G,A1,P/GP,MD Sh%,1,-0.283,0.262
754,G,A1,P/GP,MD Sh%,2,-0.283,0.262
755,G,A1,P/GP,MD Sh%,3,-0.283,0.262
1136,G,A1,MD Sh%,FOW%,0,-0.339,0.262
1137,G,A1,MD Sh%,FOW%,1,-0.339,0.262
1138,G,A1,MD Sh%,FOW%,2,-0.339,0.262
1139,G,A1,MD Sh%,FOW%,3,-0.339,0.262
784,G,A1,Sh/GP,xG/GP,0,-0.349,0.262
785,G,A1,Sh/GP,xG/GP,1,-0.349,0.262
786,G,A1,Sh/GP,xG/GP,2,-0.349,0.262
787,G,A1,Sh/GP,xG/GP,3,-0.349,0.262
1424,G,A2,Sh,HD Sh%,0,-0.358,0.262
1425,G,A2,Sh,HD Sh%,1,-0.358,0.262
1426,G,A2,Sh,HD Sh%,2,-0.358,0.262
1427,G,A2,Sh,HD Sh%,3,-0.358,0.262
148,G,A1,P1,HD Sh%,0,-0.389,0.261
149,G,A1,P1,HD Sh%,1,-0.389,0.261
150,G,A1,P1,HD Sh%,2,-0.389,0.261
151,G,A1,P1,HD Sh%,3,-0.389,0.261
1484,G,A2,Sh%,Sh/GP,0,0.511,0.259
1485,G,A2,Sh%,Sh/GP,1,0.511,0.259
1486,G,A2,Sh%,Sh/GP,2,0.511,0.259
1487,G,A2,Sh%,Sh/GP,3,0.511,0.259
1388,G,A2,Sh,A1/GP,0,0.375,0.259
1389,G,A2,Sh,A1/GP,1,0.375,0.259
1390,G,A2,Sh,A1/GP,2,0.375,0.259
1391,G,A2,Sh,A1/GP,3,0.375,0.259
1636,G,A2,A1/GP,xG,0,0.375,0.259
1637,G,A2,A1/GP,xG,1,0.375,0.259
1638,G,A2,A1/GP,xG,2,0.375,0.259
1639,G,A2,A1/GP,xG,3,0.375,0.259
952,G,A1,HD G,MD Sh%,0,-0.272,0.259
953,G,A1,HD G,MD Sh%,1,-0.272,0.259
954,G,A1,HD G,MD Sh%,2,-0.272,0.259
955,G,A1,HD G,MD Sh%,3,-0.272,0.259
992,G,A1,HD Sh,MD Sh%,0,-0.272,0.259
993,G,A1,HD Sh,MD Sh%,1,-0.272,0.259
994,G,A1,HD Sh,MD Sh%,2,-0.272,0.259
995,G,A1,HD Sh,MD Sh%,3,-0.272,0.259
1060,G,A1,MD G,MD Sh%,0,-0.272,0.259
1061,G,A1,MD G,MD Sh%,1,-0.272,0.259
1062,G,A1,MD G,MD Sh%,2,-0.272,0.259
1063,G,A1,MD G,MD Sh%,3,-0.272,0.259
1088,G,A1,MD Sh,MD Sh%,0,-0.272,0.259
1089,G,A1,MD Sh,MD Sh%,1,-0.272,0.259
1090,G,A1,MD Sh,MD Sh%,2,-0.272,0.259
1091,G,A1,MD Sh,MD Sh%,3,-0.272,0.259
1116,G,A1,MD Sh%,LD G,0,-0.272,0.259
1117,G,A1,MD Sh%,LD G,1,-0.272,0.259
1118,G,A1,MD Sh%,LD G,2,-0.272,0.259
1119,G,A1,MD Sh%,LD G,3,-0.272,0.259
1120,G,A1,MD Sh%,LD Sh,0,-0.272,0.259
1121,G,A1,MD Sh%,LD Sh,1,-0.272,0.259
1122,G,A1,MD Sh%,LD Sh,2,-0.272,0.259
1123,G,A1,MD Sh%,LD Sh,3,-0.272,0.259
628,G,A1,A2/GP,MD Sh%,0,-0.291,0.259
629,G,A1,A2/GP,MD Sh%,1,-0.291,0.259
630,G,A1,A2/GP,MD Sh%,2,-0.291,0.259
631,G,A1,A2/GP,MD Sh%,3,-0.291,0.259
68,G,A1,A2,MD Sh%,0,-0.297,0.258
69,G,A1,A2,MD Sh%,1,-0.297,0.258
70,G,A1,A2,MD Sh%,2,-0.297,0.258
71,G,A1,A2,MD Sh%,3,-0.297,0.258
1984,G,A2,xG,FOT,0,0.48,0.252
1985,G,A2,xG,FOT,1,0.48,0.252
1986,G,A2,xG,FOT,2,0.48,0.252
1987,G,A2,xG,FOT,3,0.48,0.252
692,G,A1,P1/GP,MD Sh%,0,-0.275,0.249
693,G,A1,P1/GP,MD Sh%,1,-0.275,0.249
694,G,A1,P1/GP,MD Sh%,2,-0.275,0.249
695,G,A1,P1/GP,MD Sh%,3,-0.275,0.249
720,G,A1,P/GP,Sh/GP,0,0.476,0.239
721,G,A1,P/GP,Sh/GP,1,0.476,0.239
722,G,A1,P/GP,Sh/GP,2,0.476,0.239
723,G,A1,P/GP,Sh/GP,3,0.476,0.239
1768,G,A2,P1/GP,xG,0,0.339,0.239
1769,G,A2,P1/GP,xG,1,0.339,0.239
1770,G,A2,P1/GP,xG,2,0.339,0.239
1771,G,A2,P1/GP,xG,3,0.339,0.239
1888,G,A2,Sh/GP,xG/GP,0,0.339,0.239
1889,G,A2,Sh/GP,xG/GP,1,0.339,0.239
1890,G,A2,Sh/GP,xG/GP,2,0.339,0.239
1891,G,A2,Sh/GP,xG/GP,3,0.339,0.239
1612,G,A2,G/GP,FOT,0,0.526,0.235
1613,G,A2,G/GP,FOT,1,0.526,0.235
1614,G,A2,G/GP,FOT,2,0.526,0.235
1615,G,A2,G/GP,FOT,3,0.526,0.235
344,G,A1,Sh,LD Sh%,0,0.39,0.234
345,G,A1,Sh,LD Sh%,1,0.39,0.234
346,G,A1,Sh,LD Sh%,2,0.39,0.234
347,G,A1,Sh,LD Sh%,3,0.39,0.234
1204,G,A2,P1,Sh,0,0.333,0.232
1205,G,A2,P1,Sh,1,0.333,0.232
1206,G,A2,P1,Sh,2,0.333,0.232
1207,G,A2,P1,Sh,3,0.333,0.232
1284,G,A2,P1,FOT,0,0.495,0.231
1285,G,A2,P1,FOT,1,0.495,0.231
1286,G,A2,P1,FOT,2,0.495,0.231
1287,G,A2,P1,FOT,3,0.495,0.231
332,G,A1,Sh,MD Sh%,0,-0.264,0.208
333,G,A1,Sh,MD Sh%,1,-0.264,0.208
334,G,A1,Sh,MD Sh%,2,-0.264,0.208
335,G,A1,Sh,MD Sh%,3,-0.264,0.208
1244,G,A2,P1,HD G,0,0.362,0.204
1245,G,A2,P1,HD G,1,0.362,0.204
1246,G,A2,P1,HD G,2,0.362,0.204
1247,G,A2,P1,HD G,3,0.362,0.204
1248,G,A2,P1,HD Sh,0,0.362,0.204
1249,G,A2,P1,HD Sh,1,0.362,0.204
1250,G,A2,P1,HD Sh,2,0.362,0.204
1251,G,A2,P1,HD Sh,3,0.362,0.204
1256,G,A2,P1,MD G,0,0.362,0.204
1257,G,A2,P1,MD G,1,0.362,0.204
1258,G,A2,P1,MD G,2,0.362,0.204
1259,G,A2,P1,MD G,3,0.362,0.204
1260,G,A2,P1,MD Sh,0,0.362,0.204
1261,G,A2,P1,MD Sh,1,0.362,0.204
1262,G,A2,P1,MD Sh,2,0.362,0.204
1263,G,A2,P1,MD Sh,3,0.362,0.204
1268,G,A2,P1,LD G,0,0.362,0.204
1269,G,A2,P1,LD G,1,0.362,0.204
1270,G,A2,P1,LD G,2,0.362,0.204
1271,G,A2,P1,LD G,3,0.362,0.204
1272,G,A2,P1,LD Sh,0,0.362,0.204
1273,G,A2,P1,LD Sh,1,0.362,0.204
1274,G,A2,P1,LD Sh,2,0.362,0.204
1275,G,A2,P1,LD Sh,3,0.362,0.204
1332,G,A2,P,HD G,0,0.362,0.204
1333,G,A2,P,HD G,1,0.362,0.204
1334,G,A2,P,HD G,2,0.362,0.204
1335,G,A2,P,HD G,3,0.362,0.204
1336,G,A2,P,HD Sh,0,0.362,0.204
1337,G,A2,P,HD Sh,1,0.362,0.204
1338,G,A2,P,HD Sh,2,0.362,0.204
1339,G,A2,P,HD Sh,3,0.362,0.204
1344,G,A2,P,MD G,0,0.362,0.204
1345,G,A2,P,MD G,1,0.362,0.204
1346,G,A2,P,MD G,2,0.362,0.204
1347,G,A2,P,MD G,3,0.362,0.204
1348,G,A2,P,MD Sh,0,0.362,0.204
1349,G,A2,P,MD Sh,1,0.362,0.204
1350,G,A2,P,MD Sh,2,0.362,0.204
1351,G,A2,P,MD Sh,3,0.362,0.204
1356,G,A2,P,LD G,0,0.362,0.204
1357,G,A2,P,LD G,1,0.362,0.204
1358,G,A2,P,LD G,2,0.362,0.204
1359,G,A2,P,LD G,3,0.362,0.204
1360,G,A2,P,LD Sh,0,0.362,0.204
1361,G,A2,P,LD Sh,1,0.362,0.204
1362,G,A2,P,LD Sh,2,0.362,0.204
1363,G,A2,P,LD Sh,3,0.362,0.204
908,G,A1,xG/GP,MD Sh%,0,-0.25,0.204
909,G,A1,xG/GP,MD Sh%,1,-0.25,0.204
910,G,A1,xG/GP,MD Sh%,2,-0.25,0.204
911,G,A1,xG/GP,MD Sh%,3,-0.25,0.204
304,G,A1,Sh,xG,0,-0.321,0.202
305,G,A1,Sh,xG,1,-0.321,0.202
306,G,A1,Sh,xG,2,-0.321,0.202
307,G,A1,Sh,xG,3,-0.321,0.202
1416,G,A2,Sh,HD G,0,0.346,0.199
1417,G,A2,Sh,HD G,1,0.346,0.199
1418,G,A2,Sh,HD G,2,0.346,0.199
1419,G,A2,Sh,HD G,3,0.346,0.199
1420,G,A2,Sh,HD Sh,0,0.346,0.199
1421,G,A2,Sh,HD Sh,1,0.346,0.199
1422,G,A2,Sh,HD Sh,2,0.346,0.199
1423,G,A2,Sh,HD Sh,3,0.346,0.199
1428,G,A2,Sh,MD G,0,0.346,0.199
1429,G,A2,Sh,MD G,1,0.346,0.199
1430,G,A2,Sh,MD G,2,0.346,0.199
1431,G,A2,Sh,MD G,3,0.346,0.199
1432,G,A2,Sh,MD Sh,0,0.346,0.199
1433,G,A2,Sh,MD Sh,1,0.346,0.199
1434,G,A2,Sh,MD Sh,2,0.346,0.199
1435,G,A2,Sh,MD Sh,3,0.346,0.199
1440,G,A2,Sh,LD G,0,0.346,0.199
1441,G,A2,Sh,LD G,1,0.346,0.199
1442,G,A2,Sh,LD G,2,0.346,0.199
1443,G,A2,Sh,LD G,3,0.346,0.199
1444,G,A2,Sh,LD Sh,0,0.346,0.199
1445,G,A2,Sh,LD Sh,1,0.346,0.199
1446,G,A2,Sh,LD Sh,2,0.346,0.199
1447,G,A2,Sh,LD Sh,3,0.346,0.199
1324,G,A2,P,xG,0,0.334,0.191
1325,G,A2,P,xG,1,0.334,0.191
1326,G,A2,P,xG,2,0.334,0.191
1327,G,A2,P,xG,3,0.334,0.191
540,G,A1,A1/GP,HD G,0,0.342,0.181
541,G,A1,A1/GP,HD G,1,0.342,0.181
542,G,A1,A1/GP,HD G,2,0.342,0.181
543,G,A1,A1/GP,HD G,3,0.342,0.181
544,G,A1,A1/GP,HD Sh,0,0.342,0.181
545,G,A1,A1/GP,HD Sh,1,0.342,0.181
546,G,A1,A1/GP,HD Sh,2,0.342,0.181
547,G,A1,A1/GP,HD Sh,3,0.342,0.181
552,G,A1,A1/GP,MD G,0,0.342,0.181
553,G,A1,A1/GP,MD G,1,0.342,0.181
554,G,A1,A1/GP,MD G,2,0.342,0.181
555,G,A1,A1/GP,MD G,3,0.342,0.181
556,G,A1,A1/GP,MD Sh,0,0.342,0.181
557,G,A1,A1/GP,MD Sh,1,0.342,0.181
558,G,A1,A1/GP,MD Sh,2,0.342,0.181
559,G,A1,A1/GP,MD Sh,3,0.342,0.181
564,G,A1,A1/GP,LD G,0,0.342,0.181
565,G,A1,A1/GP,LD G,1,0.342,0.181
566,G,A1,A1/GP,LD G,2,0.342,0.181
567,G,A1,A1/GP,LD G,3,0.342,0.181
568,G,A1,A1/GP,LD Sh,0,0.342,0.181
569,G,A1,A1/GP,LD Sh,1,0.342,0.181
570,G,A1,A1/GP,LD Sh,2,0.342,0.181
571,G,A1,A1/GP,LD Sh,3,0.342,0.181
1944,G,A2,xG,HD G,0,0.321,0.181
1945,G,A2,xG,HD G,1,0.321,0.181
1946,G,A2,xG,HD G,2,0.321,0.181
1947,G,A2,xG,HD G,3,0.321,0.181
1948,G,A2,xG,HD Sh,0,0.321,0.181
1949,G,A2,xG,HD Sh,1,0.321,0.181
1950,G,A2,xG,HD Sh,2,0.321,0.181
1951,G,A2,xG,HD Sh,3,0.321,0.181
1956,G,A2,xG,MD G,0,0.321,0.181
1957,G,A2,xG,MD G,1,0.321,0.181
1958,G,A2,xG,MD G,2,0.321,0.181
1959,G,A2,xG,MD G,3,0.321,0.181
1960,G,A2,xG,MD Sh,0,0.321,0.181
1961,G,A2,xG,MD Sh,1,0.321,0.181
1962,G,A2,xG,MD Sh,2,0.321,0.181
1963,G,A2,xG,MD Sh,3,0.321,0.181
1968,G,A2,xG,LD G,0,0.321,0.181
1969,G,A2,xG,LD G,1,0.321,0.181
1970,G,A2,xG,LD G,2,0.321,0.181
1971,G,A2,xG,LD G,3,0.321,0.181
1972,G,A2,xG,LD Sh,0,0.321,0.181
1973,G,A2,xG,LD Sh,1,0.321,0.181
1974,G,A2,xG,LD Sh,2,0.321,0.181
1975,G,A2,xG,LD Sh,3,0.321,0.181
468,G,A1,G/GP,HD G,0,0.337,0.177
469,G,A1,G/GP,HD G,1,0.337,0.177
470,G,A1,G/GP,HD G,2,0.337,0.177
471,G,A1,G/GP,HD G,3,0.337,0.177
472,G,A1,G/GP,HD Sh,0,0.337,0.177
473,G,A1,G/GP,HD Sh,1,0.337,0.177
474,G,A1,G/GP,HD Sh,2,0.337,0.177
475,G,A1,G/GP,HD Sh,3,0.337,0.177
480,G,A1,G/GP,MD G,0,0.337,0.177
481,G,A1,G/GP,MD G,1,0.337,0.177
482,G,A1,G/GP,MD G,2,0.337,0.177
483,G,A1,G/GP,MD G,3,0.337,0.177
484,G,A1,G/GP,MD Sh,0,0.337,0.177
485,G,A1,G/GP,MD Sh,1,0.337,0.177
486,G,A1,G/GP,MD Sh,2,0.337,0.177
487,G,A1,G/GP,MD Sh,3,0.337,0.177
492,G,A1,G/GP,LD G,0,0.337,0.177
493,G,A1,G/GP,LD G,1,0.337,0.177
494,G,A1,G/GP,LD G,2,0.337,0.177
495,G,A1,G/GP,LD G,3,0.337,0.177
496,G,A1,G/GP,LD Sh,0,0.337,0.177
497,G,A1,G/GP,LD Sh,1,0.337,0.177
498,G,A1,G/GP,LD Sh,2,0.337,0.177
499,G,A1,G/GP,LD Sh,3,0.337,0.177
108,G,A1,P1,G/GP,0,0.301,0.156
109,G,A1,P1,G/GP,1,0.301,0.156
110,G,A1,P1,G/GP,2,0.301,0.156
111,G,A1,P1,G/GP,3,0.301,0.156
300,G,A1,Sh,Sh/GP,0,-0.265,0.156
301,G,A1,Sh,Sh/GP,1,-0.265,0.156
302,G,A1,Sh,Sh/GP,2,-0.265,0.156
303,G,A1,Sh,Sh/GP,3,-0.265,0.156
1028,G,A1,HD Sh%,MD Sh%,0,-0.306,0.146
1029,G,A1,HD Sh%,MD Sh%,1,-0.306,0.146
1030,G,A1,HD Sh%,MD Sh%,2,-0.306,0.146
1031,G,A1,HD Sh%,MD Sh%,3,-0.306,0.146
940,G,A1,HD G,HD Sh%,0,0.296,0.141
941,G,A1,HD G,HD Sh%,1,0.296,0.141
942,G,A1,HD G,HD Sh%,2,0.296,0.141
943,G,A1,HD G,HD Sh%,3,0.296,0.141
980,G,A1,HD Sh,HD Sh%,0,0.296,0.141
981,G,A1,HD Sh,HD Sh%,1,0.296,0.141
982,G,A1,HD Sh,HD Sh%,2,0.296,0.141
983,G,A1,HD Sh,HD Sh%,3,0.296,0.141
1020,G,A1,HD Sh%,MD G,0,0.296,0.141
1021,G,A1,HD Sh%,MD G,1,0.296,0.141
1022,G,A1,HD Sh%,MD G,2,0.296,0.141
1023,G,A1,HD Sh%,MD G,3,0.296,0.141
1024,G,A1,HD Sh%,MD Sh,0,0.296,0.141
1025,G,A1,HD Sh%,MD Sh,1,0.296,0.141
1026,G,A1,HD Sh%,MD Sh,2,0.296,0.141
1027,G,A1,HD Sh%,MD Sh,3,0.296,0.141
1032,G,A1,HD Sh%,LD G,0,0.296,0.141
1033,G,A1,HD Sh%,LD G,1,0.296,0.141
1034,G,A1,HD Sh%,LD G,2,0.296,0.141
1035,G,A1,HD Sh%,LD G,3,0.296,0.141
1036,G,A1,HD Sh%,LD Sh,0,0.296,0.141
1037,G,A1,HD Sh%,LD Sh,1,0.296,0.141
1038,G,A1,HD Sh%,LD Sh,2,0.296,0.141
1039,G,A1,HD Sh%,LD Sh,3,0.296,0.141
1884,G,A2,Sh/GP,xG,0,0.317,0.139
1885,G,A2,Sh/GP,xG,1,0.317,0.139
1886,G,A2,Sh/GP,xG,2,0.317,0.139
1887,G,A2,Sh/GP,xG,3,0.317,0.139
1564,G,A2,G/GP,xG,0,0.299,0.138
1565,G,A2,G/GP,xG,1,0.299,0.138
1566,G,A2,G/GP,xG,2,0.299,0.138
1567,G,A2,G/GP,xG,3,0.299,0.138
1752,G,A2,A2/GP,FOT,0,0.494,0.137
1753,G,A2,A2/GP,FOT,1,0.494,0.137
1754,G,A2,A2/GP,FOT,2,0.494,0.137
1755,G,A2,A2/GP,FOT,3,0.494,0.137
236,G,A1,P,HD Sh%,0,-0.308,0.134
237,G,A1,P,HD Sh%,1,-0.308,0.134
238,G,A1,P,HD Sh%,2,-0.308,0.134
239,G,A1,P,HD Sh%,3,-0.308,0.134
2296,G,A2,FOW,FOW%,0,-0.216,0.128
2297,G,A2,FOW,FOW%,1,-0.216,0.128
2298,G,A2,FOW,FOW%,2,-0.216,0.128
2299,G,A2,FOW,FOW%,3,-0.216,0.128
112,G,A1,P1,A1/GP,0,0.238,0.127
113,G,A1,P1,A1/GP,1,0.238,0.127
114,G,A1,P1,A1/GP,2,0.238,0.127
115,G,A1,P1,A1/GP,3,0.238,0.127
764,G,A1,P/GP,LD Sh%,0,0.25,0.125
765,G,A1,P/GP,LD Sh%,1,0.25,0.125
766,G,A1,P/GP,LD Sh%,2,0.25,0.125
767,G,A1,P/GP,LD Sh%,3,0.25,0.125
1392,G,A2,Sh,A2/GP,0,0.284,0.123
1393,G,A2,Sh,A2/GP,1,0.284,0.123
1394,G,A2,Sh,A2/GP,2,0.284,0.123
1395,G,A2,Sh,A2/GP,3,0.284,0.123
1744,G,A2,A2/GP,LD Sh%,0,0.272,0.117
1745,G,A2,A2/GP,LD Sh%,1,0.272,0.117
1746,G,A2,A2/GP,LD Sh%,2,0.272,0.117
1747,G,A2,A2/GP,LD Sh%,3,0.272,0.117
248,G,A1,P,MD Sh%,0,-0.328,0.117
249,G,A1,P,MD Sh%,1,-0.328,0.117
250,G,A1,P,MD Sh%,2,-0.328,0.117
251,G,A1,P,MD Sh%,3,-0.328,0.117
328,G,A1,Sh,MD Sh,0,0.184,0.115
329,G,A1,Sh,MD Sh,1,0.184,0.115
330,G,A1,Sh,MD Sh,2,0.184,0.115
331,G,A1,Sh,MD Sh,3,0.184,0.115
2236,G,A2,MD Sh%,FOT,0,-0.228,0.115
2237,G,A2,MD Sh%,FOT,1,-0.228,0.115
2238,G,A2,MD Sh%,FOT,2,-0.228,0.115
2239,G,A2,MD Sh%,FOT,3,-0.228,0.115
2300,G,A2,FOT,FOW%,0,0.39,0.111
2301,G,A2,FOT,FOW%,1,0.39,0.111
2302,G,A2,FOT,FOW%,2,0.39,0.111
2303,G,A2,FOT,FOW%,3,0.39,0.111
884,G,A1,xG,FOW%,0,0.188,0.108
885,G,A1,xG,FOW%,1,0.188,0.108
886,G,A1,xG,FOW%,2,0.188,0.108
887,G,A1,xG,FOW%,3,0.188,0.108
2240,G,A2,MD Sh%,FOW%,0,-0.209,0.104
2241,G,A2,MD Sh%,FOW%,1,-0.209,0.104
2242,G,A2,MD Sh%,FOW%,2,-0.209,0.104
2243,G,A2,MD Sh%,FOW%,3,-0.209,0.104
1124,G,A1,MD Sh%,LD Sh%,0,-0.315,0.1
1125,G,A1,MD Sh%,LD Sh%,1,-0.315,0.1
1126,G,A1,MD Sh%,LD Sh%,2,-0.315,0.1
1127,G,A1,MD Sh%,LD Sh%,3,-0.315,0.1
520,G,A1,A1/GP,P1/GP,0,0.229,0.089
521,G,A1,A1/GP,P1/GP,1,0.229,0.089
522,G,A1,A1/GP,P1/GP,2,0.229,0.089
523,G,A1,A1/GP,P1/GP,3,0.229,0.089
488,G,A1,G/GP,MD Sh%,0,-0.303,0.086
489,G,A1,G/GP,MD Sh%,1,-0.303,0.086
490,G,A1,G/GP,MD Sh%,2,-0.303,0.086
491,G,A1,G/GP,MD Sh%,3,-0.303,0.086
932,G,A1,xG/GP,FOW%,0,0.173,0.085
933,G,A1,xG/GP,FOW%,1,0.173,0.085
934,G,A1,xG/GP,FOW%,2,0.173,0.085
935,G,A1,xG/GP,FOW%,3,0.173,0.085
2232,G,A2,MD Sh%,FOW,0,-0.27,0.083
2233,G,A2,MD Sh%,FOW,1,-0.27,0.083
2234,G,A2,MD Sh%,FOW,2,-0.27,0.083
2235,G,A2,MD Sh%,FOW,3,-0.27,0.083
528,G,A1,A1/GP,Sh/GP,0,0.18,0.081
529,G,A1,A1/GP,Sh/GP,1,0.18,0.081
530,G,A1,A1/GP,Sh/GP,2,0.18,0.081
531,G,A1,A1/GP,Sh/GP,3,0.18,0.081
708,G,A1,P1/GP,FOW,0,0.182,0.08
709,G,A1,P1/GP,FOW,1,0.182,0.08
710,G,A1,P1/GP,FOW,2,0.182,0.08
711,G,A1,P1/GP,FOW,3,0.182,0.08
444,G,A1,G/GP,A2/GP,0,0.25,0.076
445,G,A1,G/GP,A2/GP,1,0.25,0.076
446,G,A1,G/GP,A2/GP,2,0.25,0.076
447,G,A1,G/GP,A2/GP,3,0.25,0.076
1128,G,A1,MD Sh%,FOW,0,-0.264,0.075
1129,G,A1,MD Sh%,FOW,1,-0.264,0.075
1130,G,A1,MD Sh%,FOW,2,-0.264,0.075
1131,G,A1,MD Sh%,FOW,3,-0.264,0.075
1132,G,A1,MD Sh%,FOT,0,-0.264,0.075
1133,G,A1,MD Sh%,FOT,1,-0.264,0.075
1134,G,A1,MD Sh%,FOT,2,-0.264,0.075
1135,G,A1,MD Sh%,FOT,3,-0.264,0.075
808,G,A1,Sh/GP,MD Sh%,0,-0.291,0.075
809,G,A1,Sh/GP,MD Sh%,1,-0.291,0.075
810,G,A1,Sh/GP,MD Sh%,2,-0.291,0.075
811,G,A1,Sh/GP,MD Sh%,3,-0.291,0.075
860,G,A1,xG,MD Sh%,0,-0.291,0.075
861,G,A1,xG,MD Sh%,1,-0.291,0.075
862,G,A1,xG,MD Sh%,2,-0.291,0.075
863,G,A1,xG,MD Sh%,3,-0.291,0.075
1988,G,A2,xG,FOW%,0,0.159,0.073
1989,G,A2,xG,FOW%,1,0.159,0.073
1990,G,A2,xG,FOW%,2,0.159,0.073
1991,G,A2,xG,FOW%,3,0.159,0.073
2132,G,A2,HD Sh%,MD Sh%,0,-0.215,0.07
2133,G,A2,HD Sh%,MD Sh%,1,-0.215,0.07
2134,G,A2,HD Sh%,MD Sh%,2,-0.215,0.07
2135,G,A2,HD Sh%,MD Sh%,3,-0.215,0.07
2292,G,A2,FOW,FOT,0,-0.209,0.069
2293,G,A2,FOW,FOT,1,-0.209,0.069
2294,G,A2,FOW,FOT,2,-0.209,0.069
2295,G,A2,FOW,FOT,3,-0.209,0.069
876,G,A1,xG,FOW,0,0.142,0.068
877,G,A1,xG,FOW,1,0.142,0.068
878,G,A1,xG,FOW,2,0.142,0.068
879,G,A1,xG,FOW,3,0.142,0.068
2288,G,A2,LD Sh%,FOW%,0,0.154,0.065
2289,G,A2,LD Sh%,FOW%,1,0.154,0.065
2290,G,A2,LD Sh%,FOW%,2,0.154,0.065
2291,G,A2,LD Sh%,FOW%,3,0.154,0.065
276,G,A1,Sh,Sh%,0,0.192,0.058
277,G,A1,Sh,Sh%,1,0.192,0.058
278,G,A1,Sh,Sh%,2,0.192,0.058
279,G,A1,Sh,Sh%,3,0.192,0.058
244,G,A1,P,MD Sh,0,0.138,0.057
245,G,A1,P,MD Sh,1,0.138,0.057
246,G,A1,P,MD Sh,2,0.138,0.057
247,G,A1,P,MD Sh,3,0.138,0.057
608,G,A1,A2/GP,HD G,0,0.161,0.055
609,G,A1,A2/GP,HD G,1,0.161,0.055
610,G,A1,A2/GP,HD G,2,0.161,0.055
611,G,A1,A2/GP,HD G,3,0.161,0.055
612,G,A1,A2/GP,HD Sh,0,0.161,0.055
613,G,A1,A2/GP,HD Sh,1,0.161,0.055
614,G,A1,A2/GP,HD Sh,2,0.161,0.055
615,G,A1,A2/GP,HD Sh,3,0.161,0.055
620,G,A1,A2/GP,MD G,0,0.161,0.055
621,G,A1,A2/GP,MD G,1,0.161,0.055
622,G,A1,A2/GP,MD G,2,0.161,0.055
623,G,A1,A2/GP,MD G,3,0.161,0.055
624,G,A1,A2/GP,MD Sh,0,0.161,0.055
625,G,A1,A2/GP,MD Sh,1,0.161,0.055
626,G,A1,A2/GP,MD Sh,2,0.161,0.055
627,G,A1,A2/GP,MD Sh,3,0.161,0.055
632,G,A1,A2/GP,LD G,0,0.161,0.055
633,G,A1,A2/GP,LD G,1,0.161,0.055
634,G,A1,A2/GP,LD G,2,0.161,0.055
635,G,A1,A2/GP,LD G,3,0.161,0.055
636,G,A1,A2/GP,LD Sh,0,0.161,0.055
637,G,A1,A2/GP,LD Sh,1,0.161,0.055
638,G,A1,A2/GP,LD Sh,2,0.161,0.055
639,G,A1,A2/GP,LD Sh,3,0.161,0.055
1200,G,A2,P1,P,0,0.178,0.054
1201,G,A2,P1,P,1,0.178,0.054
1202,G,A2,P1,P,2,0.178,0.054
1203,G,A2,P1,P,3,0.178,0.054
1460,G,A2,Sh,FOW%,0,0.131,0.051
1461,G,A2,Sh,FOW%,1,0.131,0.051
1462,G,A2,Sh,FOW%,2,0.131,0.051
1463,G,A2,Sh,FOW%,3,0.131,0.051
168,G,A1,P1,LD Sh,0,0.134,0.05
169,G,A1,P1,LD Sh,1,0.134,0.05
170,G,A1,P1,LD Sh,2,0.134,0.05
171,G,A1,P1,LD Sh,3,0.134,0.05
968,G,A1,HD G,FOW,0,0.145,0.049
969,G,A1,HD G,FOW,1,0.145,0.049
970,G,A1,HD G,FOW,2,0.145,0.049
971,G,A1,HD G,FOW,3,0.145,0.049
1008,G,A1,HD Sh,FOW,0,0.145,0.049
1009,G,A1,HD Sh,FOW,1,0.145,0.049
1010,G,A1,HD Sh,FOW,2,0.145,0.049
1011,G,A1,HD Sh,FOW,3,0.145,0.049
1076,G,A1,MD G,FOW,0,0.145,0.049
1077,G,A1,MD G,FOW,1,0.145,0.049
1078,G,A1,MD G,FOW,2,0.145,0.049
1079,G,A1,MD G,FOW,3,0.145,0.049
1104,G,A1,MD Sh,FOW,0,0.145,0.049
1105,G,A1,MD Sh,FOW,1,0.145,0.049
1106,G,A1,MD Sh,FOW,2,0.145,0.049
1107,G,A1,MD Sh,FOW,3,0.145,0.049
1148,G,A1,LD G,FOW,0,0.145,0.049
1149,G,A1,LD G,FOW,1,0.145,0.049
1150,G,A1,LD G,FOW,2,0.145,0.049
1151,G,A1,LD G,FOW,3,0.145,0.049
1164,G,A1,LD Sh,FOW,0,0.145,0.049
1165,G,A1,LD Sh,FOW,1,0.145,0.049
1166,G,A1,LD Sh,FOW,2,0.145,0.049
1167,G,A1,LD Sh,FOW,3,0.145,0.049
1184,G,A1,LD Sh%,FOW%,0,0.118,0.049
1185,G,A1,LD Sh%,FOW%,1,0.118,0.049
1186,G,A1,LD Sh%,FOW%,2,0.118,0.049
1187,G,A1,LD Sh%,FOW%,3,0.118,0.049
724,G,A1,P/GP,xG,0,0.16,0.048
725,G,A1,P/GP,xG,1,0.16,0.048
726,G,A1,P/GP,xG,2,0.16,0.048
727,G,A1,P/GP,xG,3,0.16,0.048
1052,G,A1,HD Sh%,FOW%,0,0.27,0.046
1053,G,A1,HD Sh%,FOW%,1,0.27,0.046
1054,G,A1,HD Sh%,FOW%,2,0.27,0.046
1055,G,A1,HD Sh%,FOW%,3,0.27,0.046
220,G,A1,P,xG,0,0.158,0.046
221,G,A1,P,xG,1,0.158,0.046
222,G,A1,P,xG,2,0.158,0.046
223,G,A1,P,xG,3,0.158,0.046
1176,G,A1,LD Sh%,FOW,0,0.125,0.044
1177,G,A1,LD Sh%,FOW,1,0.125,0.044
1178,G,A1,LD Sh%,FOW,2,0.125,0.044
1179,G,A1,LD Sh%,FOW,3,0.125,0.044
24,G,A1,A2,A2/GP,0,0.178,0.043
25,G,A1,A2,A2/GP,1,0.178,0.043
26,G,A1,A2,A2/GP,2,0.178,0.043
27,G,A1,A2,A2/GP,3,0.178,0.043
896,G,A1,xG/GP,HD Sh%,0,0.131,0.043
897,G,A1,xG/GP,HD Sh%,1,0.131,0.043
898,G,A1,xG/GP,HD Sh%,2,0.131,0.043
899,G,A1,xG/GP,HD Sh%,3,0.131,0.043
116,G,A1,P1,A2/GP,0,0.162,0.042
117,G,A1,P1,A2/GP,1,0.162,0.042
118,G,A1,P1,A2/GP,2,0.162,0.042
119,G,A1,P1,A2/GP,3,0.162,0.042
500,G,A1,G/GP,LD Sh%,0,0.156,0.042
501,G,A1,G/GP,LD Sh%,1,0.156,0.042
502,G,A1,G/GP,LD Sh%,2,0.156,0.042
503,G,A1,G/GP,LD Sh%,3,0.156,0.042
44,G,A1,A2,xG/GP,0,0.154,0.042
45,G,A1,A2,xG/GP,1,0.154,0.042
46,G,A1,A2,xG/GP,2,0.154,0.042
47,G,A1,A2,xG/GP,3,0.154,0.042
2152,G,A2,HD Sh%,FOT,0,-0.185,0.041
2153,G,A2,HD Sh%,FOT,1,-0.185,0.041
2154,G,A2,HD Sh%,FOT,2,-0.185,0.041
2155,G,A2,HD Sh%,FOT,3,-0.185,0.041
924,G,A1,xG/GP,FOW,0,0.117,0.039
925,G,A1,xG/GP,FOW,1,0.117,0.039
926,G,A1,xG/GP,FOW,2,0.117,0.039
927,G,A1,xG/GP,FOW,3,0.117,0.039
1236,G,A2,P1,xG,0,0.147,0.037
1237,G,A2,P1,xG,1,0.147,0.037
1238,G,A2,P1,xG,2,0.147,0.037
1239,G,A2,P1,xG,3,0.147,0.037
712,G,A1,P1/GP,FOT,0,0.124,0.036
713,G,A1,P1/GP,FOT,1,0.124,0.036
714,G,A1,P1/GP,FOT,2,0.124,0.036
715,G,A1,P1/GP,FOT,3,0.124,0.036
848,G,A1,xG,HD Sh%,0,-0.182,0.036
849,G,A1,xG,HD Sh%,1,-0.182,0.036
850,G,A1,xG,HD Sh%,2,-0.182,0.036
851,G,A1,xG,HD Sh%,3,-0.182,0.036
1304,G,A2,P,A1/GP,0,0.15,0.034
1305,G,A2,P,A1/GP,1,0.15,0.034
1306,G,A2,P,A1/GP,2,0.15,0.034
1307,G,A2,P,A1/GP,3,0.15,0.034
2144,G,A2,HD Sh%,LD Sh%,0,0.121,0.034
2145,G,A2,HD Sh%,LD Sh%,1,0.121,0.034
2146,G,A2,HD Sh%,LD Sh%,2,0.121,0.034
2147,G,A2,HD Sh%,LD Sh%,3,0.121,0.034
1404,G,A2,Sh,Sh/GP,0,0.135,0.032
1405,G,A2,Sh,Sh/GP,1,0.135,0.032
1406,G,A2,Sh,Sh/GP,2,0.135,0.032
1407,G,A2,Sh,Sh/GP,3,0.135,0.032
476,G,A1,G/GP,HD Sh%,0,0.107,0.032
477,G,A1,G/GP,HD Sh%,1,0.107,0.032
478,G,A1,G/GP,HD Sh%,2,0.107,0.032
479,G,A1,G/GP,HD Sh%,3,0.107,0.032
160,G,A1,P1,MD Sh%,0,0.105,0.032
161,G,A1,P1,MD Sh%,1,0.105,0.032
162,G,A1,P1,MD Sh%,2,0.105,0.032
163,G,A1,P1,MD Sh%,3,0.105,0.032
668,G,A1,P1/GP,xG/GP,0,0.132,0.031
669,G,A1,P1/GP,xG/GP,1,0.132,0.031
670,G,A1,P1/GP,xG/GP,2,0.132,0.031
671,G,A1,P1/GP,xG/GP,3,0.132,0.031
12,G,A1,A2,Sh%,0,-0.099,0.031
13,G,A1,A2,Sh%,1,-0.099,0.031
14,G,A1,A2,Sh%,2,-0.099,0.031
15,G,A1,A2,Sh%,3,-0.099,0.031
660,G,A1,P1/GP,Sh/GP,0,0.113,0.03
661,G,A1,P1/GP,Sh/GP,1,0.113,0.03
662,G,A1,P1/GP,Sh/GP,2,0.113,0.03
663,G,A1,P1/GP,Sh/GP,3,0.113,0.03
348,G,A1,Sh,FOW,0,0.105,0.029
349,G,A1,Sh,FOW,1,0.105,0.029
350,G,A1,Sh,FOW,2,0.105,0.029
351,G,A1,Sh,FOW,3,0.105,0.029
432,G,A1,Sh%,FOT,0,0.095,0.029
433,G,A1,Sh%,FOT,1,0.095,0.029
434,G,A1,Sh%,FOT,2,0.095,0.029
435,G,A1,Sh%,FOT,3,0.095,0.029
1216,G,A2,P1,A1/GP,0,0.126,0.027
1217,G,A2,P1,A1/GP,1,0.126,0.027
1218,G,A2,P1,A1/GP,2,0.126,0.027
1219,G,A2,P1,A1/GP,3,0.126,0.027
320,G,A1,Sh,HD Sh%,0,0.089,0.027
321,G,A1,Sh,HD Sh%,1,0.089,0.027
322,G,A1,Sh,HD Sh%,2,0.089,0.027
323,G,A1,Sh,HD Sh%,3,0.089,0.027
1488,G,A2,Sh%,xG,0,-0.096,0.026
1489,G,A2,Sh%,xG,1,-0.096,0.026
1490,G,A2,Sh%,xG,2,-0.096,0.026
1491,G,A2,Sh%,xG,3,-0.096,0.026
656,G,A1,P1/GP,P/GP,0,0.127,0.025
657,G,A1,P1/GP,P/GP,1,0.127,0.025
658,G,A1,P1/GP,P/GP,2,0.127,0.025
659,G,A1,P1/GP,P/GP,3,0.127,0.025
1408,G,A2,Sh,xG,0,0.114,0.025
1409,G,A2,Sh,xG,1,0.114,0.025
1410,G,A2,Sh,xG,2,0.114,0.025
1411,G,A2,Sh,xG,3,0.114,0.025
1732,G,A2,A2/GP,MD Sh%,0,0.088,0.024
1733,G,A2,A2/GP,MD Sh%,1,0.088,0.024
1734,G,A2,A2/GP,MD Sh%,2,0.088,0.024
1735,G,A2,A2/GP,MD Sh%,3,0.088,0.024
1924,G,A2,Sh/GP,LD Sh%,0,-0.099,0.024
1925,G,A2,Sh/GP,LD Sh%,1,-0.099,0.024
1926,G,A2,Sh/GP,LD Sh%,2,-0.099,0.024
1927,G,A2,Sh/GP,LD Sh%,3,-0.099,0.024
1240,G,A2,P1,xG/GP,0,0.173,0.023
1241,G,A2,P1,xG/GP,1,0.173,0.023
1242,G,A2,P1,xG/GP,2,0.173,0.023
1243,G,A2,P1,xG/GP,3,0.173,0.023
1292,G,A2,P,Sh,0,0.128,0.022
1293,G,A2,P,Sh,1,0.128,0.022
1294,G,A2,P,Sh,2,0.128,0.022
1295,G,A2,P,Sh,3,0.128,0.022
1352,G,A2,P,MD Sh%,0,0.079,0.022
1353,G,A2,P,MD Sh%,1,0.079,0.022
1354,G,A2,P,MD Sh%,2,0.079,0.022
1355,G,A2,P,MD Sh%,3,0.079,0.022
1644,G,A2,A1/GP,HD G,0,0.142,0.021
1645,G,A2,A1/GP,HD G,1,0.142,0.021
1646,G,A2,A1/GP,HD G,2,0.142,0.021
1647,G,A2,A1/GP,HD G,3,0.142,0.021
1648,G,A2,A1/GP,HD Sh,0,0.142,0.021
1649,G,A2,A1/GP,HD Sh,1,0.142,0.021
1650,G,A2,A1/GP,HD Sh,2,0.142,0.021
1651,G,A2,A1/GP,HD Sh,3,0.142,0.021
1656,G,A2,A1/GP,MD G,0,0.142,0.021
1657,G,A2,A1/GP,MD G,1,0.142,0.021
1658,G,A2,A1/GP,MD G,2,0.142,0.021
1659,G,A2,A1/GP,MD G,3,0.142,0.021
1660,G,A2,A1/GP,MD Sh,0,0.142,0.021
1661,G,A2,A1/GP,MD Sh,1,0.142,0.021
1662,G,A2,A1/GP,MD Sh,2,0.142,0.021
1663,G,A2,A1/GP,MD Sh,3,0.142,0.021
1668,G,A2,A1/GP,LD G,0,0.142,0.021
1669,G,A2,A1/GP,LD G,1,0.142,0.021
1670,G,A2,A1/GP,LD G,2,0.142,0.021
1671,G,A2,A1/GP,LD G,3,0.142,0.021
1672,G,A2,A1/GP,LD Sh,0,0.142,0.021
1673,G,A2,A1/GP,LD Sh,1,0.142,0.021
1674,G,A2,A1/GP,LD Sh,2,0.142,0.021
1675,G,A2,A1/GP,LD Sh,3,0.142,0.021
728,G,A1,P/GP,xG/GP,0,0.098,0.021
729,G,A1,P/GP,xG/GP,1,0.098,0.021
730,G,A1,P/GP,xG/GP,2,0.098,0.021
731,G,A1,P/GP,xG/GP,3,0.098,0.021
1676,G,A2,A1/GP,LD Sh%,0,0.097,0.021
1677,G,A2,A1/GP,LD Sh%,1,0.097,0.021
1678,G,A2,A1/GP,LD Sh%,2,0.097,0.021
1679,G,A2,A1/GP,LD Sh%,3,0.097,0.021
416,G,A1,Sh%,LD G,0,0.078,0.021
417,G,A1,Sh%,LD G,1,0.078,0.021
418,G,A1,Sh%,LD G,2,0.078,0.021
419,G,A1,Sh%,LD G,3,0.078,0.021
508,G,A1,G/GP,FOT,0,0.098,0.02
509,G,A1,G/GP,FOT,1,0.098,0.02
510,G,A1,G/GP,FOT,2,0.098,0.02
511,G,A1,G/GP,FOT,3,0.098,0.02
1624,G,A2,A1/GP,P1/GP,0,0.104,0.019
1625,G,A2,A1/GP,P1/GP,1,0.104,0.019
1626,G,A2,A1/GP,P1/GP,2,0.104,0.019
1627,G,A2,A1/GP,P1/GP,3,0.104,0.019
216,G,A1,P,Sh/GP,0,0.101,0.019
217,G,A1,P,Sh/GP,1,0.101,0.019
218,G,A1,P,Sh/GP,2,0.101,0.019
219,G,A1,P,Sh/GP,3,0.101,0.019
1868,G,A2,P/GP,LD Sh%,0,0.087,0.019
1869,G,A2,P/GP,LD Sh%,1,0.087,0.019
1870,G,A2,P/GP,LD Sh%,2,0.087,0.019
1871,G,A2,P/GP,LD Sh%,3,0.087,0.019
872,G,A1,xG,LD Sh%,0,0.123,0.018
873,G,A1,xG,LD Sh%,1,0.123,0.018
874,G,A1,xG,LD Sh%,2,0.123,0.018
875,G,A1,xG,LD Sh%,3,0.123,0.018
516,G,A1,A1/GP,A2/GP,0,0.091,0.018
517,G,A1,A1/GP,A2/GP,1,0.091,0.018
518,G,A1,A1/GP,A2/GP,2,0.091,0.018
519,G,A1,A1/GP,A2/GP,3,0.091,0.018
8,G,A1,A2,Sh,0,-0.128,0.018
9,G,A1,A2,Sh,1,-0.128,0.018
10,G,A1,A2,Sh,2,-0.128,0.018
11,G,A1,A2,Sh,3,-0.128,0.018
936,G,A1,HD G,HD Sh,0,0.1,0.017
937,G,A1,HD G,HD Sh,1,0.1,0.017
938,G,A1,HD G,HD Sh,2,0.1,0.017
939,G,A1,HD G,HD Sh,3,0.1,0.017
944,G,A1,HD G,MD G,0,0.1,0.017
945,G,A1,HD G,MD G,1,0.1,0.017
946,G,A1,HD G,MD G,2,0.1,0.017
947,G,A1,HD G,MD G,3,0.1,0.017
948,G,A1,HD G,MD Sh,0,0.1,0.017
949,G,A1,HD G,MD Sh,1,0.1,0.017
950,G,A1,HD G,MD Sh,2,0.1,0.017
951,G,A1,HD G,MD Sh,3,0.1,0.017
956,G,A1,HD G,LD G,0,0.1,0.017
957,G,A1,HD G,LD G,1,0.1,0.017
958,G,A1,HD G,LD G,2,0.1,0.017
959,G,A1,HD G,LD G,3,0.1,0.017
960,G,A1,HD G,LD Sh,0,0.1,0.017
961,G,A1,HD G,LD Sh,1,0.1,0.017
962,G,A1,HD G,LD Sh,2,0.1,0.017
963,G,A1,HD G,LD Sh,3,0.1,0.017
984,G,A1,HD Sh,MD G,0,0.1,0.017
985,G,A1,HD Sh,MD G,1,0.1,0.017
986,G,A1,HD Sh,MD G,2,0.1,0.017
987,G,A1,HD Sh,MD G,3,0.1,0.017
988,G,A1,HD Sh,MD Sh,0,0.1,0.017
989,G,A1,HD Sh,MD Sh,1,0.1,0.017
990,G,A1,HD Sh,MD Sh,2,0.1,0.017
991,G,A1,HD Sh,MD Sh,3,0.1,0.017
996,G,A1,HD Sh,LD G,0,0.1,0.017
997,G,A1,HD Sh,LD G,1,0.1,0.017
998,G,A1,HD Sh,LD G,2,0.1,0.017
999,G,A1,HD Sh,LD G,3,0.1,0.017
1000,G,A1,HD Sh,LD Sh,0,0.1,0.017
1001,G,A1,HD Sh,LD Sh,1,0.1,0.017
1002,G,A1,HD Sh,LD Sh,2,0.1,0.017
1003,G,A1,HD Sh,LD Sh,3,0.1,0.017
1056,G,A1,MD G,MD Sh,0,0.1,0.017
1057,G,A1,MD G,MD Sh,1,0.1,0.017
1058,G,A1,MD G,MD Sh,2,0.1,0.017
1059,G,A1,MD G,MD Sh,3,0.1,0.017
1064,G,A1,MD G,LD G,0,0.1,0.017
1065,G,A1,MD G,LD G,1,0.1,0.017
1066,G,A1,MD G,LD G,2,0.1,0.017
1067,G,A1,MD G,LD G,3,0.1,0.017
1068,G,A1,MD G,LD Sh,0,0.1,0.017
1069,G,A1,MD G,LD Sh,1,0.1,0.017
1070,G,A1,MD G,LD Sh,2,0.1,0.017
1071,G,A1,MD G,LD Sh,3,0.1,0.017
1092,G,A1,MD Sh,LD G,0,0.1,0.017
1093,G,A1,MD Sh,LD G,1,0.1,0.017
1094,G,A1,MD Sh,LD G,2,0.1,0.017
1095,G,A1,MD Sh,LD G,3,0.1,0.017
1096,G,A1,MD Sh,LD Sh,0,0.1,0.017
1097,G,A1,MD Sh,LD Sh,1,0.1,0.017
1098,G,A1,MD Sh,LD Sh,2,0.1,0.017
1099,G,A1,MD Sh,LD Sh,3,0.1,0.017
1140,G,A1,LD G,LD Sh,0,0.1,0.017
1141,G,A1,LD G,LD Sh,1,0.1,0.017
1142,G,A1,LD G,LD Sh,2,0.1,0.017
1143,G,A1,LD G,LD Sh,3,0.1,0.017
400,G,A1,Sh%,HD Sh%,0,0.091,0.017
401,G,A1,Sh%,HD Sh%,1,0.091,0.017
402,G,A1,Sh%,HD Sh%,2,0.091,0.017
403,G,A1,Sh%,HD Sh%,3,0.091,0.017
2024,G,A2,xG/GP,LD Sh%,0,-0.089,0.017
2025,G,A2,xG/GP,LD Sh%,1,-0.089,0.017
2026,G,A2,xG/GP,LD Sh%,2,-0.089,0.017
2027,G,A2,xG/GP,LD Sh%,3,-0.089,0.017
1652,G,A2,A1/GP,HD Sh%,0,-0.128,0.016
1653,G,A2,A1/GP,HD Sh%,1,-0.128,0.016
1654,G,A2,A1/GP,HD Sh%,2,-0.128,0.016
1655,G,A2,A1/GP,HD Sh%,3,-0.128,0.016
1604,G,A2,G/GP,LD Sh%,0,0.079,0.014
1605,G,A2,G/GP,LD Sh%,1,0.079,0.014
1606,G,A2,G/GP,LD Sh%,2,0.079,0.014
1607,G,A2,G/GP,LD Sh%,3,0.079,0.014
740,G,A1,P/GP,HD Sh%,0,-0.122,0.013
741,G,A1,P/GP,HD Sh%,1,-0.122,0.013
742,G,A1,P/GP,HD Sh%,2,-0.122,0.013
743,G,A1,P/GP,HD Sh%,3,-0.122,0.013
1764,G,A2,P1/GP,Sh/GP,0,-0.069,0.012
1765,G,A2,P1/GP,Sh/GP,1,-0.069,0.012
1766,G,A2,P1/GP,Sh/GP,2,-0.069,0.012
1767,G,A2,P1/GP,Sh/GP,3,-0.069,0.012
1252,G,A2,P1,HD Sh%,0,-0.122,0.012
1253,G,A2,P1,HD Sh%,1,-0.122,0.012
1254,G,A2,P1,HD Sh%,2,-0.122,0.012
1255,G,A2,P1,HD Sh%,3,-0.122,0.012
600,G,A1,A2/GP,xG,0,0.082,0.011
601,G,A1,A2/GP,xG,1,0.082,0.011
602,G,A1,A2/GP,xG,2,0.082,0.011
603,G,A1,A2/GP,xG,3,0.082,0.011
80,G,A1,A2,LD Sh%,0,0.076,0.01
81,G,A1,A2,LD Sh%,1,0.076,0.01
82,G,A1,A2,LD Sh%,2,0.076,0.01
83,G,A1,A2,LD Sh%,3,0.076,0.01
1560,G,A2,G/GP,Sh/GP,0,-0.073,0.01
1561,G,A2,G/GP,Sh/GP,1,-0.073,0.01
1562,G,A2,G/GP,Sh/GP,2,-0.073,0.01
1563,G,A2,G/GP,Sh/GP,3,-0.073,0.01
40,G,A1,A2,xG,0,-0.089,0.01
41,G,A1,A2,xG,1,-0.089,0.01
42,G,A1,A2,xG,2,-0.089,0.01
43,G,A1,A2,xG,3,-0.089,0.01
372,G,A1,Sh%,P1/GP,0,0.063,0.009
373,G,A1,Sh%,P1/GP,1,0.063,0.009
374,G,A1,Sh%,P1/GP,2,0.063,0.009
375,G,A1,Sh%,P1/GP,3,0.063,0.009
1276,G,A2,P1,LD Sh%,0,0.055,0.009
1277,G,A2,P1,LD Sh%,1,0.055,0.009
1278,G,A2,P1,LD Sh%,2,0.055,0.009
1279,G,A2,P1,LD Sh%,3,0.055,0.009
832,G,A1,Sh/GP,FOW%,0,0.104,0.008
833,G,A1,Sh/GP,FOW%,1,0.104,0.008
834,G,A1,Sh/GP,FOW%,2,0.104,0.008
835,G,A1,Sh/GP,FOW%,3,0.104,0.008
1640,G,A2,A1/GP,xG/GP,0,0.065,0.008
1641,G,A2,A1/GP,xG/GP,1,0.065,0.008
1642,G,A2,A1/GP,xG/GP,2,0.065,0.008
1643,G,A2,A1/GP,xG/GP,3,0.065,0.008
176,G,A1,P1,FOW,0,0.06,0.008
177,G,A1,P1,FOW,1,0.06,0.008
178,G,A1,P1,FOW,2,0.06,0.008
179,G,A1,P1,FOW,3,0.06,0.008
188,G,A1,P,Sh,0,-0.075,0.008
189,G,A1,P,Sh,1,-0.075,0.008
190,G,A1,P,Sh,2,-0.075,0.008
191,G,A1,P,Sh,3,-0.075,0.008
56,G,A1,A2,HD Sh%,0,-0.055,0.007
57,G,A1,A2,HD Sh%,1,-0.055,0.007
58,G,A1,A2,HD Sh%,2,-0.055,0.007
59,G,A1,A2,HD Sh%,3,-0.055,0.007
28,G,A1,A2,P1/GP,0,0.06,0.006
29,G,A1,A2,P1/GP,1,0.06,0.006
30,G,A1,A2,P1/GP,2,0.06,0.006
31,G,A1,A2,P1/GP,3,0.06,0.006
384,G,A1,Sh%,xG,0,0.046,0.006
385,G,A1,Sh%,xG,1,0.046,0.006
386,G,A1,Sh%,xG,2,0.046,0.006
387,G,A1,Sh%,xG,3,0.046,0.006
2056,G,A2,HD G,MD Sh%,0,-0.038,0.006
2057,G,A2,HD G,MD Sh%,1,-0.038,0.006
2058,G,A2,HD G,MD Sh%,2,-0.038,0.006
2059,G,A2,HD G,MD Sh%,3,-0.038,0.006
2096,G,A2,HD Sh,MD Sh%,0,-0.038,0.006
2097,G,A2,HD Sh,MD Sh%,1,-0.038,0.006
2098,G,A2,HD Sh,MD Sh%,2,-0.038,0.006
2099,G,A2,HD Sh,MD Sh%,3,-0.038,0.006
2164,G,A2,MD G,MD Sh%,0,-0.038,0.006
2165,G,A2,MD G,MD Sh%,1,-0.038,0.006
2166,G,A2,MD G,MD Sh%,2,-0.038,0.006
2167,G,A2,MD G,MD Sh%,3,-0.038,0.006
2192,G,A2,MD Sh,MD Sh%,0,-0.038,0.006
2193,G,A2,MD Sh,MD Sh%,1,-0.038,0.006
2194,G,A2,MD Sh,MD Sh%,2,-0.038,0.006
2195,G,A2,MD Sh,MD Sh%,3,-0.038,0.006
2220,G,A2,MD Sh%,LD G,0,-0.038,0.006
2221,G,A2,MD Sh%,LD G,1,-0.038,0.006
2222,G,A2,MD Sh%,LD G,2,-0.038,0.006
2223,G,A2,MD Sh%,LD G,3,-0.038,0.006
2224,G,A2,MD Sh%,LD Sh,0,-0.038,0.006
2225,G,A2,MD Sh%,LD Sh,1,-0.038,0.006
2226,G,A2,MD Sh%,LD Sh,2,-0.038,0.006
2227,G,A2,MD Sh%,LD Sh,3,-0.038,0.006
368,G,A1,Sh%,A2/GP,0,-0.045,0.006
369,G,A1,Sh%,A2/GP,1,-0.045,0.006
370,G,A1,Sh%,A2/GP,2,-0.045,0.006
371,G,A1,Sh%,A2/GP,3,-0.045,0.006
1976,G,A2,xG,LD Sh%,0,-0.057,0.006
1977,G,A2,xG,LD Sh%,1,-0.057,0.006
1978,G,A2,xG,LD Sh%,2,-0.057,0.006
1979,G,A2,xG,LD Sh%,3,-0.057,0.006
2080,G,A2,HD G,FOW%,0,0.079,0.005
2081,G,A2,HD G,FOW%,1,0.079,0.005
2082,G,A2,HD G,FOW%,2,0.079,0.005
2083,G,A2,HD G,FOW%,3,0.079,0.005
2120,G,A2,HD Sh,FOW%,0,0.079,0.005
2121,G,A2,HD Sh,FOW%,1,0.079,0.005
2122,G,A2,HD Sh,FOW%,2,0.079,0.005
2123,G,A2,HD Sh,FOW%,3,0.079,0.005
2188,G,A2,MD G,FOW%,0,0.079,0.005
2189,G,A2,MD G,FOW%,1,0.079,0.005
2190,G,A2,MD G,FOW%,2,0.079,0.005
2191,G,A2,MD G,FOW%,3,0.079,0.005
2216,G,A2,MD Sh,FOW%,0,0.079,0.005
2217,G,A2,MD Sh,FOW%,1,0.079,0.005
2218,G,A2,MD Sh,FOW%,2,0.079,0.005
2219,G,A2,MD Sh,FOW%,3,0.079,0.005
2260,G,A2,LD G,FOW%,0,0.079,0.005
2261,G,A2,LD G,FOW%,1,0.079,0.005
2262,G,A2,LD G,FOW%,2,0.079,0.005
2263,G,A2,LD G,FOW%,3,0.079,0.005
2276,G,A2,LD Sh,FOW%,0,0.079,0.005
2277,G,A2,LD Sh,FOW%,1,0.079,0.005
2278,G,A2,LD Sh,FOW%,2,0.079,0.005
2279,G,A2,LD Sh,FOW%,3,0.079,0.005
16,G,A1,A2,G/GP,0,0.06,0.005
17,G,A1,A2,G/GP,1,0.06,0.005
18,G,A1,A2,G/GP,2,0.06,0.005
19,G,A1,A2,G/GP,3,0.06,0.005
1696,G,A2,A2/GP,P/GP,0,0.058,0.005
1697,G,A2,A2/GP,P/GP,1,0.058,0.005
1698,G,A2,A2/GP,P/GP,2,0.058,0.005
1699,G,A2,A2/GP,P/GP,3,0.058,0.005
88,G,A1,A2,FOT,0,0.041,0.005
89,G,A1,A2,FOT,1,0.041,0.005
90,G,A1,A2,FOT,2,0.041,0.005
91,G,A1,A2,FOT,3,0.041,0.005
2000,G,A2,xG/GP,HD Sh%,0,0.037,0.005
2001,G,A2,xG/GP,HD Sh%,1,0.037,0.005
2002,G,A2,xG/GP,HD Sh%,2,0.037,0.005
2003,G,A2,xG/GP,HD Sh%,3,0.037,0.005
412,G,A1,Sh%,MD Sh%,0,-0.046,0.005
413,G,A1,Sh%,MD Sh%,1,-0.046,0.005
414,G,A1,Sh%,MD Sh%,2,-0.046,0.005
415,G,A1,Sh%,MD Sh%,3,-0.046,0.005
1300,G,A2,P,G/GP,0,0.045,0.004
1301,G,A2,P,G/GP,1,0.045,0.004
1302,G,A2,P,G/GP,2,0.045,0.004
1303,G,A2,P,G/GP,3,0.045,0.004
1992,G,A2,xG/GP,HD G,0,-0.042,0.004
1993,G,A2,xG/GP,HD G,1,-0.042,0.004
1994,G,A2,xG/GP,HD G,2,-0.042,0.004
1995,G,A2,xG/GP,HD G,3,-0.042,0.004
1996,G,A2,xG/GP,HD Sh,0,-0.042,0.004
1997,G,A2,xG/GP,HD Sh,1,-0.042,0.004
1998,G,A2,xG/GP,HD Sh,2,-0.042,0.004
1999,G,A2,xG/GP,HD Sh,3,-0.042,0.004
2004,G,A2,xG/GP,MD G,0,-0.042,0.004
2005,G,A2,xG/GP,MD G,1,-0.042,0.004
2006,G,A2,xG/GP,MD G,2,-0.042,0.004
2007,G,A2,xG/GP,MD G,3,-0.042,0.004
2008,G,A2,xG/GP,MD Sh,0,-0.042,0.004
2009,G,A2,xG/GP,MD Sh,1,-0.042,0.004
2010,G,A2,xG/GP,MD Sh,2,-0.042,0.004
2011,G,A2,xG/GP,MD Sh,3,-0.042,0.004
2016,G,A2,xG/GP,LD G,0,-0.042,0.004
2017,G,A2,xG/GP,LD G,1,-0.042,0.004
2018,G,A2,xG/GP,LD G,2,-0.042,0.004
2019,G,A2,xG/GP,LD G,3,-0.042,0.004
2020,G,A2,xG/GP,LD Sh,0,-0.042,0.004
2021,G,A2,xG/GP,LD Sh,1,-0.042,0.004
2022,G,A2,xG/GP,LD Sh,2,-0.042,0.004
2023,G,A2,xG/GP,LD Sh,3,-0.042,0.004
1196,G,A1,FOT,FOW%,0,0.055,0.002
1197,G,A1,FOT,FOW%,1,0.055,0.002
1198,G,A1,FOT,FOW%,2,0.055,0.002
1199,G,A1,FOT,FOW%,3,0.055,0.002
1232,G,A2,P1,Sh/GP,0,0.035,0.002
1233,G,A2,P1,Sh/GP,1,0.035,0.002
1234,G,A2,P1,Sh/GP,2,0.035,0.002
1235,G,A2,P1,Sh/GP,3,0.035,0.002
1580,G,A2,G/GP,HD Sh%,0,-0.024,0.002
1581,G,A2,G/GP,HD Sh%,1,-0.024,0.002
1582,G,A2,G/GP,HD Sh%,2,-0.024,0.002
1583,G,A2,G/GP,HD Sh%,3,-0.024,0.002
92,G,A1,A2,FOW%,0,0.032,0.001
93,G,A1,A2,FOW%,1,0.032,0.001
94,G,A1,A2,FOW%,2,0.032,0.001
95,G,A1,A2,FOW%,3,0.032,0.001
272,G,A1,P,FOW%,0,0.032,0.001
273,G,A1,P,FOW%,1,0.032,0.001
274,G,A1,P,FOW%,2,0.032,0.001
275,G,A1,P,FOW%,3,0.032,0.001
356,G,A1,Sh,FOW%,0,0.032,0.001
357,G,A1,Sh,FOW%,1,0.032,0.001
358,G,A1,Sh,FOW%,2,0.032,0.001
359,G,A1,Sh,FOW%,3,0.032,0.001
652,G,A1,A2/GP,FOW%,0,0.032,0.001
653,G,A1,A2/GP,FOW%,1,0.032,0.001
654,G,A1,A2/GP,FOW%,2,0.032,0.001
655,G,A1,A2/GP,FOW%,3,0.032,0.001
776,G,A1,P/GP,FOW%,0,0.032,0.001
777,G,A1,P/GP,FOW%,1,0.032,0.001
778,G,A1,P/GP,FOW%,2,0.032,0.001
779,G,A1,P/GP,FOW%,3,0.032,0.001
1312,G,A2,P,P1/GP,0,0.025,0.001
1313,G,A2,P,P1/GP,1,0.025,0.001
1314,G,A2,P,P1/GP,2,0.025,0.001
1315,G,A2,P,P1/GP,3,0.025,0.001
1628,G,A2,A1/GP,P/GP,0,0.025,0.001
1629,G,A2,A1/GP,P/GP,1,0.025,0.001
1630,G,A2,A1/GP,P/GP,2,0.025,0.001
1631,G,A2,A1/GP,P/GP,3,0.025,0.001
308,G,A1,Sh,xG/GP,0,0.022,0.001
309,G,A1,Sh,xG/GP,1,0.022,0.001
310,G,A1,Sh,xG/GP,2,0.022,0.001
311,G,A1,Sh,xG/GP,3,0.022,0.001
1384,G,A2,Sh,G/GP,0,0.018,0.001
1385,G,A2,Sh,G/GP,1,0.018,0.001
1386,G,A2,Sh,G/GP,2,0.018,0.001
1387,G,A2,Sh,G/GP,3,0.018,0.001
780,G,A1,Sh/GP,xG,0,-0.018,0.001
781,G,A1,Sh/GP,xG,1,-0.018,0.001
782,G,A1,Sh/GP,xG,2,-0.018,0.001
783,G,A1,Sh/GP,xG,3,-0.018,0.001
1504,G,A2,Sh%,HD Sh%,0,-0.018,0.001
1505,G,A2,Sh%,HD Sh%,1,-0.018,0.001
1506,G,A2,Sh%,HD Sh%,2,-0.018,0.001
1507,G,A2,Sh%,HD Sh%,3,-0.018,0.001
1544,G,A2,G/GP,A1/GP,0,-0.019,0.001
1545,G,A2,G/GP,A1/GP,1,-0.019,0.001
1546,G,A2,G/GP,A1/GP,2,-0.019,0.001
1547,G,A2,G/GP,A1/GP,3,-0.019,0.001
360,G,A1,Sh%,G/GP,0,-0.024,0.001
361,G,A1,Sh%,G/GP,1,-0.024,0.001
362,G,A1,Sh%,G/GP,2,-0.024,0.001
363,G,A1,Sh%,G/GP,3,-0.024,0.001
1776,G,A2,P1/GP,HD G,0,-0.024,0.001
1777,G,A2,P1/GP,HD G,1,-0.024,0.001
1778,G,A2,P1/GP,HD G,2,-0.024,0.001
1779,G,A2,P1/GP,HD G,3,-0.024,0.001
1780,G,A2,P1/GP,HD Sh,0,-0.024,0.001
1781,G,A2,P1/GP,HD Sh,1,-0.024,0.001
1782,G,A2,P1/GP,HD Sh,2,-0.024,0.001
1783,G,A2,P1/GP,HD Sh,3,-0.024,0.001
1788,G,A2,P1/GP,MD G,0,-0.024,0.001
1789,G,A2,P1/GP,MD G,1,-0.024,0.001
1790,G,A2,P1/GP,MD G,2,-0.024,0.001
1791,G,A2,P1/GP,MD G,3,-0.024,0.001
1792,G,A2,P1/GP,MD Sh,0,-0.024,0.001
1793,G,A2,P1/GP,MD Sh,1,-0.024,0.001
1794,G,A2,P1/GP,MD Sh,2,-0.024,0.001
1795,G,A2,P1/GP,MD Sh,3,-0.024,0.001
1800,G,A2,P1/GP,LD G,0,-0.024,0.001
1801,G,A2,P1/GP,LD G,1,-0.024,0.001
1802,G,A2,P1/GP,LD G,2,-0.024,0.001
1803,G,A2,P1/GP,LD G,3,-0.024,0.001
1804,G,A2,P1/GP,LD Sh,0,-0.024,0.001
1805,G,A2,P1/GP,LD Sh,1,-0.024,0.001
1806,G,A2,P1/GP,LD Sh,2,-0.024,0.001
1807,G,A2,P1/GP,LD Sh,3,-0.024,0.001
184,G,A1,P1,FOW%,0,0.008,0.0
185,G,A1,P1,FOW%,1,0.008,0.0
186,G,A1,P1,FOW%,2,0.008,0.0
187,G,A1,P1,FOW%,3,0.008,0.0
512,G,A1,G/GP,FOW%,0,0.008,0.0
513,G,A1,G/GP,FOW%,1,0.008,0.0
514,G,A1,G/GP,FOW%,2,0.008,0.0
515,G,A1,G/GP,FOW%,3,0.008,0.0
1568,G,A2,G/GP,xG/GP,0,0.005,0.0
1569,G,A2,G/GP,xG/GP,1,0.005,0.0
1570,G,A2,G/GP,xG/GP,2,0.005,0.0
1571,G,A2,G/GP,xG/GP,3,0.005,0.0
1316,G,A2,P,P/GP,0,-0.003,0.0
1317,G,A2,P,P/GP,1,-0.003,0.0
1318,G,A2,P,P/GP,2,-0.003,0.0
1319,G,A2,P,P/GP,3,-0.003,0.0
36,G,A1,A2,Sh/GP,0,-0.007,0.0
37,G,A1,A2,Sh/GP,1,-0.007,0.0
38,G,A1,A2,Sh/GP,2,-0.007,0.0
39,G,A1,A2,Sh/GP,3,-0.007,0.0
